instance,m,rho,position,aircraft_j
airland13,1,1,1,0
airland13,1,1,2,2
airland13,1,1,3,3
airland13,1,1,4,1
airland13,1,1,5,4
airland13,1,1,6,5
airland13,1,1,7,6
airland13,1,1,8,7
airland13,1,1,9,8
airland13,1,1,10,9
airland13,1,1,11,10
airland13,1,1,12,11
airland13,1,1,13,12
airland13,1,1,14,14
airland13,1,1,15,15
airland13,1,1,16,17
airland13,1,1,17,13
airland13,1,1,18,18
airland13,1,1,19,16
airland13,1,1,20,19
airland13,1,1,21,21
airland13,1,1,22,22
airland13,1,1,23,23
airland13,1,1,24,24
airland13,1,1,25,20
airland13,1,1,26,25
airland13,1,1,27,26
airland13,1,1,28,27
airland13,1,1,29,28
airland13,1,1,30,29
airland13,1,1,31,30
airland13,1,1,32,31
airland13,1,1,33,32
airland13,1,1,34,33
airland13,1,1,35,34
airland13,1,1,36,35
airland13,1,1,37,36
airland13,1,1,38,38
airland13,1,1,39,39
airland13,1,1,40,37
airland13,1,1,41,40
airland13,1,1,42,41
airland13,1,1,43,43
airland13,1,1,44,44
airland13,1,1,45,45
airland13,1,1,46,46
airland13,1,1,47,42
airland13,1,1,48,47
airland13,1,1,49,48
airland13,1,1,50,50
airland13,1,1,51,49
airland13,1,1,52,51
airland13,1,1,53,52
airland13,1,1,54,53
airland13,1,1,55,54
airland13,1,1,56,55
airland13,1,1,57,58
airland13,1,1,58,56
airland13,1,1,59,59
airland13,1,1,60,62
airland13,1,1,61,57
airland13,1,1,62,61
airland13,1,1,63,60
airland13,1,1,64,63
airland13,1,1,65,64
airland13,1,1,66,65
airland13,1,1,67,66
airland13,1,1,68,67
airland13,1,1,69,68
airland13,1,1,70,70
airland13,1,1,71,71
airland13,1,1,72,69
airland13,1,1,73,73
airland13,1,1,74,74
airland13,1,1,75,72
airland13,1,1,76,75
airland13,1,1,77,76
airland13,1,1,78,77
airland13,1,1,79,78
airland13,1,1,80,79
airland13,1,1,81,80
airland13,1,1,82,81
airland13,1,1,83,82
airland13,1,1,84,83
airland13,1,1,85,84
airland13,1,1,86,85
airland13,1,1,87,86
airland13,1,1,88,87
airland13,1,1,89,88
airland13,1,1,90,89
airland13,1,1,91,90
airland13,1,1,92,91
airland13,1,1,93,93
airland13,1,1,94,94
airland13,1,1,95,95
airland13,1,1,96,92
airland13,1,1,97,96
airland13,1,1,98,98
airland13,1,1,99,99
airland13,1,1,100,97
airland13,1,1,101,100
airland13,1,1,102,101
airland13,1,1,103,102
airland13,1,1,104,103
airland13,1,1,105,104
airland13,1,1,106,106
airland13,1,1,107,105
airland13,1,1,108,107
airland13,1,1,109,108
airland13,1,1,110,111
airland13,1,1,111,112
airland13,1,1,112,109
airland13,1,1,113,114
airland13,1,1,114,113
airland13,1,1,115,110
airland13,1,1,116,115
airland13,1,1,117,118
airland13,1,1,118,120
airland13,1,1,119,117
airland13,1,1,120,116
airland13,1,1,121,119
airland13,1,1,122,121
airland13,1,1,123,122
airland13,1,1,124,124
airland13,1,1,125,123
airland13,1,1,126,127
airland13,1,1,127,125
airland13,1,1,128,130
airland13,1,1,129,126
airland13,1,1,130,128
airland13,1,1,131,131
airland13,1,1,132,129
airland13,1,1,133,132
airland13,1,1,134,134
airland13,1,1,135,133
airland13,1,1,136,136
airland13,1,1,137,137
airland13,1,1,138,135
airland13,1,1,139,138
airland13,1,1,140,139
airland13,1,1,141,141
airland13,1,1,142,140
airland13,1,1,143,142
airland13,1,1,144,143
airland13,1,1,145,144
airland13,1,1,146,145
airland13,1,1,147,148
airland13,1,1,148,146
airland13,1,1,149,150
airland13,1,1,150,147
airland13,1,1,151,149
airland13,1,1,152,151
airland13,1,1,153,152
airland13,1,1,154,153
airland13,1,1,155,154
airland13,1,1,156,155
airland13,1,1,157,156
airland13,1,1,158,157
airland13,1,1,159,158
airland13,1,1,160,159
airland13,1,1,161,160
airland13,1,1,162,161
airland13,1,1,163,162
airland13,1,1,164,164
airland13,1,1,165,163
airland13,1,1,166,165
airland13,1,1,167,166
airland13,1,1,168,167
airland13,1,1,169,168
airland13,1,1,170,170
airland13,1,1,171,169
airland13,1,1,172,171
airland13,1,1,173,172
airland13,1,1,174,173
airland13,1,1,175,174
airland13,1,1,176,176
airland13,1,1,177,177
airland13,1,1,178,178
airland13,1,1,179,175
airland13,1,1,180,179
airland13,1,1,181,180
airland13,1,1,182,182
airland13,1,1,183,181
airland13,1,1,184,183
airland13,1,1,185,184
airland13,1,1,186,185
airland13,1,1,187,187
airland13,1,1,188,186
airland13,1,1,189,189
airland13,1,1,190,190
airland13,1,1,191,188
airland13,1,1,192,191
airland13,1,1,193,192
airland13,1,1,194,193
airland13,1,1,195,194
airland13,1,1,196,196
airland13,1,1,197,195
airland13,1,1,198,197
airland13,1,1,199,198
airland13,1,1,200,199
airland13,1,1,201,200
airland13,1,1,202,201
airland13,1,1,203,203
airland13,1,1,204,202
airland13,1,1,205,204
airland13,1,1,206,205
airland13,1,1,207,206
airland13,1,1,208,208
airland13,1,1,209,209
airland13,1,1,210,211
airland13,1,1,211,210
airland13,1,1,212,207
airland13,1,1,213,215
airland13,1,1,214,217
airland13,1,1,215,214
airland13,1,1,216,213
airland13,1,1,217,212
airland13,1,1,218,216
airland13,1,1,219,219
airland13,1,1,220,218
airland13,1,1,221,221
airland13,1,1,222,222
airland13,1,1,223,220
airland13,1,1,224,224
airland13,1,1,225,223
airland13,1,1,226,225
airland13,1,1,227,228
airland13,1,1,228,229
airland13,1,1,229,227
airland13,1,1,230,230
airland13,1,1,231,233
airland13,1,1,232,232
airland13,1,1,233,226
airland13,1,1,234,231
airland13,1,1,235,235
airland13,1,1,236,236
airland13,1,1,237,238
airland13,1,1,238,239
airland13,1,1,239,241
airland13,1,1,240,234
airland13,1,1,241,237
airland13,1,1,242,242
airland13,1,1,243,240
airland13,1,1,244,243
airland13,1,1,245,244
airland13,1,1,246,245
airland13,1,1,247,247
airland13,1,1,248,246
airland13,1,1,249,248
airland13,1,1,250,249
airland13,1,1,251,250
airland13,1,1,252,252
airland13,1,1,253,251
airland13,1,1,254,256
airland13,1,1,255,255
airland13,1,1,256,257
airland13,1,1,257,254
airland13,1,1,258,253
airland13,1,1,259,258
airland13,1,1,260,259
airland13,1,1,261,260
airland13,1,1,262,261
airland13,1,1,263,262
airland13,1,1,264,265
airland13,1,1,265,264
airland13,1,1,266,263
airland13,1,1,267,267
airland13,1,1,268,268
airland13,1,1,269,270
airland13,1,1,270,266
airland13,1,1,271,269
airland13,1,1,272,271
airland13,1,1,273,272
airland13,1,1,274,273
airland13,1,1,275,274
airland13,1,1,276,275
airland13,1,1,277,276
airland13,1,1,278,277
airland13,1,1,279,278
airland13,1,1,280,279
airland13,1,1,281,280
airland13,1,1,282,282
airland13,1,1,283,281
airland13,1,1,284,284
airland13,1,1,285,283
airland13,1,1,286,286
airland13,1,1,287,287
airland13,1,1,288,291
airland13,1,1,289,290
airland13,1,1,290,295
airland13,1,1,291,289
airland13,1,1,292,293
airland13,1,1,293,285
airland13,1,1,294,292
airland13,1,1,295,288
airland13,1,1,296,296
airland13,1,1,297,298
airland13,1,1,298,300
airland13,1,1,299,301
airland13,1,1,300,294
airland13,1,1,301,297
airland13,1,1,302,299
airland13,1,1,303,302
airland13,1,1,304,303
airland13,1,1,305,304
airland13,1,1,306,305
airland13,1,1,307,306
airland13,1,1,308,307
airland13,1,1,309,308
airland13,1,1,310,310
airland13,1,1,311,309
airland13,1,1,312,312
airland13,1,1,313,311
airland13,1,1,314,313
airland13,1,1,315,315
airland13,1,1,316,316
airland13,1,1,317,317
airland13,1,1,318,320
airland13,1,1,319,318
airland13,1,1,320,319
airland13,1,1,321,314
airland13,1,1,322,322
airland13,1,1,323,321
airland13,1,1,324,323
airland13,1,1,325,324
airland13,1,1,326,325
airland13,1,1,327,326
airland13,1,1,328,327
airland13,1,1,329,328
airland13,1,1,330,330
airland13,1,1,331,329
airland13,1,1,332,332
airland13,1,1,333,333
airland13,1,1,334,331
airland13,1,1,335,334
airland13,1,1,336,335
airland13,1,1,337,337
airland13,1,1,338,338
airland13,1,1,339,336
airland13,1,1,340,342
airland13,1,1,341,340
airland13,1,1,342,344
airland13,1,1,343,343
airland13,1,1,344,339
airland13,1,1,345,341
airland13,1,1,346,345
airland13,1,1,347,346
airland13,1,1,348,347
airland13,1,1,349,348
airland13,1,1,350,349
airland13,1,1,351,350
airland13,1,1,352,352
airland13,1,1,353,353
airland13,1,1,354,354
airland13,1,1,355,355
airland13,1,1,356,351
airland13,1,1,357,356
airland13,1,1,358,357
airland13,1,1,359,358
airland13,1,1,360,360
airland13,1,1,361,361
airland13,1,1,362,359
airland13,1,1,363,363
airland13,1,1,364,364
airland13,1,1,365,362
airland13,1,1,366,365
airland13,1,1,367,366
airland13,1,1,368,367
airland13,1,1,369,368
airland13,1,1,370,370
airland13,1,1,371,371
airland13,1,1,372,374
airland13,1,1,373,372
airland13,1,1,374,369
airland13,1,1,375,375
airland13,1,1,376,376
airland13,1,1,377,373
airland13,1,1,378,379
airland13,1,1,379,382
airland13,1,1,380,378
airland13,1,1,381,381
airland13,1,1,382,385
airland13,1,1,383,383
airland13,1,1,384,377
airland13,1,1,385,389
airland13,1,1,386,388
airland13,1,1,387,384
airland13,1,1,388,380
airland13,1,1,389,386
airland13,1,1,390,387
airland13,1,1,391,391
airland13,1,1,392,390
airland13,1,1,393,392
airland13,1,1,394,393
airland13,1,1,395,394
airland13,1,1,396,396
airland13,1,1,397,397
airland13,1,1,398,395
airland13,1,1,399,399
airland13,1,1,400,398
airland13,1,1,401,400
airland13,1,1,402,401
airland13,1,1,403,402
airland13,1,1,404,403
airland13,1,1,405,405
airland13,1,1,406,407
airland13,1,1,407,404
airland13,1,1,408,406
airland13,1,1,409,412
airland13,1,1,410,408
airland13,1,1,411,410
airland13,1,1,412,411
airland13,1,1,413,413
airland13,1,1,414,409
airland13,1,1,415,414
airland13,1,1,416,415
airland13,1,1,417,416
airland13,1,1,418,417
airland13,1,1,419,420
airland13,1,1,420,418
airland13,1,1,421,419
airland13,1,1,422,423
airland13,1,1,423,422
airland13,1,1,424,421
airland13,1,1,425,426
airland13,1,1,426,425
airland13,1,1,427,424
airland13,1,1,428,427
airland13,1,1,429,428
airland13,1,1,430,429
airland13,1,1,431,430
airland13,1,1,432,431
airland13,1,1,433,432
airland13,1,1,434,433
airland13,1,1,435,434
airland13,1,1,436,435
airland13,1,1,437,437
airland13,1,1,438,440
airland13,1,1,439,441
airland13,1,1,440,438
airland13,1,1,441,436
airland13,1,1,442,442
airland13,1,1,443,439
airland13,1,1,444,443
airland13,1,1,445,444
airland13,1,1,446,445
airland13,1,1,447,446
airland13,1,1,448,448
airland13,1,1,449,447
airland13,1,1,450,449
airland13,1,1,451,450
airland13,1,1,452,451
airland13,1,1,453,452
airland13,1,1,454,453
airland13,1,1,455,455
airland13,1,1,456,454
airland13,1,1,457,456
airland13,1,1,458,457
airland13,1,1,459,458
airland13,1,1,460,459
airland13,1,1,461,460
airland13,1,1,462,461
airland13,1,1,463,463
airland13,1,1,464,464
airland13,1,1,465,462
airland13,1,1,466,465
airland13,1,1,467,466
airland13,1,1,468,467
airland13,1,1,469,468
airland13,1,1,470,469
airland13,1,1,471,470
airland13,1,1,472,471
airland13,1,1,473,472
airland13,1,1,474,473
airland13,1,1,475,475
airland13,1,1,476,474
airland13,1,1,477,477
airland13,1,1,478,476
airland13,1,1,479,478
airland13,1,1,480,479
airland13,1,1,481,480
airland13,1,1,482,481
airland13,1,1,483,482
airland13,1,1,484,483
airland13,1,1,485,485
airland13,1,1,486,488
airland13,1,1,487,486
airland13,1,1,488,490
airland13,1,1,489,491
airland13,1,1,490,487
airland13,1,1,491,484
airland13,1,1,492,496
airland13,1,1,493,497
airland13,1,1,494,494
airland13,1,1,495,489
airland13,1,1,496,492
airland13,1,1,497,493
airland13,1,1,498,498
airland13,1,1,499,495
airland13,1,1,500,499
airland13,2,1,1,1
airland13,2,1,2,5
airland13,2,1,3,7
airland13,2,1,4,9
airland13,2,1,5,11
airland13,2,1,6,13
airland13,2,1,7,15
airland13,2,1,8,16
airland13,2,1,9,18
airland13,2,1,10,21
airland13,2,1,11,23
airland13,2,1,12,26
airland13,2,1,13,30
airland13,2,1,14,36
airland13,2,1,15,37
airland13,2,1,16,39
airland13,2,1,17,40
airland13,2,1,18,43
airland13,2,1,19,44
airland13,2,1,20,46
airland13,2,1,21,48
airland13,2,1,22,50
airland13,2,1,23,51
airland13,2,1,24,53
airland13,2,1,25,57
airland13,2,1,26,60
airland13,2,1,27,61
airland13,2,1,28,62
airland13,2,1,29,65
airland13,2,1,30,67
airland13,2,1,31,70
airland13,2,1,32,71
airland13,2,1,33,72
airland13,2,1,34,74
airland13,2,1,35,77
airland13,2,1,36,80
airland13,2,1,37,82
airland13,2,1,38,83
airland13,2,1,39,85
airland13,2,1,40,86
airland13,2,1,41,89
airland13,2,1,42,91
airland13,2,1,43,93
airland13,2,1,44,95
airland13,2,1,45,97
airland13,2,1,46,99
airland13,2,1,47,100
airland13,2,1,48,102
airland13,2,1,49,104
airland13,2,1,50,105
airland13,2,1,51,110
airland13,2,1,52,112
airland13,2,1,53,114
airland13,2,1,54,115
airland13,2,1,55,117
airland13,2,1,56,118
airland13,2,1,57,120
airland13,2,1,58,121
airland13,2,1,59,123
airland13,2,1,60,125
airland13,2,1,61,126
airland13,2,1,62,128
airland13,2,1,63,129
airland13,2,1,64,132
airland13,2,1,65,134
airland13,2,1,66,136
airland13,2,1,67,141
airland13,2,1,68,143
airland13,2,1,69,146
airland13,2,1,70,147
airland13,2,1,71,149
airland13,2,1,72,151
airland13,2,1,73,152
airland13,2,1,74,154
airland13,2,1,75,155
airland13,2,1,76,158
airland13,2,1,77,160
airland13,2,1,78,163
airland13,2,1,79,167
airland13,2,1,80,168
airland13,2,1,81,170
airland13,2,1,82,173
airland13,2,1,83,175
airland13,2,1,84,178
airland13,2,1,85,182
airland13,2,1,86,184
airland13,2,1,87,186
airland13,2,1,88,189
airland13,2,1,89,192
airland13,2,1,90,193
airland13,2,1,91,195
airland13,2,1,92,197
airland13,2,1,93,200
airland13,2,1,94,202
airland13,2,1,95,204
airland13,2,1,96,206
airland13,2,1,97,208
airland13,2,1,98,212
airland13,2,1,99,213
airland13,2,1,100,216
airland13,2,1,101,218
airland13,2,1,102,220
airland13,2,1,103,223
airland13,2,1,104,225
airland13,2,1,105,228
airland13,2,1,106,227
airland13,2,1,107,230
airland13,2,1,108,232
airland13,2,1,109,234
airland13,2,1,110,235
airland13,2,1,111,236
airland13,2,1,112,239
airland13,2,1,113,240
airland13,2,1,114,243
airland13,2,1,115,245
airland13,2,1,116,247
airland13,2,1,117,248
airland13,2,1,118,250
airland13,2,1,119,252
airland13,2,1,120,255
airland13,2,1,121,254
airland13,2,1,122,259
airland13,2,1,123,261
airland13,2,1,124,263
airland13,2,1,125,265
airland13,2,1,126,266
airland13,2,1,127,268
airland13,2,1,128,269
airland13,2,1,129,271
airland13,2,1,130,273
airland13,2,1,131,275
airland13,2,1,132,278
airland13,2,1,133,279
airland13,2,1,134,281
airland13,2,1,135,283
airland13,2,1,136,285
airland13,2,1,137,288
airland13,2,1,138,287
airland13,2,1,139,293
airland13,2,1,140,295
airland13,2,1,141,296
airland13,2,1,142,290
airland13,2,1,143,292
airland13,2,1,144,301
airland13,2,1,145,304
airland13,2,1,146,306
airland13,2,1,147,308
airland13,2,1,148,310
airland13,2,1,149,312
airland13,2,1,150,314
airland13,2,1,151,317
airland13,2,1,152,320
airland13,2,1,153,321
airland13,2,1,154,325
airland13,2,1,155,328
airland13,2,1,156,331
airland13,2,1,157,334
airland13,2,1,158,336
airland13,2,1,159,337
airland13,2,1,160,339
airland13,2,1,161,341
airland13,2,1,162,343
airland13,2,1,163,345
airland13,2,1,164,347
airland13,2,1,165,350
airland13,2,1,166,352
airland13,2,1,167,354
airland13,2,1,168,356
airland13,2,1,169,357
airland13,2,1,170,359
airland13,2,1,171,361
airland13,2,1,172,364
airland13,2,1,173,366
airland13,2,1,174,368
airland13,2,1,175,369
airland13,2,1,176,371
airland13,2,1,177,374
airland13,2,1,178,375
airland13,2,1,179,377
airland13,2,1,180,380
airland13,2,1,181,381
airland13,2,1,182,383
airland13,2,1,183,386
airland13,2,1,184,387
airland13,2,1,185,390
airland13,2,1,186,392
airland13,2,1,187,393
airland13,2,1,188,395
airland13,2,1,189,397
airland13,2,1,190,399
airland13,2,1,191,400
airland13,2,1,192,401
airland13,2,1,193,404
airland13,2,1,194,405
airland13,2,1,195,409
airland13,2,1,196,406
airland13,2,1,197,412
airland13,2,1,198,415
airland13,2,1,199,416
airland13,2,1,200,421
airland13,2,1,201,422
airland13,2,1,202,423
airland13,2,1,203,424
airland13,2,1,204,426
airland13,2,1,205,428
airland13,2,1,206,430
airland13,2,1,207,432
airland13,2,1,208,434
airland13,2,1,209,436
airland13,2,1,210,439
airland13,2,1,211,438
airland13,2,1,212,445
airland13,2,1,213,446
airland13,2,1,214,448
airland13,2,1,215,450
airland13,2,1,216,452
airland13,2,1,217,455
airland13,2,1,218,456
airland13,2,1,219,458
airland13,2,1,220,460
airland13,2,1,221,461
airland13,2,1,222,463
airland13,2,1,223,464
airland13,2,1,224,465
airland13,2,1,225,467
airland13,2,1,226,470
airland13,2,1,227,471
airland13,2,1,228,473
airland13,2,1,229,475
airland13,2,1,230,476
airland13,2,1,231,479
airland13,2,1,232,482
airland13,2,1,233,484
airland13,2,1,234,486
airland13,2,1,235,490
airland13,2,1,236,491
airland13,2,1,237,487
airland13,2,1,238,496
airland13,2,1,239,498
airland13,2,1,240,499
airland13,2,2,1,0
airland13,2,2,2,2
airland13,2,2,3,3
airland13,2,2,4,4
airland13,2,2,5,6
airland13,2,2,6,8
airland13,2,2,7,10
airland13,2,2,8,12
airland13,2,2,9,14
airland13,2,2,10,17
airland13,2,2,11,19
airland13,2,2,12,20
airland13,2,2,13,22
airland13,2,2,14,24
airland13,2,2,15,25
airland13,2,2,16,27
airland13,2,2,17,28
airland13,2,2,18,29
airland13,2,2,19,31
airland13,2,2,20,32
airland13,2,2,21,33
airland13,2,2,22,34
airland13,2,2,23,35
airland13,2,2,24,38
airland13,2,2,25,41
airland13,2,2,26,42
airland13,2,2,27,45
airland13,2,2,28,47
airland13,2,2,29,49
airland13,2,2,30,52
airland13,2,2,31,54
airland13,2,2,32,55
airland13,2,2,33,58
airland13,2,2,34,56
airland13,2,2,35,59
airland13,2,2,36,63
airland13,2,2,37,64
airland13,2,2,38,66
airland13,2,2,39,68
airland13,2,2,40,69
airland13,2,2,41,73
airland13,2,2,42,75
airland13,2,2,43,76
airland13,2,2,44,78
airland13,2,2,45,79
airland13,2,2,46,81
airland13,2,2,47,84
airland13,2,2,48,87
airland13,2,2,49,88
airland13,2,2,50,90
airland13,2,2,51,92
airland13,2,2,52,94
airland13,2,2,53,96
airland13,2,2,54,98
airland13,2,2,55,101
airland13,2,2,56,103
airland13,2,2,57,106
airland13,2,2,58,107
airland13,2,2,59,108
airland13,2,2,60,111
airland13,2,2,61,109
airland13,2,2,62,113
airland13,2,2,63,116
airland13,2,2,64,119
airland13,2,2,65,122
airland13,2,2,66,124
airland13,2,2,67,127
airland13,2,2,68,130
airland13,2,2,69,131
airland13,2,2,70,133
airland13,2,2,71,135
airland13,2,2,72,137
airland13,2,2,73,138
airland13,2,2,74,139
airland13,2,2,75,140
airland13,2,2,76,142
airland13,2,2,77,144
airland13,2,2,78,145
airland13,2,2,79,148
airland13,2,2,80,150
airland13,2,2,81,153
airland13,2,2,82,156
airland13,2,2,83,157
airland13,2,2,84,159
airland13,2,2,85,161
airland13,2,2,86,162
airland13,2,2,87,164
airland13,2,2,88,165
airland13,2,2,89,166
airland13,2,2,90,169
airland13,2,2,91,171
airland13,2,2,92,172
airland13,2,2,93,174
airland13,2,2,94,176
airland13,2,2,95,177
airland13,2,2,96,179
airland13,2,2,97,180
airland13,2,2,98,181
airland13,2,2,99,183
airland13,2,2,100,185
airland13,2,2,101,187
airland13,2,2,102,188
airland13,2,2,103,190
airland13,2,2,104,191
airland13,2,2,105,194
airland13,2,2,106,196
airland13,2,2,107,198
airland13,2,2,108,199
airland13,2,2,109,201
airland13,2,2,110,203
airland13,2,2,111,205
airland13,2,2,112,207
airland13,2,2,113,209
airland13,2,2,114,211
airland13,2,2,115,210
airland13,2,2,116,214
airland13,2,2,117,215
airland13,2,2,118,217
airland13,2,2,119,219
airland13,2,2,120,221
airland13,2,2,121,222
airland13,2,2,122,224
airland13,2,2,123,226
airland13,2,2,124,229
airland13,2,2,125,231
airland13,2,2,126,233
airland13,2,2,127,238
airland13,2,2,128,237
airland13,2,2,129,241
airland13,2,2,130,242
airland13,2,2,131,244
airland13,2,2,132,246
airland13,2,2,133,249
airland13,2,2,134,251
airland13,2,2,135,253
airland13,2,2,136,256
airland13,2,2,137,257
airland13,2,2,138,258
airland13,2,2,139,260
airland13,2,2,140,262
airland13,2,2,141,264
airland13,2,2,142,267
airland13,2,2,143,270
airland13,2,2,144,272
airland13,2,2,145,274
airland13,2,2,146,276
airland13,2,2,147,277
airland13,2,2,148,280
airland13,2,2,149,282
airland13,2,2,150,284
airland13,2,2,151,286
airland13,2,2,152,289
airland13,2,2,153,291
airland13,2,2,154,294
airland13,2,2,155,297
airland13,2,2,156,298
airland13,2,2,157,299
airland13,2,2,158,300
airland13,2,2,159,302
airland13,2,2,160,303
airland13,2,2,161,305
airland13,2,2,162,307
airland13,2,2,163,309
airland13,2,2,164,311
airland13,2,2,165,313
airland13,2,2,166,315
airland13,2,2,167,316
airland13,2,2,168,318
airland13,2,2,169,319
airland13,2,2,170,322
airland13,2,2,171,323
airland13,2,2,172,324
airland13,2,2,173,326
airland13,2,2,174,327
airland13,2,2,175,329
airland13,2,2,176,330
airland13,2,2,177,332
airland13,2,2,178,333
airland13,2,2,179,335
airland13,2,2,180,338
airland13,2,2,181,340
airland13,2,2,182,342
airland13,2,2,183,344
airland13,2,2,184,346
airland13,2,2,185,348
airland13,2,2,186,349
airland13,2,2,187,351
airland13,2,2,188,353
airland13,2,2,189,355
airland13,2,2,190,358
airland13,2,2,191,360
airland13,2,2,192,362
airland13,2,2,193,363
airland13,2,2,194,365
airland13,2,2,195,367
airland13,2,2,196,370
airland13,2,2,197,373
airland13,2,2,198,372
airland13,2,2,199,376
airland13,2,2,200,378
airland13,2,2,201,379
airland13,2,2,202,382
airland13,2,2,203,385
airland13,2,2,204,384
airland13,2,2,205,388
airland13,2,2,206,389
airland13,2,2,207,391
airland13,2,2,208,394
airland13,2,2,209,396
airland13,2,2,210,398
airland13,2,2,211,402
airland13,2,2,212,403
airland13,2,2,213,407
airland13,2,2,214,410
airland13,2,2,215,408
airland13,2,2,216,411
airland13,2,2,217,413
airland13,2,2,218,414
airland13,2,2,219,417
airland13,2,2,220,420
airland13,2,2,221,418
airland13,2,2,222,419
airland13,2,2,223,425
airland13,2,2,224,427
airland13,2,2,225,429
airland13,2,2,226,431
airland13,2,2,227,433
airland13,2,2,228,435
airland13,2,2,229,437
airland13,2,2,230,440
airland13,2,2,231,441
airland13,2,2,232,442
airland13,2,2,233,443
airland13,2,2,234,444
airland13,2,2,235,447
airland13,2,2,236,449
airland13,2,2,237,451
airland13,2,2,238,453
airland13,2,2,239,454
airland13,2,2,240,457
airland13,2,2,241,459
airland13,2,2,242,462
airland13,2,2,243,466
airland13,2,2,244,468
airland13,2,2,245,469
airland13,2,2,246,472
airland13,2,2,247,474
airland13,2,2,248,477
airland13,2,2,249,478
airland13,2,2,250,480
airland13,2,2,251,481
airland13,2,2,252,483
airland13,2,2,253,485
airland13,2,2,254,488
airland13,2,2,255,489
airland13,2,2,256,492
airland13,2,2,257,493
airland13,2,2,258,494
airland13,2,2,259,495
airland13,2,2,260,497
airland13,1,1,1,0
airland13,1,1,2,2
airland13,1,1,3,3
airland13,1,1,4,1
airland13,1,1,5,4
airland13,1,1,6,5
airland13,1,1,7,6
airland13,1,1,8,7
airland13,1,1,9,8
airland13,1,1,10,9
airland13,1,1,11,10
airland13,1,1,12,11
airland13,1,1,13,12
airland13,1,1,14,14
airland13,1,1,15,15
airland13,1,1,16,17
airland13,1,1,17,13
airland13,1,1,18,18
airland13,1,1,19,16
airland13,1,1,20,19
airland13,1,1,21,21
airland13,1,1,22,22
airland13,1,1,23,23
airland13,1,1,24,24
airland13,1,1,25,20
airland13,1,1,26,25
airland13,1,1,27,26
airland13,1,1,28,27
airland13,1,1,29,28
airland13,1,1,30,29
airland13,1,1,31,30
airland13,1,1,32,31
airland13,1,1,33,32
airland13,1,1,34,33
airland13,1,1,35,34
airland13,1,1,36,35
airland13,1,1,37,36
airland13,1,1,38,38
airland13,1,1,39,39
airland13,1,1,40,37
airland13,1,1,41,40
airland13,1,1,42,41
airland13,1,1,43,43
airland13,1,1,44,44
airland13,1,1,45,45
airland13,1,1,46,46
airland13,1,1,47,42
airland13,1,1,48,47
airland13,1,1,49,48
airland13,1,1,50,50
airland13,1,1,51,49
airland13,1,1,52,51
airland13,1,1,53,52
airland13,1,1,54,53
airland13,1,1,55,54
airland13,1,1,56,55
airland13,1,1,57,58
airland13,1,1,58,56
airland13,1,1,59,59
airland13,1,1,60,62
airland13,1,1,61,57
airland13,1,1,62,61
airland13,1,1,63,60
airland13,1,1,64,63
airland13,1,1,65,64
airland13,1,1,66,65
airland13,1,1,67,66
airland13,1,1,68,67
airland13,1,1,69,68
airland13,1,1,70,70
airland13,1,1,71,71
airland13,1,1,72,69
airland13,1,1,73,73
airland13,1,1,74,74
airland13,1,1,75,72
airland13,1,1,76,75
airland13,1,1,77,76
airland13,1,1,78,77
airland13,1,1,79,78
airland13,1,1,80,79
airland13,1,1,81,80
airland13,1,1,82,81
airland13,1,1,83,82
airland13,1,1,84,83
airland13,1,1,85,84
airland13,1,1,86,85
airland13,1,1,87,86
airland13,1,1,88,87
airland13,1,1,89,88
airland13,1,1,90,89
airland13,1,1,91,90
airland13,1,1,92,91
airland13,1,1,93,93
airland13,1,1,94,94
airland13,1,1,95,95
airland13,1,1,96,92
airland13,1,1,97,96
airland13,1,1,98,98
airland13,1,1,99,99
airland13,1,1,100,97
airland13,1,1,101,100
airland13,1,1,102,101
airland13,1,1,103,102
airland13,1,1,104,103
airland13,1,1,105,104
airland13,1,1,106,106
airland13,1,1,107,105
airland13,1,1,108,107
airland13,1,1,109,108
airland13,1,1,110,111
airland13,1,1,111,112
airland13,1,1,112,109
airland13,1,1,113,114
airland13,1,1,114,113
airland13,1,1,115,110
airland13,1,1,116,115
airland13,1,1,117,118
airland13,1,1,118,120
airland13,1,1,119,117
airland13,1,1,120,116
airland13,1,1,121,119
airland13,1,1,122,121
airland13,1,1,123,122
airland13,1,1,124,124
airland13,1,1,125,123
airland13,1,1,126,127
airland13,1,1,127,125
airland13,1,1,128,130
airland13,1,1,129,126
airland13,1,1,130,128
airland13,1,1,131,131
airland13,1,1,132,129
airland13,1,1,133,132
airland13,1,1,134,134
airland13,1,1,135,133
airland13,1,1,136,136
airland13,1,1,137,137
airland13,1,1,138,135
airland13,1,1,139,138
airland13,1,1,140,139
airland13,1,1,141,141
airland13,1,1,142,140
airland13,1,1,143,142
airland13,1,1,144,143
airland13,1,1,145,144
airland13,1,1,146,145
airland13,1,1,147,148
airland13,1,1,148,147
airland13,1,1,149,150
airland13,1,1,150,151
airland13,1,1,151,149
airland13,1,1,152,146
airland13,1,1,153,152
airland13,1,1,154,153
airland13,1,1,155,154
airland13,1,1,156,155
airland13,1,1,157,156
airland13,1,1,158,157
airland13,1,1,159,158
airland13,1,1,160,159
airland13,1,1,161,160
airland13,1,1,162,161
airland13,1,1,163,162
airland13,1,1,164,164
airland13,1,1,165,163
airland13,1,1,166,165
airland13,1,1,167,166
airland13,1,1,168,167
airland13,1,1,169,168
airland13,1,1,170,170
airland13,1,1,171,169
airland13,1,1,172,171
airland13,1,1,173,172
airland13,1,1,174,173
airland13,1,1,175,174
airland13,1,1,176,176
airland13,1,1,177,177
airland13,1,1,178,178
airland13,1,1,179,175
airland13,1,1,180,179
airland13,1,1,181,180
airland13,1,1,182,182
airland13,1,1,183,181
airland13,1,1,184,183
airland13,1,1,185,184
airland13,1,1,186,185
airland13,1,1,187,187
airland13,1,1,188,186
airland13,1,1,189,189
airland13,1,1,190,190
airland13,1,1,191,188
airland13,1,1,192,191
airland13,1,1,193,192
airland13,1,1,194,193
airland13,1,1,195,194
airland13,1,1,196,196
airland13,1,1,197,195
airland13,1,1,198,197
airland13,1,1,199,198
airland13,1,1,200,199
airland13,1,1,201,200
airland13,1,1,202,201
airland13,1,1,203,203
airland13,1,1,204,202
airland13,1,1,205,204
airland13,1,1,206,205
airland13,1,1,207,206
airland13,1,1,208,208
airland13,1,1,209,209
airland13,1,1,210,211
airland13,1,1,211,210
airland13,1,1,212,207
airland13,1,1,213,215
airland13,1,1,214,217
airland13,1,1,215,214
airland13,1,1,216,213
airland13,1,1,217,212
airland13,1,1,218,216
airland13,1,1,219,219
airland13,1,1,220,218
airland13,1,1,221,221
airland13,1,1,222,222
airland13,1,1,223,220
airland13,1,1,224,224
airland13,1,1,225,223
airland13,1,1,226,225
airland13,1,1,227,228
airland13,1,1,228,229
airland13,1,1,229,227
airland13,1,1,230,230
airland13,1,1,231,233
airland13,1,1,232,232
airland13,1,1,233,226
airland13,1,1,234,231
airland13,1,1,235,235
airland13,1,1,236,236
airland13,1,1,237,238
airland13,1,1,238,239
airland13,1,1,239,241
airland13,1,1,240,234
airland13,1,1,241,237
airland13,1,1,242,242
airland13,1,1,243,240
airland13,1,1,244,243
airland13,1,1,245,244
airland13,1,1,246,245
airland13,1,1,247,247
airland13,1,1,248,246
airland13,1,1,249,248
airland13,1,1,250,249
airland13,1,1,251,250
airland13,1,1,252,252
airland13,1,1,253,251
airland13,1,1,254,256
airland13,1,1,255,255
airland13,1,1,256,257
airland13,1,1,257,254
airland13,1,1,258,253
airland13,1,1,259,258
airland13,1,1,260,259
airland13,1,1,261,260
airland13,1,1,262,261
airland13,1,1,263,262
airland13,1,1,264,265
airland13,1,1,265,264
airland13,1,1,266,263
airland13,1,1,267,267
airland13,1,1,268,268
airland13,1,1,269,270
airland13,1,1,270,266
airland13,1,1,271,269
airland13,1,1,272,271
airland13,1,1,273,272
airland13,1,1,274,273
airland13,1,1,275,274
airland13,1,1,276,275
airland13,1,1,277,276
airland13,1,1,278,277
airland13,1,1,279,278
airland13,1,1,280,279
airland13,1,1,281,280
airland13,1,1,282,282
airland13,1,1,283,281
airland13,1,1,284,284
airland13,1,1,285,283
airland13,1,1,286,286
airland13,1,1,287,287
airland13,1,1,288,291
airland13,1,1,289,290
airland13,1,1,290,295
airland13,1,1,291,289
airland13,1,1,292,293
airland13,1,1,293,285
airland13,1,1,294,292
airland13,1,1,295,288
airland13,1,1,296,296
airland13,1,1,297,298
airland13,1,1,298,300
airland13,1,1,299,301
airland13,1,1,300,294
airland13,1,1,301,297
airland13,1,1,302,299
airland13,1,1,303,302
airland13,1,1,304,303
airland13,1,1,305,304
airland13,1,1,306,305
airland13,1,1,307,306
airland13,1,1,308,307
airland13,1,1,309,308
airland13,1,1,310,310
airland13,1,1,311,309
airland13,1,1,312,312
airland13,1,1,313,311
airland13,1,1,314,313
airland13,1,1,315,315
airland13,1,1,316,316
airland13,1,1,317,317
airland13,1,1,318,320
airland13,1,1,319,318
airland13,1,1,320,319
airland13,1,1,321,314
airland13,1,1,322,322
airland13,1,1,323,321
airland13,1,1,324,323
airland13,1,1,325,324
airland13,1,1,326,325
airland13,1,1,327,326
airland13,1,1,328,327
airland13,1,1,329,328
airland13,1,1,330,330
airland13,1,1,331,329
airland13,1,1,332,332
airland13,1,1,333,333
airland13,1,1,334,331
airland13,1,1,335,334
airland13,1,1,336,336
airland13,1,1,337,337
airland13,1,1,338,338
airland13,1,1,339,335
airland13,1,1,340,340
airland13,1,1,341,342
airland13,1,1,342,343
airland13,1,1,343,344
airland13,1,1,344,339
airland13,1,1,345,341
airland13,1,1,346,345
airland13,1,1,347,346
airland13,1,1,348,347
airland13,1,1,349,348
airland13,1,1,350,349
airland13,1,1,351,350
airland13,1,1,352,352
airland13,1,1,353,353
airland13,1,1,354,354
airland13,1,1,355,355
airland13,1,1,356,351
airland13,1,1,357,356
airland13,1,1,358,357
airland13,1,1,359,358
airland13,1,1,360,360
airland13,1,1,361,361
airland13,1,1,362,359
airland13,1,1,363,363
airland13,1,1,364,364
airland13,1,1,365,362
airland13,1,1,366,365
airland13,1,1,367,366
airland13,1,1,368,367
airland13,1,1,369,368
airland13,1,1,370,370
airland13,1,1,371,371
airland13,1,1,372,374
airland13,1,1,373,372
airland13,1,1,374,369
airland13,1,1,375,375
airland13,1,1,376,376
airland13,1,1,377,373
airland13,1,1,378,379
airland13,1,1,379,382
airland13,1,1,380,378
airland13,1,1,381,381
airland13,1,1,382,385
airland13,1,1,383,383
airland13,1,1,384,377
airland13,1,1,385,389
airland13,1,1,386,384
airland13,1,1,387,388
airland13,1,1,388,380
airland13,1,1,389,386
airland13,1,1,390,387
airland13,1,1,391,391
airland13,1,1,392,390
airland13,1,1,393,392
airland13,1,1,394,393
airland13,1,1,395,394
airland13,1,1,396,396
airland13,1,1,397,397
airland13,1,1,398,395
airland13,1,1,399,399
airland13,1,1,400,398
airland13,1,1,401,400
airland13,1,1,402,401
airland13,1,1,403,402
airland13,1,1,404,403
airland13,1,1,405,405
airland13,1,1,406,407
airland13,1,1,407,404
airland13,1,1,408,406
airland13,1,1,409,412
airland13,1,1,410,408
airland13,1,1,411,410
airland13,1,1,412,411
airland13,1,1,413,413
airland13,1,1,414,409
airland13,1,1,415,414
airland13,1,1,416,415
airland13,1,1,417,416
airland13,1,1,418,417
airland13,1,1,419,420
airland13,1,1,420,418
airland13,1,1,421,419
airland13,1,1,422,423
airland13,1,1,423,422
airland13,1,1,424,421
airland13,1,1,425,426
airland13,1,1,426,425
airland13,1,1,427,424
airland13,1,1,428,427
airland13,1,1,429,428
airland13,1,1,430,429
airland13,1,1,431,430
airland13,1,1,432,431
airland13,1,1,433,432
airland13,1,1,434,433
airland13,1,1,435,434
airland13,1,1,436,435
airland13,1,1,437,437
airland13,1,1,438,440
airland13,1,1,439,441
airland13,1,1,440,438
airland13,1,1,441,436
airland13,1,1,442,442
airland13,1,1,443,439
airland13,1,1,444,443
airland13,1,1,445,444
airland13,1,1,446,445
airland13,1,1,447,446
airland13,1,1,448,448
airland13,1,1,449,447
airland13,1,1,450,449
airland13,1,1,451,450
airland13,1,1,452,451
airland13,1,1,453,452
airland13,1,1,454,453
airland13,1,1,455,455
airland13,1,1,456,454
airland13,1,1,457,456
airland13,1,1,458,457
airland13,1,1,459,458
airland13,1,1,460,459
airland13,1,1,461,460
airland13,1,1,462,461
airland13,1,1,463,463
airland13,1,1,464,464
airland13,1,1,465,462
airland13,1,1,466,465
airland13,1,1,467,466
airland13,1,1,468,467
airland13,1,1,469,468
airland13,1,1,470,469
airland13,1,1,471,470
airland13,1,1,472,471
airland13,1,1,473,472
airland13,1,1,474,473
airland13,1,1,475,475
airland13,1,1,476,474
airland13,1,1,477,477
airland13,1,1,478,476
airland13,1,1,479,478
airland13,1,1,480,479
airland13,1,1,481,480
airland13,1,1,482,481
airland13,1,1,483,482
airland13,1,1,484,483
airland13,1,1,485,485
airland13,1,1,486,488
airland13,1,1,487,486
airland13,1,1,488,490
airland13,1,1,489,491
airland13,1,1,490,487
airland13,1,1,491,484
airland13,1,1,492,495
airland13,1,1,493,496
airland13,1,1,494,492
airland13,1,1,495,494
airland13,1,1,496,489
airland13,1,1,497,493
airland13,1,1,498,498
airland13,1,1,499,497
airland13,1,1,500,499
airland13,2,1,1,2
airland13,2,1,2,3
airland13,2,1,3,4
airland13,2,1,4,7
airland13,2,1,5,9
airland13,2,1,6,12
airland13,2,1,7,14
airland13,2,1,8,17
airland13,2,1,9,20
airland13,2,1,10,22
airland13,2,1,11,23
airland13,2,1,12,25
airland13,2,1,13,26
airland13,2,1,14,28
airland13,2,1,15,30
airland13,2,1,16,33
airland13,2,1,17,36
airland13,2,1,18,37
airland13,2,1,19,40
airland13,2,1,20,43
airland13,2,1,21,45
airland13,2,1,22,47
airland13,2,1,23,50
airland13,2,1,24,53
airland13,2,1,25,55
airland13,2,1,26,58
airland13,2,1,27,56
airland13,2,1,28,59
airland13,2,1,29,63
airland13,2,1,30,64
airland13,2,1,31,66
airland13,2,1,32,68
airland13,2,1,33,69
airland13,2,1,34,72
airland13,2,1,35,74
airland13,2,1,36,76
airland13,2,1,37,78
airland13,2,1,38,80
airland13,2,1,39,82
airland13,2,1,40,83
airland13,2,1,41,84
airland13,2,1,42,86
airland13,2,1,43,90
airland13,2,1,44,92
airland13,2,1,45,94
airland13,2,1,46,95
airland13,2,1,47,97
airland13,2,1,48,99
airland13,2,1,49,100
airland13,2,1,50,103
airland13,2,1,51,104
airland13,2,1,52,106
airland13,2,1,53,110
airland13,2,1,54,112
airland13,2,1,55,114
airland13,2,1,56,116
airland13,2,1,57,117
airland13,2,1,58,118
airland13,2,1,59,120
airland13,2,1,60,122
airland13,2,1,61,124
airland13,2,1,62,126
airland13,2,1,63,128
airland13,2,1,64,129
airland13,2,1,65,134
airland13,2,1,66,136
airland13,2,1,67,138
airland13,2,1,68,139
airland13,2,1,69,140
airland13,2,1,70,143
airland13,2,1,71,145
airland13,2,1,72,148
airland13,2,1,73,150
airland13,2,1,74,152
airland13,2,1,75,154
airland13,2,1,76,156
airland13,2,1,77,158
airland13,2,1,78,160
airland13,2,1,79,162
airland13,2,1,80,164
airland13,2,1,81,166
airland13,2,1,82,168
airland13,2,1,83,169
airland13,2,1,84,172
airland13,2,1,85,176
airland13,2,1,86,177
airland13,2,1,87,179
airland13,2,1,88,181
airland13,2,1,89,185
airland13,2,1,90,187
airland13,2,1,91,188
airland13,2,1,92,190
airland13,2,1,93,192
airland13,2,1,94,193
airland13,2,1,95,194
airland13,2,1,96,196
airland13,2,1,97,198
airland13,2,1,98,199
airland13,2,1,99,202
airland13,2,1,100,205
airland13,2,1,101,207
airland13,2,1,102,209
airland13,2,1,103,211
airland13,2,1,104,210
airland13,2,1,105,214
airland13,2,1,106,215
airland13,2,1,107,217
airland13,2,1,108,218
airland13,2,1,109,220
airland13,2,1,110,224
airland13,2,1,111,226
airland13,2,1,112,228
airland13,2,1,113,227
airland13,2,1,114,231
airland13,2,1,115,233
airland13,2,1,116,235
airland13,2,1,117,238
airland13,2,1,118,237
airland13,2,1,119,241
airland13,2,1,120,242
airland13,2,1,121,244
airland13,2,1,122,246
airland13,2,1,123,248
airland13,2,1,124,249
airland13,2,1,125,251
airland13,2,1,126,253
airland13,2,1,127,256
airland13,2,1,128,257
airland13,2,1,129,259
airland13,2,1,130,261
airland13,2,1,131,263
airland13,2,1,132,265
airland13,2,1,133,266
airland13,2,1,134,270
airland13,2,1,135,271
airland13,2,1,136,274
airland13,2,1,137,276
airland13,2,1,138,277
airland13,2,1,139,280
airland13,2,1,140,282
airland13,2,1,141,284
airland13,2,1,142,286
airland13,2,1,143,289
airland13,2,1,144,291
airland13,2,1,145,290
airland13,2,1,146,295
airland13,2,1,147,296
airland13,2,1,148,298
airland13,2,1,149,300
airland13,2,1,150,304
airland13,2,1,151,306
airland13,2,1,152,308
airland13,2,1,153,310
airland13,2,1,154,312
airland13,2,1,155,315
airland13,2,1,156,316
airland13,2,1,157,318
airland13,2,1,158,321
airland13,2,1,159,323
airland13,2,1,160,324
airland13,2,1,161,326
airland13,2,1,162,327
airland13,2,1,163,329
airland13,2,1,164,330
airland13,2,1,165,332
airland13,2,1,166,333
airland13,2,1,167,335
airland13,2,1,168,337
airland13,2,1,169,339
airland13,2,1,170,341
airland13,2,1,171,343
airland13,2,1,172,344
airland13,2,1,173,346
airland13,2,1,174,347
airland13,2,1,175,349
airland13,2,1,176,351
airland13,2,1,177,353
airland13,2,1,178,355
airland13,2,1,179,359
airland13,2,1,180,361
airland13,2,1,181,364
airland13,2,1,182,365
airland13,2,1,183,367
airland13,2,1,184,370
airland13,2,1,185,373
airland13,2,1,186,372
airland13,2,1,187,375
airland13,2,1,188,378
airland13,2,1,189,379
airland13,2,1,190,382
airland13,2,1,191,383
airland13,2,1,192,386
airland13,2,1,193,387
airland13,2,1,194,390
airland13,2,1,195,391
airland13,2,1,196,394
airland13,2,1,197,395
airland13,2,1,198,397
airland13,2,1,199,398
airland13,2,1,200,399
airland13,2,1,201,401
airland13,2,1,202,402
airland13,2,1,203,403
airland13,2,1,204,407
airland13,2,1,205,410
airland13,2,1,206,408
airland13,2,1,207,411
airland13,2,1,208,414
airland13,2,1,209,416
airland13,2,1,210,420
airland13,2,1,211,418
airland13,2,1,212,419
airland13,2,1,213,425
airland13,2,1,214,427
airland13,2,1,215,428
airland13,2,1,216,429
airland13,2,1,217,431
airland13,2,1,218,433
airland13,2,1,219,435
airland13,2,1,220,437
airland13,2,1,221,440
airland13,2,1,222,441
airland13,2,1,223,442
airland13,2,1,224,444
airland13,2,1,225,446
airland13,2,1,226,448
airland13,2,1,227,451
airland13,2,1,228,453
airland13,2,1,229,455
airland13,2,1,230,456
airland13,2,1,231,458
airland13,2,1,232,459
airland13,2,1,233,461
airland13,2,1,234,463
airland13,2,1,235,465
airland13,2,1,236,467
airland13,2,1,237,468
airland13,2,1,238,470
airland13,2,1,239,472
airland13,2,1,240,474
airland13,2,1,241,476
airland13,2,1,242,479
airland13,2,1,243,481
airland13,2,1,244,483
airland13,2,1,245,485
airland13,2,1,246,488
airland13,2,1,247,489
airland13,2,1,248,492
airland13,2,1,249,493
airland13,2,1,250,494
airland13,2,1,251,495
airland13,2,1,252,497
airland13,2,1,253,499
airland13,2,2,1,0
airland13,2,2,2,1
airland13,2,2,3,5
airland13,2,2,4,6
airland13,2,2,5,8
airland13,2,2,6,10
airland13,2,2,7,11
airland13,2,2,8,13
airland13,2,2,9,15
airland13,2,2,10,16
airland13,2,2,11,18
airland13,2,2,12,19
airland13,2,2,13,21
airland13,2,2,14,24
airland13,2,2,15,27
airland13,2,2,16,29
airland13,2,2,17,31
airland13,2,2,18,32
airland13,2,2,19,34
airland13,2,2,20,35
airland13,2,2,21,38
airland13,2,2,22,39
airland13,2,2,23,41
airland13,2,2,24,42
airland13,2,2,25,44
airland13,2,2,26,46
airland13,2,2,27,48
airland13,2,2,28,49
airland13,2,2,29,51
airland13,2,2,30,52
airland13,2,2,31,54
airland13,2,2,32,57
airland13,2,2,33,60
airland13,2,2,34,61
airland13,2,2,35,62
airland13,2,2,36,65
airland13,2,2,37,67
airland13,2,2,38,70
airland13,2,2,39,71
airland13,2,2,40,73
airland13,2,2,41,75
airland13,2,2,42,77
airland13,2,2,43,79
airland13,2,2,44,81
airland13,2,2,45,85
airland13,2,2,46,87
airland13,2,2,47,88
airland13,2,2,48,89
airland13,2,2,49,91
airland13,2,2,50,93
airland13,2,2,51,96
airland13,2,2,52,98
airland13,2,2,53,101
airland13,2,2,54,102
airland13,2,2,55,105
airland13,2,2,56,107
airland13,2,2,57,108
airland13,2,2,58,111
airland13,2,2,59,109
airland13,2,2,60,113
airland13,2,2,61,115
airland13,2,2,62,119
airland13,2,2,63,121
airland13,2,2,64,123
airland13,2,2,65,125
airland13,2,2,66,127
airland13,2,2,67,130
airland13,2,2,68,131
airland13,2,2,69,132
airland13,2,2,70,133
airland13,2,2,71,135
airland13,2,2,72,137
airland13,2,2,73,141
airland13,2,2,74,142
airland13,2,2,75,144
airland13,2,2,76,146
airland13,2,2,77,147
airland13,2,2,78,149
airland13,2,2,79,151
airland13,2,2,80,153
airland13,2,2,81,155
airland13,2,2,82,157
airland13,2,2,83,159
airland13,2,2,84,161
airland13,2,2,85,163
airland13,2,2,86,165
airland13,2,2,87,167
airland13,2,2,88,170
airland13,2,2,89,171
airland13,2,2,90,173
airland13,2,2,91,174
airland13,2,2,92,175
airland13,2,2,93,178
airland13,2,2,94,180
airland13,2,2,95,182
airland13,2,2,96,183
airland13,2,2,97,184
airland13,2,2,98,186
airland13,2,2,99,189
airland13,2,2,100,191
airland13,2,2,101,195
airland13,2,2,102,197
airland13,2,2,103,200
airland13,2,2,104,201
airland13,2,2,105,203
airland13,2,2,106,204
airland13,2,2,107,206
airland13,2,2,108,208
airland13,2,2,109,212
airland13,2,2,110,213
airland13,2,2,111,216
airland13,2,2,112,219
airland13,2,2,113,221
airland13,2,2,114,222
airland13,2,2,115,223
airland13,2,2,116,225
airland13,2,2,117,229
airland13,2,2,118,230
airland13,2,2,119,232
airland13,2,2,120,234
airland13,2,2,121,236
airland13,2,2,122,239
airland13,2,2,123,240
airland13,2,2,124,243
airland13,2,2,125,245
airland13,2,2,126,247
airland13,2,2,127,250
airland13,2,2,128,252
airland13,2,2,129,255
airland13,2,2,130,254
airland13,2,2,131,258
airland13,2,2,132,260
airland13,2,2,133,262
airland13,2,2,134,264
airland13,2,2,135,267
airland13,2,2,136,268
airland13,2,2,137,269
airland13,2,2,138,272
airland13,2,2,139,273
airland13,2,2,140,275
airland13,2,2,141,278
airland13,2,2,142,279
airland13,2,2,143,281
airland13,2,2,144,283
airland13,2,2,145,285
airland13,2,2,146,288
airland13,2,2,147,287
airland13,2,2,148,293
airland13,2,2,149,294
airland13,2,2,150,297
airland13,2,2,151,292
airland13,2,2,152,299
airland13,2,2,153,301
airland13,2,2,154,302
airland13,2,2,155,303
airland13,2,2,156,305
airland13,2,2,157,307
airland13,2,2,158,309
airland13,2,2,159,311
airland13,2,2,160,313
airland13,2,2,161,314
airland13,2,2,162,317
airland13,2,2,163,320
airland13,2,2,164,319
airland13,2,2,165,322
airland13,2,2,166,325
airland13,2,2,167,328
airland13,2,2,168,331
airland13,2,2,169,334
airland13,2,2,170,336
airland13,2,2,171,338
airland13,2,2,172,340
airland13,2,2,173,342
airland13,2,2,174,345
airland13,2,2,175,348
airland13,2,2,176,350
airland13,2,2,177,352
airland13,2,2,178,354
airland13,2,2,179,356
airland13,2,2,180,357
airland13,2,2,181,358
airland13,2,2,182,360
airland13,2,2,183,362
airland13,2,2,184,363
airland13,2,2,185,366
airland13,2,2,186,368
airland13,2,2,187,369
airland13,2,2,188,371
airland13,2,2,189,374
airland13,2,2,190,376
airland13,2,2,191,377
airland13,2,2,192,380
airland13,2,2,193,381
airland13,2,2,194,385
airland13,2,2,195,384
airland13,2,2,196,388
airland13,2,2,197,389
airland13,2,2,198,392
airland13,2,2,199,393
airland13,2,2,200,396
airland13,2,2,201,400
airland13,2,2,202,404
airland13,2,2,203,405
airland13,2,2,204,409
airland13,2,2,205,406
airland13,2,2,206,412
airland13,2,2,207,413
airland13,2,2,208,415
airland13,2,2,209,417
airland13,2,2,210,421
airland13,2,2,211,422
airland13,2,2,212,423
airland13,2,2,213,424
airland13,2,2,214,426
airland13,2,2,215,430
airland13,2,2,216,432
airland13,2,2,217,434
airland13,2,2,218,436
airland13,2,2,219,439
airland13,2,2,220,438
airland13,2,2,221,443
airland13,2,2,222,445
airland13,2,2,223,447
airland13,2,2,224,449
airland13,2,2,225,450
airland13,2,2,226,452
airland13,2,2,227,454
airland13,2,2,228,457
airland13,2,2,229,460
airland13,2,2,230,462
airland13,2,2,231,464
airland13,2,2,232,466
airland13,2,2,233,469
airland13,2,2,234,471
airland13,2,2,235,473
airland13,2,2,236,475
airland13,2,2,237,477
airland13,2,2,238,478
airland13,2,2,239,480
airland13,2,2,240,482
airland13,2,2,241,484
airland13,2,2,242,486
airland13,2,2,243,490
airland13,2,2,244,491
airland13,2,2,245,487
airland13,2,2,246,496
airland13,2,2,247,498
airland13,1,1,1,0
airland13,1,1,2,2
airland13,1,1,3,3
airland13,1,1,4,1
airland13,1,1,5,4
airland13,1,1,6,5
airland13,1,1,7,6
airland13,1,1,8,7
airland13,1,1,9,8
airland13,1,1,10,9
airland13,1,1,11,10
airland13,1,1,12,11
airland13,1,1,13,12
airland13,1,1,14,14
airland13,1,1,15,15
airland13,1,1,16,17
airland13,1,1,17,13
airland13,1,1,18,18
airland13,1,1,19,16
airland13,1,1,20,19
airland13,1,1,21,20
airland13,1,1,22,22
airland13,1,1,23,21
airland13,1,1,24,23
airland13,1,1,25,24
airland13,1,1,26,25
airland13,1,1,27,26
airland13,1,1,28,27
airland13,1,1,29,28
airland13,1,1,30,29
airland13,1,1,31,30
airland13,1,1,32,31
airland13,1,1,33,32
airland13,1,1,34,33
airland13,1,1,35,34
airland13,1,1,36,35
airland13,1,1,37,36
airland13,1,1,38,38
airland13,1,1,39,39
airland13,1,1,40,37
airland13,1,1,41,40
airland13,1,1,42,41
airland13,1,1,43,43
airland13,1,1,44,44
airland13,1,1,45,45
airland13,1,1,46,46
airland13,1,1,47,42
airland13,1,1,48,47
airland13,1,1,49,48
airland13,1,1,50,50
airland13,1,1,51,49
airland13,1,1,52,51
airland13,1,1,53,52
airland13,1,1,54,53
airland13,1,1,55,54
airland13,1,1,56,55
airland13,1,1,57,57
airland13,1,1,58,56
airland13,1,1,59,58
airland13,1,1,60,62
airland13,1,1,61,59
airland13,1,1,62,61
airland13,1,1,63,60
airland13,1,1,64,63
airland13,1,1,65,64
airland13,1,1,66,65
airland13,1,1,67,66
airland13,1,1,68,67
airland13,1,1,69,68
airland13,1,1,70,70
airland13,1,1,71,71
airland13,1,1,72,69
airland13,1,1,73,73
airland13,1,1,74,74
airland13,1,1,75,72
airland13,1,1,76,75
airland13,1,1,77,76
airland13,1,1,78,77
airland13,1,1,79,78
airland13,1,1,80,79
airland13,1,1,81,80
airland13,1,1,82,81
airland13,1,1,83,82
airland13,1,1,84,83
airland13,1,1,85,84
airland13,1,1,86,85
airland13,1,1,87,86
airland13,1,1,88,87
airland13,1,1,89,88
airland13,1,1,90,89
airland13,1,1,91,90
airland13,1,1,92,91
airland13,1,1,93,93
airland13,1,1,94,94
airland13,1,1,95,95
airland13,1,1,96,92
airland13,1,1,97,96
airland13,1,1,98,98
airland13,1,1,99,99
airland13,1,1,100,97
airland13,1,1,101,100
airland13,1,1,102,101
airland13,1,1,103,102
airland13,1,1,104,103
airland13,1,1,105,104
airland13,1,1,106,106
airland13,1,1,107,105
airland13,1,1,108,107
airland13,1,1,109,108
airland13,1,1,110,111
airland13,1,1,111,112
airland13,1,1,112,114
airland13,1,1,113,109
airland13,1,1,114,113
airland13,1,1,115,110
airland13,1,1,116,115
airland13,1,1,117,118
airland13,1,1,118,120
airland13,1,1,119,117
airland13,1,1,120,116
airland13,1,1,121,119
airland13,1,1,122,121
airland13,1,1,123,122
airland13,1,1,124,124
airland13,1,1,125,123
airland13,1,1,126,127
airland13,1,1,127,125
airland13,1,1,128,130
airland13,1,1,129,126
airland13,1,1,130,128
airland13,1,1,131,131
airland13,1,1,132,129
airland13,1,1,133,132
airland13,1,1,134,134
airland13,1,1,135,133
airland13,1,1,136,136
airland13,1,1,137,137
airland13,1,1,138,135
airland13,1,1,139,138
airland13,1,1,140,139
airland13,1,1,141,141
airland13,1,1,142,140
airland13,1,1,143,142
airland13,1,1,144,143
airland13,1,1,145,144
airland13,1,1,146,145
airland13,1,1,147,148
airland13,1,1,148,146
airland13,1,1,149,150
airland13,1,1,150,147
airland13,1,1,151,149
airland13,1,1,152,151
airland13,1,1,153,152
airland13,1,1,154,153
airland13,1,1,155,154
airland13,1,1,156,155
airland13,1,1,157,156
airland13,1,1,158,157
airland13,1,1,159,158
airland13,1,1,160,159
airland13,1,1,161,160
airland13,1,1,162,161
airland13,1,1,163,162
airland13,1,1,164,164
airland13,1,1,165,163
airland13,1,1,166,165
airland13,1,1,167,166
airland13,1,1,168,167
airland13,1,1,169,168
airland13,1,1,170,170
airland13,1,1,171,169
airland13,1,1,172,171
airland13,1,1,173,172
airland13,1,1,174,173
airland13,1,1,175,174
airland13,1,1,176,176
airland13,1,1,177,177
airland13,1,1,178,178
airland13,1,1,179,175
airland13,1,1,180,179
airland13,1,1,181,180
airland13,1,1,182,182
airland13,1,1,183,181
airland13,1,1,184,183
airland13,1,1,185,184
airland13,1,1,186,185
airland13,1,1,187,187
airland13,1,1,188,186
airland13,1,1,189,189
airland13,1,1,190,190
airland13,1,1,191,188
airland13,1,1,192,191
airland13,1,1,193,192
airland13,1,1,194,193
airland13,1,1,195,194
airland13,1,1,196,196
airland13,1,1,197,195
airland13,1,1,198,197
airland13,1,1,199,198
airland13,1,1,200,199
airland13,1,1,201,200
airland13,1,1,202,201
airland13,1,1,203,203
airland13,1,1,204,202
airland13,1,1,205,204
airland13,1,1,206,205
airland13,1,1,207,206
airland13,1,1,208,208
airland13,1,1,209,209
airland13,1,1,210,210
airland13,1,1,211,207
airland13,1,1,212,214
airland13,1,1,213,215
airland13,1,1,214,216
airland13,1,1,215,217
airland13,1,1,216,213
airland13,1,1,217,212
airland13,1,1,218,211
airland13,1,1,219,219
airland13,1,1,220,218
airland13,1,1,221,221
airland13,1,1,222,222
airland13,1,1,223,220
airland13,1,1,224,224
airland13,1,1,225,223
airland13,1,1,226,226
airland13,1,1,227,228
airland13,1,1,228,229
airland13,1,1,229,227
airland13,1,1,230,230
airland13,1,1,231,233
airland13,1,1,232,232
airland13,1,1,233,231
airland13,1,1,234,225
airland13,1,1,235,235
airland13,1,1,236,236
airland13,1,1,237,238
airland13,1,1,238,239
airland13,1,1,239,241
airland13,1,1,240,234
airland13,1,1,241,237
airland13,1,1,242,242
airland13,1,1,243,240
airland13,1,1,244,243
airland13,1,1,245,244
airland13,1,1,246,245
airland13,1,1,247,247
airland13,1,1,248,246
airland13,1,1,249,248
airland13,1,1,250,249
airland13,1,1,251,250
airland13,1,1,252,252
airland13,1,1,253,251
airland13,1,1,254,256
airland13,1,1,255,255
airland13,1,1,256,257
airland13,1,1,257,254
airland13,1,1,258,253
airland13,1,1,259,258
airland13,1,1,260,259
airland13,1,1,261,260
airland13,1,1,262,261
airland13,1,1,263,262
airland13,1,1,264,265
airland13,1,1,265,264
airland13,1,1,266,263
airland13,1,1,267,267
airland13,1,1,268,268
airland13,1,1,269,270
airland13,1,1,270,266
airland13,1,1,271,269
airland13,1,1,272,271
airland13,1,1,273,272
airland13,1,1,274,273
airland13,1,1,275,274
airland13,1,1,276,275
airland13,1,1,277,276
airland13,1,1,278,277
airland13,1,1,279,278
airland13,1,1,280,279
airland13,1,1,281,280
airland13,1,1,282,282
airland13,1,1,283,281
airland13,1,1,284,284
airland13,1,1,285,283
airland13,1,1,286,286
airland13,1,1,287,287
airland13,1,1,288,291
airland13,1,1,289,290
airland13,1,1,290,295
airland13,1,1,291,289
airland13,1,1,292,293
airland13,1,1,293,285
airland13,1,1,294,292
airland13,1,1,295,288
airland13,1,1,296,296
airland13,1,1,297,298
airland13,1,1,298,300
airland13,1,1,299,301
airland13,1,1,300,294
airland13,1,1,301,297
airland13,1,1,302,299
airland13,1,1,303,302
airland13,1,1,304,303
airland13,1,1,305,304
airland13,1,1,306,305
airland13,1,1,307,306
airland13,1,1,308,307
airland13,1,1,309,308
airland13,1,1,310,310
airland13,1,1,311,309
airland13,1,1,312,312
airland13,1,1,313,311
airland13,1,1,314,313
airland13,1,1,315,315
airland13,1,1,316,316
airland13,1,1,317,317
airland13,1,1,318,320
airland13,1,1,319,318
airland13,1,1,320,319
airland13,1,1,321,314
airland13,1,1,322,322
airland13,1,1,323,321
airland13,1,1,324,323
airland13,1,1,325,324
airland13,1,1,326,325
airland13,1,1,327,326
airland13,1,1,328,327
airland13,1,1,329,328
airland13,1,1,330,330
airland13,1,1,331,329
airland13,1,1,332,332
airland13,1,1,333,333
airland13,1,1,334,331
airland13,1,1,335,334
airland13,1,1,336,335
airland13,1,1,337,337
airland13,1,1,338,338
airland13,1,1,339,336
airland13,1,1,340,342
airland13,1,1,341,340
airland13,1,1,342,344
airland13,1,1,343,343
airland13,1,1,344,339
airland13,1,1,345,341
airland13,1,1,346,345
airland13,1,1,347,346
airland13,1,1,348,347
airland13,1,1,349,348
airland13,1,1,350,349
airland13,1,1,351,350
airland13,1,1,352,352
airland13,1,1,353,353
airland13,1,1,354,354
airland13,1,1,355,355
airland13,1,1,356,351
airland13,1,1,357,356
airland13,1,1,358,357
airland13,1,1,359,358
airland13,1,1,360,360
airland13,1,1,361,361
airland13,1,1,362,359
airland13,1,1,363,363
airland13,1,1,364,364
airland13,1,1,365,362
airland13,1,1,366,365
airland13,1,1,367,366
airland13,1,1,368,367
airland13,1,1,369,368
airland13,1,1,370,370
airland13,1,1,371,371
airland13,1,1,372,374
airland13,1,1,373,372
airland13,1,1,374,369
airland13,1,1,375,375
airland13,1,1,376,376
airland13,1,1,377,373
airland13,1,1,378,379
airland13,1,1,379,382
airland13,1,1,380,378
airland13,1,1,381,381
airland13,1,1,382,385
airland13,1,1,383,383
airland13,1,1,384,377
airland13,1,1,385,389
airland13,1,1,386,388
airland13,1,1,387,384
airland13,1,1,388,380
airland13,1,1,389,386
airland13,1,1,390,387
airland13,1,1,391,391
airland13,1,1,392,390
airland13,1,1,393,392
airland13,1,1,394,393
airland13,1,1,395,394
airland13,1,1,396,396
airland13,1,1,397,397
airland13,1,1,398,395
airland13,1,1,399,399
airland13,1,1,400,398
airland13,1,1,401,400
airland13,1,1,402,401
airland13,1,1,403,402
airland13,1,1,404,403
airland13,1,1,405,405
airland13,1,1,406,407
airland13,1,1,407,404
airland13,1,1,408,406
airland13,1,1,409,412
airland13,1,1,410,408
airland13,1,1,411,410
airland13,1,1,412,411
airland13,1,1,413,413
airland13,1,1,414,409
airland13,1,1,415,414
airland13,1,1,416,415
airland13,1,1,417,416
airland13,1,1,418,417
airland13,1,1,419,420
airland13,1,1,420,418
airland13,1,1,421,419
airland13,1,1,422,423
airland13,1,1,423,422
airland13,1,1,424,421
airland13,1,1,425,426
airland13,1,1,426,425
airland13,1,1,427,424
airland13,1,1,428,427
airland13,1,1,429,428
airland13,1,1,430,429
airland13,1,1,431,430
airland13,1,1,432,431
airland13,1,1,433,432
airland13,1,1,434,433
airland13,1,1,435,434
airland13,1,1,436,435
airland13,1,1,437,437
airland13,1,1,438,440
airland13,1,1,439,441
airland13,1,1,440,438
airland13,1,1,441,436
airland13,1,1,442,442
airland13,1,1,443,439
airland13,1,1,444,443
airland13,1,1,445,444
airland13,1,1,446,445
airland13,1,1,447,446
airland13,1,1,448,448
airland13,1,1,449,447
airland13,1,1,450,449
airland13,1,1,451,450
airland13,1,1,452,451
airland13,1,1,453,452
airland13,1,1,454,453
airland13,1,1,455,455
airland13,1,1,456,454
airland13,1,1,457,456
airland13,1,1,458,457
airland13,1,1,459,458
airland13,1,1,460,459
airland13,1,1,461,460
airland13,1,1,462,461
airland13,1,1,463,463
airland13,1,1,464,464
airland13,1,1,465,462
airland13,1,1,466,465
airland13,1,1,467,466
airland13,1,1,468,467
airland13,1,1,469,468
airland13,1,1,470,469
airland13,1,1,471,470
airland13,1,1,472,471
airland13,1,1,473,472
airland13,1,1,474,473
airland13,1,1,475,475
airland13,1,1,476,474
airland13,1,1,477,477
airland13,1,1,478,476
airland13,1,1,479,478
airland13,1,1,480,479
airland13,1,1,481,480
airland13,1,1,482,481
airland13,1,1,483,482
airland13,1,1,484,483
airland13,1,1,485,485
airland13,1,1,486,488
airland13,1,1,487,486
airland13,1,1,488,490
airland13,1,1,489,491
airland13,1,1,490,487
airland13,1,1,491,484
airland13,1,1,492,495
airland13,1,1,493,496
airland13,1,1,494,492
airland13,1,1,495,494
airland13,1,1,496,489
airland13,1,1,497,493
airland13,1,1,498,498
airland13,1,1,499,497
airland13,1,1,500,499
airland13,2,1,1,0
airland13,2,1,2,2
airland13,2,1,3,3
airland13,2,1,4,5
airland13,2,1,5,6
airland13,2,1,6,7
airland13,2,1,7,9
airland13,2,1,8,10
airland13,2,1,9,12
airland13,2,1,10,13
airland13,2,1,11,15
airland13,2,1,12,16
airland13,2,1,13,18
airland13,2,1,14,20
airland13,2,1,15,22
airland13,2,1,16,23
airland13,2,1,17,25
airland13,2,1,18,26
airland13,2,1,19,28
airland13,2,1,20,30
airland13,2,1,21,34
airland13,2,1,22,35
airland13,2,1,23,38
airland13,2,1,24,39
airland13,2,1,25,40
airland13,2,1,26,41
airland13,2,1,27,42
airland13,2,1,28,44
airland13,2,1,29,46
airland13,2,1,30,48
airland13,2,1,31,50
airland13,2,1,32,51
airland13,2,1,33,53
airland13,2,1,34,57
airland13,2,1,35,60
airland13,2,1,36,59
airland13,2,1,37,63
airland13,2,1,38,65
airland13,2,1,39,66
airland13,2,1,40,70
airland13,2,1,41,71
airland13,2,1,42,73
airland13,2,1,43,74
airland13,2,1,44,75
airland13,2,1,45,76
airland13,2,1,46,77
airland13,2,1,47,78
airland13,2,1,48,80
airland13,2,1,49,84
airland13,2,1,50,86
airland13,2,1,51,88
airland13,2,1,52,89
airland13,2,1,53,90
airland13,2,1,54,92
airland13,2,1,55,94
airland13,2,1,56,95
airland13,2,1,57,98
airland13,2,1,58,100
airland13,2,1,59,103
airland13,2,1,60,104
airland13,2,1,61,105
airland13,2,1,62,108
airland13,2,1,63,111
airland13,2,1,64,109
airland13,2,1,65,114
airland13,2,1,66,115
airland13,2,1,67,118
airland13,2,1,68,119
airland13,2,1,69,122
airland13,2,1,70,124
airland13,2,1,71,127
airland13,2,1,72,130
airland13,2,1,73,131
airland13,2,1,74,134
airland13,2,1,75,135
airland13,2,1,76,137
airland13,2,1,77,141
airland13,2,1,78,143
airland13,2,1,79,145
airland13,2,1,80,148
airland13,2,1,81,149
airland13,2,1,82,151
airland13,2,1,83,153
airland13,2,1,84,154
airland13,2,1,85,155
airland13,2,1,86,157
airland13,2,1,87,159
airland13,2,1,88,160
airland13,2,1,89,162
airland13,2,1,90,164
airland13,2,1,91,165
airland13,2,1,92,167
airland13,2,1,93,170
airland13,2,1,94,171
airland13,2,1,95,173
airland13,2,1,96,174
airland13,2,1,97,175
airland13,2,1,98,177
airland13,2,1,99,180
airland13,2,1,100,182
airland13,2,1,101,185
airland13,2,1,102,187
airland13,2,1,103,189
airland13,2,1,104,191
airland13,2,1,105,193
airland13,2,1,106,195
airland13,2,1,107,198
airland13,2,1,108,199
airland13,2,1,109,200
airland13,2,1,110,202
airland13,2,1,111,206
airland13,2,1,112,208
airland13,2,1,113,212
airland13,2,1,114,213
airland13,2,1,115,215
airland13,2,1,116,217
airland13,2,1,117,219
airland13,2,1,118,222
airland13,2,1,119,223
airland13,2,1,120,225
airland13,2,1,121,228
airland13,2,1,122,227
airland13,2,1,123,231
airland13,2,1,124,233
airland13,2,1,125,235
airland13,2,1,126,236
airland13,2,1,127,239
airland13,2,1,128,240
airland13,2,1,129,243
airland13,2,1,130,245
airland13,2,1,131,247
airland13,2,1,132,248
airland13,2,1,133,250
airland13,2,1,134,252
airland13,2,1,135,255
airland13,2,1,136,254
airland13,2,1,137,259
airland13,2,1,138,262
airland13,2,1,139,264
airland13,2,1,140,267
airland13,2,1,141,268
airland13,2,1,142,269
airland13,2,1,143,272
airland13,2,1,144,274
airland13,2,1,145,276
airland13,2,1,146,280
airland13,2,1,147,282
airland13,2,1,148,284
airland13,2,1,149,285
airland13,2,1,150,288
airland13,2,1,151,287
airland13,2,1,152,293
airland13,2,1,153,295
airland13,2,1,154,296
airland13,2,1,155,290
airland13,2,1,156,292
airland13,2,1,157,300
airland13,2,1,158,304
airland13,2,1,159,306
airland13,2,1,160,307
airland13,2,1,161,309
airland13,2,1,162,312
airland13,2,1,163,314
airland13,2,1,164,317
airland13,2,1,165,320
airland13,2,1,166,321
airland13,2,1,167,325
airland13,2,1,168,326
airland13,2,1,169,328
airland13,2,1,170,331
airland13,2,1,171,332
airland13,2,1,172,335
airland13,2,1,173,338
airland13,2,1,174,340
airland13,2,1,175,342
airland13,2,1,176,345
airland13,2,1,177,350
airland13,2,1,178,351
airland13,2,1,179,353
airland13,2,1,180,355
airland13,2,1,181,357
airland13,2,1,182,360
airland13,2,1,183,362
airland13,2,1,184,364
airland13,2,1,185,366
airland13,2,1,186,370
airland13,2,1,187,373
airland13,2,1,188,372
airland13,2,1,189,375
airland13,2,1,190,376
airland13,2,1,191,377
airland13,2,1,192,380
airland13,2,1,193,381
airland13,2,1,194,385
airland13,2,1,195,384
airland13,2,1,196,388
airland13,2,1,197,391
airland13,2,1,198,392
airland13,2,1,199,394
airland13,2,1,200,396
airland13,2,1,201,402
airland13,2,1,202,404
airland13,2,1,203,405
airland13,2,1,204,409
airland13,2,1,205,406
airland13,2,1,206,412
airland13,2,1,207,414
airland13,2,1,208,416
airland13,2,1,209,420
airland13,2,1,210,418
airland13,2,1,211,419
airland13,2,1,212,424
airland13,2,1,213,426
airland13,2,1,214,429
airland13,2,1,215,431
airland13,2,1,216,433
airland13,2,1,217,435
airland13,2,1,218,436
airland13,2,1,219,439
airland13,2,1,220,441
airland13,2,1,221,442
airland13,2,1,222,443
airland13,2,1,223,444
airland13,2,1,224,447
airland13,2,1,225,451
airland13,2,1,226,453
airland13,2,1,227,455
airland13,2,1,228,457
airland13,2,1,229,462
airland13,2,1,230,465
airland13,2,1,231,467
airland13,2,1,232,468
airland13,2,1,233,469
airland13,2,1,234,472
airland13,2,1,235,474
airland13,2,1,236,477
airland13,2,1,237,478
airland13,2,1,238,482
airland13,2,1,239,485
airland13,2,1,240,488
airland13,2,1,241,489
airland13,2,1,242,492
airland13,2,1,243,493
airland13,2,1,244,494
airland13,2,1,245,496
airland13,2,1,246,498
airland13,2,2,1,1
airland13,2,2,2,4
airland13,2,2,3,8
airland13,2,2,4,11
airland13,2,2,5,14
airland13,2,2,6,17
airland13,2,2,7,19
airland13,2,2,8,21
airland13,2,2,9,24
airland13,2,2,10,27
airland13,2,2,11,29
airland13,2,2,12,31
airland13,2,2,13,32
airland13,2,2,14,33
airland13,2,2,15,36
airland13,2,2,16,37
airland13,2,2,17,43
airland13,2,2,18,45
airland13,2,2,19,47
airland13,2,2,20,49
airland13,2,2,21,52
airland13,2,2,22,54
airland13,2,2,23,55
airland13,2,2,24,58
airland13,2,2,25,56
airland13,2,2,26,61
airland13,2,2,27,62
airland13,2,2,28,64
airland13,2,2,29,67
airland13,2,2,30,68
airland13,2,2,31,69
airland13,2,2,32,72
airland13,2,2,33,79
airland13,2,2,34,81
airland13,2,2,35,82
airland13,2,2,36,83
airland13,2,2,37,85
airland13,2,2,38,87
airland13,2,2,39,91
airland13,2,2,40,93
airland13,2,2,41,96
airland13,2,2,42,97
airland13,2,2,43,99
airland13,2,2,44,101
airland13,2,2,45,102
airland13,2,2,46,106
airland13,2,2,47,107
airland13,2,2,48,110
airland13,2,2,49,112
airland13,2,2,50,113
airland13,2,2,51,116
airland13,2,2,52,117
airland13,2,2,53,120
airland13,2,2,54,121
airland13,2,2,55,123
airland13,2,2,56,125
airland13,2,2,57,126
airland13,2,2,58,128
airland13,2,2,59,129
airland13,2,2,60,132
airland13,2,2,61,133
airland13,2,2,62,136
airland13,2,2,63,138
airland13,2,2,64,139
airland13,2,2,65,140
airland13,2,2,66,142
airland13,2,2,67,144
airland13,2,2,68,146
airland13,2,2,69,147
airland13,2,2,70,150
airland13,2,2,71,152
airland13,2,2,72,156
airland13,2,2,73,158
airland13,2,2,74,161
airland13,2,2,75,163
airland13,2,2,76,166
airland13,2,2,77,168
airland13,2,2,78,169
airland13,2,2,79,172
airland13,2,2,80,176
airland13,2,2,81,178
airland13,2,2,82,179
airland13,2,2,83,181
airland13,2,2,84,183
airland13,2,2,85,184
airland13,2,2,86,186
airland13,2,2,87,188
airland13,2,2,88,190
airland13,2,2,89,192
airland13,2,2,90,194
airland13,2,2,91,196
airland13,2,2,92,197
airland13,2,2,93,201
airland13,2,2,94,203
airland13,2,2,95,204
airland13,2,2,96,205
airland13,2,2,97,207
airland13,2,2,98,209
airland13,2,2,99,211
airland13,2,2,100,210
airland13,2,2,101,214
airland13,2,2,102,216
airland13,2,2,103,218
airland13,2,2,104,220
airland13,2,2,105,221
airland13,2,2,106,224
airland13,2,2,107,226
airland13,2,2,108,229
airland13,2,2,109,230
airland13,2,2,110,232
airland13,2,2,111,234
airland13,2,2,112,238
airland13,2,2,113,237
airland13,2,2,114,241
airland13,2,2,115,242
airland13,2,2,116,244
airland13,2,2,117,246
airland13,2,2,118,249
airland13,2,2,119,251
airland13,2,2,120,253
airland13,2,2,121,256
airland13,2,2,122,257
airland13,2,2,123,258
airland13,2,2,124,260
airland13,2,2,125,261
airland13,2,2,126,263
airland13,2,2,127,265
airland13,2,2,128,266
airland13,2,2,129,270
airland13,2,2,130,271
airland13,2,2,131,273
airland13,2,2,132,275
airland13,2,2,133,277
airland13,2,2,134,278
airland13,2,2,135,279
airland13,2,2,136,281
airland13,2,2,137,283
airland13,2,2,138,286
airland13,2,2,139,289
airland13,2,2,140,291
airland13,2,2,141,294
airland13,2,2,142,297
airland13,2,2,143,298
airland13,2,2,144,299
airland13,2,2,145,301
airland13,2,2,146,302
airland13,2,2,147,303
airland13,2,2,148,305
airland13,2,2,149,308
airland13,2,2,150,310
airland13,2,2,151,311
airland13,2,2,152,313
airland13,2,2,153,315
airland13,2,2,154,316
airland13,2,2,155,318
airland13,2,2,156,319
airland13,2,2,157,322
airland13,2,2,158,323
airland13,2,2,159,324
airland13,2,2,160,327
airland13,2,2,161,329
airland13,2,2,162,330
airland13,2,2,163,333
airland13,2,2,164,334
airland13,2,2,165,336
airland13,2,2,166,337
airland13,2,2,167,339
airland13,2,2,168,341
airland13,2,2,169,343
airland13,2,2,170,344
airland13,2,2,171,346
airland13,2,2,172,347
airland13,2,2,173,348
airland13,2,2,174,349
airland13,2,2,175,352
airland13,2,2,176,354
airland13,2,2,177,356
airland13,2,2,178,358
airland13,2,2,179,359
airland13,2,2,180,361
airland13,2,2,181,363
airland13,2,2,182,365
airland13,2,2,183,367
airland13,2,2,184,368
airland13,2,2,185,369
airland13,2,2,186,371
airland13,2,2,187,374
airland13,2,2,188,378
airland13,2,2,189,379
airland13,2,2,190,382
airland13,2,2,191,383
airland13,2,2,192,386
airland13,2,2,193,387
airland13,2,2,194,389
airland13,2,2,195,390
airland13,2,2,196,393
airland13,2,2,197,395
airland13,2,2,198,397
airland13,2,2,199,398
airland13,2,2,200,399
airland13,2,2,201,400
airland13,2,2,202,401
airland13,2,2,203,403
airland13,2,2,204,407
airland13,2,2,205,410
airland13,2,2,206,408
airland13,2,2,207,411
airland13,2,2,208,413
airland13,2,2,209,415
airland13,2,2,210,417
airland13,2,2,211,421
airland13,2,2,212,422
airland13,2,2,213,423
airland13,2,2,214,425
airland13,2,2,215,427
airland13,2,2,216,428
airland13,2,2,217,430
airland13,2,2,218,432
airland13,2,2,219,434
airland13,2,2,220,437
airland13,2,2,221,440
airland13,2,2,222,438
airland13,2,2,223,445
airland13,2,2,224,446
airland13,2,2,225,448
airland13,2,2,226,449
airland13,2,2,227,450
airland13,2,2,228,452
airland13,2,2,229,454
airland13,2,2,230,456
airland13,2,2,231,458
airland13,2,2,232,459
airland13,2,2,233,460
airland13,2,2,234,461
airland13,2,2,235,463
airland13,2,2,236,464
airland13,2,2,237,466
airland13,2,2,238,470
airland13,2,2,239,471
airland13,2,2,240,473
airland13,2,2,241,475
airland13,2,2,242,476
airland13,2,2,243,479
airland13,2,2,244,480
airland13,2,2,245,481
airland13,2,2,246,483
airland13,2,2,247,484
airland13,2,2,248,486
airland13,2,2,249,490
airland13,2,2,250,491
airland13,2,2,251,487
airland13,2,2,252,495
airland13,2,2,253,497
airland13,2,2,254,499
airland13,1,1,1,0
airland13,1,1,2,2
airland13,1,1,3,3
airland13,1,1,4,1
airland13,1,1,5,4
airland13,1,1,6,5
airland13,1,1,7,6
airland13,1,1,8,7
airland13,1,1,9,8
airland13,1,1,10,9
airland13,1,1,11,10
airland13,1,1,12,11
airland13,1,1,13,12
airland13,1,1,14,14
airland13,1,1,15,15
airland13,1,1,16,17
airland13,1,1,17,13
airland13,1,1,18,18
airland13,1,1,19,16
airland13,1,1,20,19
airland13,1,1,21,21
airland13,1,1,22,22
airland13,1,1,23,23
airland13,1,1,24,24
airland13,1,1,25,20
airland13,1,1,26,25
airland13,1,1,27,26
airland13,1,1,28,27
airland13,1,1,29,28
airland13,1,1,30,29
airland13,1,1,31,30
airland13,1,1,32,31
airland13,1,1,33,32
airland13,1,1,34,33
airland13,1,1,35,34
airland13,1,1,36,35
airland13,1,1,37,36
airland13,1,1,38,38
airland13,1,1,39,39
airland13,1,1,40,37
airland13,1,1,41,40
airland13,1,1,42,41
airland13,1,1,43,43
airland13,1,1,44,44
airland13,1,1,45,45
airland13,1,1,46,46
airland13,1,1,47,42
airland13,1,1,48,47
airland13,1,1,49,48
airland13,1,1,50,50
airland13,1,1,51,49
airland13,1,1,52,51
airland13,1,1,53,52
airland13,1,1,54,53
airland13,1,1,55,54
airland13,1,1,56,55
airland13,1,1,57,58
airland13,1,1,58,56
airland13,1,1,59,59
airland13,1,1,60,62
airland13,1,1,61,57
airland13,1,1,62,61
airland13,1,1,63,60
airland13,1,1,64,63
airland13,1,1,65,64
airland13,1,1,66,65
airland13,1,1,67,66
airland13,1,1,68,67
airland13,1,1,69,68
airland13,1,1,70,70
airland13,1,1,71,71
airland13,1,1,72,69
airland13,1,1,73,73
airland13,1,1,74,74
airland13,1,1,75,72
airland13,1,1,76,75
airland13,1,1,77,76
airland13,1,1,78,77
airland13,1,1,79,78
airland13,1,1,80,79
airland13,1,1,81,80
airland13,1,1,82,81
airland13,1,1,83,82
airland13,1,1,84,83
airland13,1,1,85,84
airland13,1,1,86,85
airland13,1,1,87,86
airland13,1,1,88,87
airland13,1,1,89,88
airland13,1,1,90,89
airland13,1,1,91,90
airland13,1,1,92,91
airland13,1,1,93,93
airland13,1,1,94,94
airland13,1,1,95,95
airland13,1,1,96,92
airland13,1,1,97,96
airland13,1,1,98,98
airland13,1,1,99,99
airland13,1,1,100,97
airland13,1,1,101,100
airland13,1,1,102,101
airland13,1,1,103,102
airland13,1,1,104,103
airland13,1,1,105,104
airland13,1,1,106,106
airland13,1,1,107,105
airland13,1,1,108,107
airland13,1,1,109,108
airland13,1,1,110,111
airland13,1,1,111,112
airland13,1,1,112,114
airland13,1,1,113,109
airland13,1,1,114,113
airland13,1,1,115,110
airland13,1,1,116,115
airland13,1,1,117,118
airland13,1,1,118,120
airland13,1,1,119,117
airland13,1,1,120,116
airland13,1,1,121,119
airland13,1,1,122,121
airland13,1,1,123,122
airland13,1,1,124,124
airland13,1,1,125,123
airland13,1,1,126,127
airland13,1,1,127,125
airland13,1,1,128,130
airland13,1,1,129,126
airland13,1,1,130,128
airland13,1,1,131,131
airland13,1,1,132,129
airland13,1,1,133,132
airland13,1,1,134,134
airland13,1,1,135,133
airland13,1,1,136,136
airland13,1,1,137,137
airland13,1,1,138,135
airland13,1,1,139,138
airland13,1,1,140,139
airland13,1,1,141,141
airland13,1,1,142,140
airland13,1,1,143,142
airland13,1,1,144,143
airland13,1,1,145,144
airland13,1,1,146,145
airland13,1,1,147,148
airland13,1,1,148,146
airland13,1,1,149,150
airland13,1,1,150,147
airland13,1,1,151,149
airland13,1,1,152,151
airland13,1,1,153,152
airland13,1,1,154,153
airland13,1,1,155,154
airland13,1,1,156,155
airland13,1,1,157,156
airland13,1,1,158,157
airland13,1,1,159,158
airland13,1,1,160,159
airland13,1,1,161,160
airland13,1,1,162,161
airland13,1,1,163,162
airland13,1,1,164,164
airland13,1,1,165,163
airland13,1,1,166,165
airland13,1,1,167,166
airland13,1,1,168,167
airland13,1,1,169,168
airland13,1,1,170,170
airland13,1,1,171,169
airland13,1,1,172,171
airland13,1,1,173,172
airland13,1,1,174,173
airland13,1,1,175,174
airland13,1,1,176,176
airland13,1,1,177,177
airland13,1,1,178,178
airland13,1,1,179,175
airland13,1,1,180,179
airland13,1,1,181,180
airland13,1,1,182,182
airland13,1,1,183,181
airland13,1,1,184,183
airland13,1,1,185,184
airland13,1,1,186,185
airland13,1,1,187,187
airland13,1,1,188,186
airland13,1,1,189,189
airland13,1,1,190,190
airland13,1,1,191,188
airland13,1,1,192,191
airland13,1,1,193,192
airland13,1,1,194,193
airland13,1,1,195,194
airland13,1,1,196,196
airland13,1,1,197,195
airland13,1,1,198,197
airland13,1,1,199,198
airland13,1,1,200,199
airland13,1,1,201,200
airland13,1,1,202,201
airland13,1,1,203,203
airland13,1,1,204,202
airland13,1,1,205,204
airland13,1,1,206,205
airland13,1,1,207,206
airland13,1,1,208,208
airland13,1,1,209,209
airland13,1,1,210,210
airland13,1,1,211,207
airland13,1,1,212,214
airland13,1,1,213,215
airland13,1,1,214,216
airland13,1,1,215,217
airland13,1,1,216,213
airland13,1,1,217,212
airland13,1,1,218,211
airland13,1,1,219,219
airland13,1,1,220,218
airland13,1,1,221,221
airland13,1,1,222,222
airland13,1,1,223,220
airland13,1,1,224,224
airland13,1,1,225,223
airland13,1,1,226,225
airland13,1,1,227,228
airland13,1,1,228,229
airland13,1,1,229,227
airland13,1,1,230,230
airland13,1,1,231,233
airland13,1,1,232,232
airland13,1,1,233,226
airland13,1,1,234,231
airland13,1,1,235,234
airland13,1,1,236,236
airland13,1,1,237,238
airland13,1,1,238,239
airland13,1,1,239,241
airland13,1,1,240,235
airland13,1,1,241,237
airland13,1,1,242,242
airland13,1,1,243,240
airland13,1,1,244,243
airland13,1,1,245,244
airland13,1,1,246,245
airland13,1,1,247,247
airland13,1,1,248,246
airland13,1,1,249,248
airland13,1,1,250,249
airland13,1,1,251,250
airland13,1,1,252,252
airland13,1,1,253,251
airland13,1,1,254,256
airland13,1,1,255,255
airland13,1,1,256,257
airland13,1,1,257,254
airland13,1,1,258,253
airland13,1,1,259,258
airland13,1,1,260,259
airland13,1,1,261,260
airland13,1,1,262,261
airland13,1,1,263,262
airland13,1,1,264,265
airland13,1,1,265,264
airland13,1,1,266,263
airland13,1,1,267,267
airland13,1,1,268,268
airland13,1,1,269,270
airland13,1,1,270,266
airland13,1,1,271,269
airland13,1,1,272,271
airland13,1,1,273,272
airland13,1,1,274,273
airland13,1,1,275,274
airland13,1,1,276,275
airland13,1,1,277,276
airland13,1,1,278,277
airland13,1,1,279,278
airland13,1,1,280,279
airland13,1,1,281,280
airland13,1,1,282,282
airland13,1,1,283,281
airland13,1,1,284,284
airland13,1,1,285,283
airland13,1,1,286,286
airland13,1,1,287,287
airland13,1,1,288,291
airland13,1,1,289,290
airland13,1,1,290,295
airland13,1,1,291,289
airland13,1,1,292,293
airland13,1,1,293,285
airland13,1,1,294,292
airland13,1,1,295,288
airland13,1,1,296,296
airland13,1,1,297,298
airland13,1,1,298,300
airland13,1,1,299,301
airland13,1,1,300,294
airland13,1,1,301,297
airland13,1,1,302,299
airland13,1,1,303,302
airland13,1,1,304,303
airland13,1,1,305,304
airland13,1,1,306,305
airland13,1,1,307,306
airland13,1,1,308,307
airland13,1,1,309,308
airland13,1,1,310,310
airland13,1,1,311,309
airland13,1,1,312,312
airland13,1,1,313,311
airland13,1,1,314,313
airland13,1,1,315,315
airland13,1,1,316,316
airland13,1,1,317,317
airland13,1,1,318,320
airland13,1,1,319,318
airland13,1,1,320,319
airland13,1,1,321,314
airland13,1,1,322,322
airland13,1,1,323,321
airland13,1,1,324,323
airland13,1,1,325,324
airland13,1,1,326,325
airland13,1,1,327,326
airland13,1,1,328,327
airland13,1,1,329,328
airland13,1,1,330,330
airland13,1,1,331,329
airland13,1,1,332,332
airland13,1,1,333,333
airland13,1,1,334,331
airland13,1,1,335,334
airland13,1,1,336,335
airland13,1,1,337,337
airland13,1,1,338,338
airland13,1,1,339,336
airland13,1,1,340,342
airland13,1,1,341,340
airland13,1,1,342,344
airland13,1,1,343,343
airland13,1,1,344,339
airland13,1,1,345,341
airland13,1,1,346,345
airland13,1,1,347,346
airland13,1,1,348,347
airland13,1,1,349,348
airland13,1,1,350,349
airland13,1,1,351,350
airland13,1,1,352,352
airland13,1,1,353,353
airland13,1,1,354,354
airland13,1,1,355,355
airland13,1,1,356,351
airland13,1,1,357,356
airland13,1,1,358,357
airland13,1,1,359,358
airland13,1,1,360,360
airland13,1,1,361,361
airland13,1,1,362,359
airland13,1,1,363,363
airland13,1,1,364,364
airland13,1,1,365,362
airland13,1,1,366,365
airland13,1,1,367,366
airland13,1,1,368,367
airland13,1,1,369,368
airland13,1,1,370,369
airland13,1,1,371,370
airland13,1,1,372,374
airland13,1,1,373,371
airland13,1,1,374,375
airland13,1,1,375,372
airland13,1,1,376,376
airland13,1,1,377,373
airland13,1,1,378,379
airland13,1,1,379,382
airland13,1,1,380,378
airland13,1,1,381,381
airland13,1,1,382,385
airland13,1,1,383,383
airland13,1,1,384,377
airland13,1,1,385,389
airland13,1,1,386,388
airland13,1,1,387,384
airland13,1,1,388,380
airland13,1,1,389,386
airland13,1,1,390,387
airland13,1,1,391,391
airland13,1,1,392,390
airland13,1,1,393,392
airland13,1,1,394,393
airland13,1,1,395,394
airland13,1,1,396,396
airland13,1,1,397,397
airland13,1,1,398,395
airland13,1,1,399,399
airland13,1,1,400,398
airland13,1,1,401,400
airland13,1,1,402,401
airland13,1,1,403,402
airland13,1,1,404,403
airland13,1,1,405,405
airland13,1,1,406,407
airland13,1,1,407,404
airland13,1,1,408,406
airland13,1,1,409,412
airland13,1,1,410,408
airland13,1,1,411,410
airland13,1,1,412,411
airland13,1,1,413,413
airland13,1,1,414,409
airland13,1,1,415,414
airland13,1,1,416,415
airland13,1,1,417,416
airland13,1,1,418,417
airland13,1,1,419,420
airland13,1,1,420,418
airland13,1,1,421,419
airland13,1,1,422,423
airland13,1,1,423,422
airland13,1,1,424,421
airland13,1,1,425,426
airland13,1,1,426,425
airland13,1,1,427,424
airland13,1,1,428,427
airland13,1,1,429,428
airland13,1,1,430,429
airland13,1,1,431,430
airland13,1,1,432,431
airland13,1,1,433,432
airland13,1,1,434,433
airland13,1,1,435,434
airland13,1,1,436,435
airland13,1,1,437,437
airland13,1,1,438,440
airland13,1,1,439,441
airland13,1,1,440,438
airland13,1,1,441,436
airland13,1,1,442,442
airland13,1,1,443,439
airland13,1,1,444,443
airland13,1,1,445,444
airland13,1,1,446,445
airland13,1,1,447,446
airland13,1,1,448,448
airland13,1,1,449,447
airland13,1,1,450,449
airland13,1,1,451,450
airland13,1,1,452,451
airland13,1,1,453,452
airland13,1,1,454,453
airland13,1,1,455,455
airland13,1,1,456,454
airland13,1,1,457,456
airland13,1,1,458,457
airland13,1,1,459,458
airland13,1,1,460,459
airland13,1,1,461,460
airland13,1,1,462,461
airland13,1,1,463,463
airland13,1,1,464,464
airland13,1,1,465,462
airland13,1,1,466,465
airland13,1,1,467,466
airland13,1,1,468,467
airland13,1,1,469,468
airland13,1,1,470,469
airland13,1,1,471,470
airland13,1,1,472,471
airland13,1,1,473,472
airland13,1,1,474,473
airland13,1,1,475,475
airland13,1,1,476,474
airland13,1,1,477,477
airland13,1,1,478,476
airland13,1,1,479,478
airland13,1,1,480,479
airland13,1,1,481,480
airland13,1,1,482,481
airland13,1,1,483,482
airland13,1,1,484,483
airland13,1,1,485,485
airland13,1,1,486,488
airland13,1,1,487,486
airland13,1,1,488,490
airland13,1,1,489,491
airland13,1,1,490,487
airland13,1,1,491,484
airland13,1,1,492,496
airland13,1,1,493,497
airland13,1,1,494,494
airland13,1,1,495,489
airland13,1,1,496,492
airland13,1,1,497,493
airland13,1,1,498,498
airland13,1,1,499,495
airland13,1,1,500,499
airland13,2,1,1,0
airland13,2,1,2,2
airland13,2,1,3,3
airland13,2,1,4,5
airland13,2,1,5,7
airland13,2,1,6,8
airland13,2,1,7,10
airland13,2,1,8,11
airland13,2,1,9,13
airland13,2,1,10,15
airland13,2,1,11,16
airland13,2,1,12,18
airland13,2,1,13,20
airland13,2,1,14,22
airland13,2,1,15,23
airland13,2,1,16,26
airland13,2,1,17,28
airland13,2,1,18,29
airland13,2,1,19,31
airland13,2,1,20,32
airland13,2,1,21,35
airland13,2,1,22,38
airland13,2,1,23,41
airland13,2,1,24,42
airland13,2,1,25,44
airland13,2,1,26,46
airland13,2,1,27,48
airland13,2,1,28,50
airland13,2,1,29,54
airland13,2,1,30,55
airland13,2,1,31,58
airland13,2,1,32,56
airland13,2,1,33,59
airland13,2,1,34,63
airland13,2,1,35,64
airland13,2,1,36,66
airland13,2,1,37,70
airland13,2,1,38,71
airland13,2,1,39,72
airland13,2,1,40,74
airland13,2,1,41,75
airland13,2,1,42,76
airland13,2,1,43,77
airland13,2,1,44,79
airland13,2,1,45,81
airland13,2,1,46,82
airland13,2,1,47,85
airland13,2,1,48,86
airland13,2,1,49,91
airland13,2,1,50,93
airland13,2,1,51,98
airland13,2,1,52,100
airland13,2,1,53,103
airland13,2,1,54,106
airland13,2,1,55,110
airland13,2,1,56,112
airland13,2,1,57,114
airland13,2,1,58,115
airland13,2,1,59,117
airland13,2,1,60,118
airland13,2,1,61,120
airland13,2,1,62,121
airland13,2,1,63,123
airland13,2,1,64,125
airland13,2,1,65,127
airland13,2,1,66,128
airland13,2,1,67,129
airland13,2,1,68,133
airland13,2,1,69,136
airland13,2,1,70,141
airland13,2,1,71,142
airland13,2,1,72,143
airland13,2,1,73,145
airland13,2,1,74,148
airland13,2,1,75,149
airland13,2,1,76,151
airland13,2,1,77,152
airland13,2,1,78,154
airland13,2,1,79,156
airland13,2,1,80,158
airland13,2,1,81,160
airland13,2,1,82,163
airland13,2,1,83,167
airland13,2,1,84,169
airland13,2,1,85,172
airland13,2,1,86,174
airland13,2,1,87,175
airland13,2,1,88,177
airland13,2,1,89,179
airland13,2,1,90,180
airland13,2,1,91,181
airland13,2,1,92,183
airland13,2,1,93,185
airland13,2,1,94,187
airland13,2,1,95,189
airland13,2,1,96,192
airland13,2,1,97,193
airland13,2,1,98,194
airland13,2,1,99,196
airland13,2,1,100,197
airland13,2,1,101,199
airland13,2,1,102,202
airland13,2,1,103,204
airland13,2,1,104,206
airland13,2,1,105,208
airland13,2,1,106,212
airland13,2,1,107,213
airland13,2,1,108,216
airland13,2,1,109,218
airland13,2,1,110,220
airland13,2,1,111,221
airland13,2,1,112,222
airland13,2,1,113,223
airland13,2,1,114,226
airland13,2,1,115,228
airland13,2,1,116,227
airland13,2,1,117,231
airland13,2,1,118,233
airland13,2,1,119,238
airland13,2,1,120,237
airland13,2,1,121,241
airland13,2,1,122,243
airland13,2,1,123,245
airland13,2,1,124,247
airland13,2,1,125,248
airland13,2,1,126,249
airland13,2,1,127,250
airland13,2,1,128,252
airland13,2,1,129,255
airland13,2,1,130,254
airland13,2,1,131,258
airland13,2,1,132,260
airland13,2,1,133,261
airland13,2,1,134,263
airland13,2,1,135,265
airland13,2,1,136,266
airland13,2,1,137,268
airland13,2,1,138,269
airland13,2,1,139,272
airland13,2,1,140,273
airland13,2,1,141,275
airland13,2,1,142,277
airland13,2,1,143,280
airland13,2,1,144,282
airland13,2,1,145,284
airland13,2,1,146,285
airland13,2,1,147,288
airland13,2,1,148,287
airland13,2,1,149,293
airland13,2,1,150,294
airland13,2,1,151,297
airland13,2,1,152,292
airland13,2,1,153,299
airland13,2,1,154,301
airland13,2,1,155,302
airland13,2,1,156,303
airland13,2,1,157,305
airland13,2,1,158,308
airland13,2,1,159,310
airland13,2,1,160,311
airland13,2,1,161,313
airland13,2,1,162,314
airland13,2,1,163,317
airland13,2,1,164,320
airland13,2,1,165,322
airland13,2,1,166,325
airland13,2,1,167,328
airland13,2,1,168,331
airland13,2,1,169,332
airland13,2,1,170,335
airland13,2,1,171,337
airland13,2,1,172,339
airland13,2,1,173,341
airland13,2,1,174,343
airland13,2,1,175,346
airland13,2,1,176,347
airland13,2,1,177,349
airland13,2,1,178,351
airland13,2,1,179,354
airland13,2,1,180,359
airland13,2,1,181,361
airland13,2,1,182,363
airland13,2,1,183,365
airland13,2,1,184,367
airland13,2,1,185,369
airland13,2,1,186,371
airland13,2,1,187,374
airland13,2,1,188,378
airland13,2,1,189,379
airland13,2,1,190,382
airland13,2,1,191,385
airland13,2,1,192,384
airland13,2,1,193,388
airland13,2,1,194,389
airland13,2,1,195,391
airland13,2,1,196,392
airland13,2,1,197,393
airland13,2,1,198,396
airland13,2,1,199,398
airland13,2,1,200,399
airland13,2,1,201,401
airland13,2,1,202,402
airland13,2,1,203,404
airland13,2,1,204,405
airland13,2,1,205,409
airland13,2,1,206,406
airland13,2,1,207,412
airland13,2,1,208,415
airland13,2,1,209,416
airland13,2,1,210,421
airland13,2,1,211,422
airland13,2,1,212,423
airland13,2,1,213,424
airland13,2,1,214,426
airland13,2,1,215,428
airland13,2,1,216,429
airland13,2,1,217,431
airland13,2,1,218,434
airland13,2,1,219,436
airland13,2,1,220,439
airland13,2,1,221,438
airland13,2,1,222,443
airland13,2,1,223,444
airland13,2,1,224,447
airland13,2,1,225,449
airland13,2,1,226,450
airland13,2,1,227,452
airland13,2,1,228,454
airland13,2,1,229,456
airland13,2,1,230,458
airland13,2,1,231,462
airland13,2,1,232,464
airland13,2,1,233,465
airland13,2,1,234,467
airland13,2,1,235,469
airland13,2,1,236,472
airland13,2,1,237,474
airland13,2,1,238,476
airland13,2,1,239,478
airland13,2,1,240,482
airland13,2,1,241,484
airland13,2,1,242,486
airland13,2,1,243,490
airland13,2,1,244,491
airland13,2,1,245,487
airland13,2,1,246,496
airland13,2,1,247,498
airland13,2,2,1,1
airland13,2,2,2,4
airland13,2,2,3,6
airland13,2,2,4,9
airland13,2,2,5,12
airland13,2,2,6,14
airland13,2,2,7,17
airland13,2,2,8,19
airland13,2,2,9,21
airland13,2,2,10,24
airland13,2,2,11,25
airland13,2,2,12,27
airland13,2,2,13,30
airland13,2,2,14,33
airland13,2,2,15,34
airland13,2,2,16,36
airland13,2,2,17,37
airland13,2,2,18,39
airland13,2,2,19,40
airland13,2,2,20,43
airland13,2,2,21,45
airland13,2,2,22,47
airland13,2,2,23,49
airland13,2,2,24,51
airland13,2,2,25,52
airland13,2,2,26,53
airland13,2,2,27,57
airland13,2,2,28,60
airland13,2,2,29,61
airland13,2,2,30,62
airland13,2,2,31,65
airland13,2,2,32,67
airland13,2,2,33,68
airland13,2,2,34,69
airland13,2,2,35,73
airland13,2,2,36,78
airland13,2,2,37,80
airland13,2,2,38,83
airland13,2,2,39,84
airland13,2,2,40,87
airland13,2,2,41,88
airland13,2,2,42,89
airland13,2,2,43,90
airland13,2,2,44,92
airland13,2,2,45,94
airland13,2,2,46,95
airland13,2,2,47,96
airland13,2,2,48,97
airland13,2,2,49,99
airland13,2,2,50,101
airland13,2,2,51,102
airland13,2,2,52,104
airland13,2,2,53,105
airland13,2,2,54,107
airland13,2,2,55,108
airland13,2,2,56,111
airland13,2,2,57,109
airland13,2,2,58,113
airland13,2,2,59,116
airland13,2,2,60,119
airland13,2,2,61,122
airland13,2,2,62,124
airland13,2,2,63,126
airland13,2,2,64,130
airland13,2,2,65,131
airland13,2,2,66,132
airland13,2,2,67,134
airland13,2,2,68,135
airland13,2,2,69,137
airland13,2,2,70,138
airland13,2,2,71,139
airland13,2,2,72,140
airland13,2,2,73,144
airland13,2,2,74,146
airland13,2,2,75,147
airland13,2,2,76,150
airland13,2,2,77,153
airland13,2,2,78,155
airland13,2,2,79,157
airland13,2,2,80,159
airland13,2,2,81,161
airland13,2,2,82,162
airland13,2,2,83,164
airland13,2,2,84,165
airland13,2,2,85,166
airland13,2,2,86,168
airland13,2,2,87,170
airland13,2,2,88,171
airland13,2,2,89,173
airland13,2,2,90,176
airland13,2,2,91,178
airland13,2,2,92,182
airland13,2,2,93,184
airland13,2,2,94,186
airland13,2,2,95,188
airland13,2,2,96,190
airland13,2,2,97,191
airland13,2,2,98,195
airland13,2,2,99,198
airland13,2,2,100,200
airland13,2,2,101,201
airland13,2,2,102,203
airland13,2,2,103,205
airland13,2,2,104,207
airland13,2,2,105,209
airland13,2,2,106,211
airland13,2,2,107,210
airland13,2,2,108,214
airland13,2,2,109,215
airland13,2,2,110,217
airland13,2,2,111,219
airland13,2,2,112,224
airland13,2,2,113,225
airland13,2,2,114,229
airland13,2,2,115,230
airland13,2,2,116,232
airland13,2,2,117,234
airland13,2,2,118,235
airland13,2,2,119,236
airland13,2,2,120,239
airland13,2,2,121,240
airland13,2,2,122,242
airland13,2,2,123,244
airland13,2,2,124,246
airland13,2,2,125,251
airland13,2,2,126,253
airland13,2,2,127,256
airland13,2,2,128,257
airland13,2,2,129,259
airland13,2,2,130,262
airland13,2,2,131,264
airland13,2,2,132,267
airland13,2,2,133,270
airland13,2,2,134,271
airland13,2,2,135,274
airland13,2,2,136,276
airland13,2,2,137,278
airland13,2,2,138,279
airland13,2,2,139,281
airland13,2,2,140,283
airland13,2,2,141,286
airland13,2,2,142,289
airland13,2,2,143,291
airland13,2,2,144,290
airland13,2,2,145,295
airland13,2,2,146,296
airland13,2,2,147,298
airland13,2,2,148,300
airland13,2,2,149,304
airland13,2,2,150,306
airland13,2,2,151,307
airland13,2,2,152,309
airland13,2,2,153,312
airland13,2,2,154,315
airland13,2,2,155,316
airland13,2,2,156,318
airland13,2,2,157,319
airland13,2,2,158,321
airland13,2,2,159,323
airland13,2,2,160,324
airland13,2,2,161,326
airland13,2,2,162,327
airland13,2,2,163,329
airland13,2,2,164,330
airland13,2,2,165,333
airland13,2,2,166,334
airland13,2,2,167,336
airland13,2,2,168,338
airland13,2,2,169,340
airland13,2,2,170,342
airland13,2,2,171,344
airland13,2,2,172,345
airland13,2,2,173,348
airland13,2,2,174,350
airland13,2,2,175,352
airland13,2,2,176,353
airland13,2,2,177,355
airland13,2,2,178,356
airland13,2,2,179,357
airland13,2,2,180,358
airland13,2,2,181,360
airland13,2,2,182,362
airland13,2,2,183,364
airland13,2,2,184,366
airland13,2,2,185,368
airland13,2,2,186,370
airland13,2,2,187,373
airland13,2,2,188,372
airland13,2,2,189,375
airland13,2,2,190,376
airland13,2,2,191,377
airland13,2,2,192,380
airland13,2,2,193,381
airland13,2,2,194,383
airland13,2,2,195,386
airland13,2,2,196,387
airland13,2,2,197,390
airland13,2,2,198,394
airland13,2,2,199,395
airland13,2,2,200,397
airland13,2,2,201,400
airland13,2,2,202,403
airland13,2,2,203,407
airland13,2,2,204,410
airland13,2,2,205,408
airland13,2,2,206,411
airland13,2,2,207,413
airland13,2,2,208,414
airland13,2,2,209,417
airland13,2,2,210,420
airland13,2,2,211,418
airland13,2,2,212,419
airland13,2,2,213,425
airland13,2,2,214,427
airland13,2,2,215,430
airland13,2,2,216,432
airland13,2,2,217,433
airland13,2,2,218,435
airland13,2,2,219,437
airland13,2,2,220,440
airland13,2,2,221,441
airland13,2,2,222,442
airland13,2,2,223,445
airland13,2,2,224,446
airland13,2,2,225,448
airland13,2,2,226,451
airland13,2,2,227,453
airland13,2,2,228,455
airland13,2,2,229,457
airland13,2,2,230,459
airland13,2,2,231,460
airland13,2,2,232,461
airland13,2,2,233,463
airland13,2,2,234,466
airland13,2,2,235,468
airland13,2,2,236,470
airland13,2,2,237,471
airland13,2,2,238,473
airland13,2,2,239,475
airland13,2,2,240,477
airland13,2,2,241,479
airland13,2,2,242,480
airland13,2,2,243,481
airland13,2,2,244,483
airland13,2,2,245,485
airland13,2,2,246,488
airland13,2,2,247,489
airland13,2,2,248,492
airland13,2,2,249,493
airland13,2,2,250,494
airland13,2,2,251,495
airland13,2,2,252,497
airland13,2,2,253,499
airland13,1,1,1,0
airland13,1,1,2,2
airland13,1,1,3,3
airland13,1,1,4,1
airland13,1,1,5,4
airland13,1,1,6,5
airland13,1,1,7,6
airland13,1,1,8,7
airland13,1,1,9,8
airland13,1,1,10,9
airland13,1,1,11,10
airland13,1,1,12,11
airland13,1,1,13,12
airland13,1,1,14,14
airland13,1,1,15,15
airland13,1,1,16,17
airland13,1,1,17,13
airland13,1,1,18,18
airland13,1,1,19,16
airland13,1,1,20,19
airland13,1,1,21,20
airland13,1,1,22,22
airland13,1,1,23,21
airland13,1,1,24,23
airland13,1,1,25,24
airland13,1,1,26,25
airland13,1,1,27,26
airland13,1,1,28,27
airland13,1,1,29,28
airland13,1,1,30,29
airland13,1,1,31,30
airland13,1,1,32,31
airland13,1,1,33,32
airland13,1,1,34,33
airland13,1,1,35,34
airland13,1,1,36,35
airland13,1,1,37,36
airland13,1,1,38,38
airland13,1,1,39,39
airland13,1,1,40,37
airland13,1,1,41,40
airland13,1,1,42,41
airland13,1,1,43,43
airland13,1,1,44,44
airland13,1,1,45,45
airland13,1,1,46,46
airland13,1,1,47,42
airland13,1,1,48,47
airland13,1,1,49,48
airland13,1,1,50,50
airland13,1,1,51,49
airland13,1,1,52,51
airland13,1,1,53,52
airland13,1,1,54,53
airland13,1,1,55,54
airland13,1,1,56,55
airland13,1,1,57,58
airland13,1,1,58,56
airland13,1,1,59,59
airland13,1,1,60,62
airland13,1,1,61,57
airland13,1,1,62,61
airland13,1,1,63,60
airland13,1,1,64,63
airland13,1,1,65,64
airland13,1,1,66,65
airland13,1,1,67,66
airland13,1,1,68,67
airland13,1,1,69,68
airland13,1,1,70,70
airland13,1,1,71,71
airland13,1,1,72,69
airland13,1,1,73,73
airland13,1,1,74,74
airland13,1,1,75,72
airland13,1,1,76,75
airland13,1,1,77,76
airland13,1,1,78,77
airland13,1,1,79,78
airland13,1,1,80,79
airland13,1,1,81,80
airland13,1,1,82,81
airland13,1,1,83,82
airland13,1,1,84,83
airland13,1,1,85,84
airland13,1,1,86,85
airland13,1,1,87,86
airland13,1,1,88,87
airland13,1,1,89,88
airland13,1,1,90,89
airland13,1,1,91,90
airland13,1,1,92,91
airland13,1,1,93,93
airland13,1,1,94,94
airland13,1,1,95,95
airland13,1,1,96,92
airland13,1,1,97,96
airland13,1,1,98,98
airland13,1,1,99,99
airland13,1,1,100,97
airland13,1,1,101,100
airland13,1,1,102,101
airland13,1,1,103,102
airland13,1,1,104,103
airland13,1,1,105,104
airland13,1,1,106,106
airland13,1,1,107,105
airland13,1,1,108,107
airland13,1,1,109,108
airland13,1,1,110,111
airland13,1,1,111,112
airland13,1,1,112,114
airland13,1,1,113,109
airland13,1,1,114,113
airland13,1,1,115,110
airland13,1,1,116,115
airland13,1,1,117,118
airland13,1,1,118,120
airland13,1,1,119,117
airland13,1,1,120,116
airland13,1,1,121,119
airland13,1,1,122,121
airland13,1,1,123,122
airland13,1,1,124,124
airland13,1,1,125,123
airland13,1,1,126,127
airland13,1,1,127,125
airland13,1,1,128,130
airland13,1,1,129,126
airland13,1,1,130,128
airland13,1,1,131,131
airland13,1,1,132,129
airland13,1,1,133,132
airland13,1,1,134,134
airland13,1,1,135,133
airland13,1,1,136,136
airland13,1,1,137,137
airland13,1,1,138,135
airland13,1,1,139,138
airland13,1,1,140,139
airland13,1,1,141,141
airland13,1,1,142,140
airland13,1,1,143,142
airland13,1,1,144,143
airland13,1,1,145,144
airland13,1,1,146,145
airland13,1,1,147,148
airland13,1,1,148,146
airland13,1,1,149,150
airland13,1,1,150,147
airland13,1,1,151,149
airland13,1,1,152,151
airland13,1,1,153,152
airland13,1,1,154,153
airland13,1,1,155,154
airland13,1,1,156,155
airland13,1,1,157,156
airland13,1,1,158,157
airland13,1,1,159,158
airland13,1,1,160,159
airland13,1,1,161,160
airland13,1,1,162,161
airland13,1,1,163,162
airland13,1,1,164,164
airland13,1,1,165,163
airland13,1,1,166,165
airland13,1,1,167,166
airland13,1,1,168,167
airland13,1,1,169,168
airland13,1,1,170,170
airland13,1,1,171,169
airland13,1,1,172,171
airland13,1,1,173,172
airland13,1,1,174,173
airland13,1,1,175,174
airland13,1,1,176,176
airland13,1,1,177,177
airland13,1,1,178,178
airland13,1,1,179,175
airland13,1,1,180,179
airland13,1,1,181,180
airland13,1,1,182,182
airland13,1,1,183,181
airland13,1,1,184,183
airland13,1,1,185,184
airland13,1,1,186,185
airland13,1,1,187,187
airland13,1,1,188,186
airland13,1,1,189,189
airland13,1,1,190,190
airland13,1,1,191,188
airland13,1,1,192,191
airland13,1,1,193,192
airland13,1,1,194,193
airland13,1,1,195,194
airland13,1,1,196,196
airland13,1,1,197,195
airland13,1,1,198,197
airland13,1,1,199,198
airland13,1,1,200,199
airland13,1,1,201,200
airland13,1,1,202,201
airland13,1,1,203,203
airland13,1,1,204,202
airland13,1,1,205,204
airland13,1,1,206,205
airland13,1,1,207,206
airland13,1,1,208,208
airland13,1,1,209,209
airland13,1,1,210,211
airland13,1,1,211,210
airland13,1,1,212,207
airland13,1,1,213,215
airland13,1,1,214,217
airland13,1,1,215,214
airland13,1,1,216,213
airland13,1,1,217,212
airland13,1,1,218,216
airland13,1,1,219,220
airland13,1,1,220,219
airland13,1,1,221,218
airland13,1,1,222,222
airland13,1,1,223,221
airland13,1,1,224,224
airland13,1,1,225,223
airland13,1,1,226,226
airland13,1,1,227,228
airland13,1,1,228,229
airland13,1,1,229,227
airland13,1,1,230,230
airland13,1,1,231,233
airland13,1,1,232,232
airland13,1,1,233,231
airland13,1,1,234,225
airland13,1,1,235,235
airland13,1,1,236,236
airland13,1,1,237,238
airland13,1,1,238,239
airland13,1,1,239,241
airland13,1,1,240,234
airland13,1,1,241,237
airland13,1,1,242,242
airland13,1,1,243,240
airland13,1,1,244,243
airland13,1,1,245,244
airland13,1,1,246,245
airland13,1,1,247,247
airland13,1,1,248,246
airland13,1,1,249,248
airland13,1,1,250,249
airland13,1,1,251,250
airland13,1,1,252,252
airland13,1,1,253,251
airland13,1,1,254,256
airland13,1,1,255,255
airland13,1,1,256,257
airland13,1,1,257,254
airland13,1,1,258,253
airland13,1,1,259,258
airland13,1,1,260,259
airland13,1,1,261,260
airland13,1,1,262,261
airland13,1,1,263,262
airland13,1,1,264,265
airland13,1,1,265,264
airland13,1,1,266,263
airland13,1,1,267,267
airland13,1,1,268,268
airland13,1,1,269,270
airland13,1,1,270,266
airland13,1,1,271,269
airland13,1,1,272,271
airland13,1,1,273,272
airland13,1,1,274,273
airland13,1,1,275,274
airland13,1,1,276,275
airland13,1,1,277,276
airland13,1,1,278,277
airland13,1,1,279,278
airland13,1,1,280,279
airland13,1,1,281,280
airland13,1,1,282,282
airland13,1,1,283,281
airland13,1,1,284,284
airland13,1,1,285,283
airland13,1,1,286,286
airland13,1,1,287,287
airland13,1,1,288,291
airland13,1,1,289,290
airland13,1,1,290,295
airland13,1,1,291,296
airland13,1,1,292,289
airland13,1,1,293,293
airland13,1,1,294,285
airland13,1,1,295,292
airland13,1,1,296,288
airland13,1,1,297,298
airland13,1,1,298,300
airland13,1,1,299,301
airland13,1,1,300,294
airland13,1,1,301,297
airland13,1,1,302,299
airland13,1,1,303,302
airland13,1,1,304,303
airland13,1,1,305,304
airland13,1,1,306,305
airland13,1,1,307,306
airland13,1,1,308,307
airland13,1,1,309,308
airland13,1,1,310,310
airland13,1,1,311,309
airland13,1,1,312,312
airland13,1,1,313,311
airland13,1,1,314,313
airland13,1,1,315,315
airland13,1,1,316,316
airland13,1,1,317,317
airland13,1,1,318,320
airland13,1,1,319,318
airland13,1,1,320,319
airland13,1,1,321,314
airland13,1,1,322,322
airland13,1,1,323,321
airland13,1,1,324,323
airland13,1,1,325,324
airland13,1,1,326,325
airland13,1,1,327,326
airland13,1,1,328,327
airland13,1,1,329,328
airland13,1,1,330,330
airland13,1,1,331,329
airland13,1,1,332,332
airland13,1,1,333,333
airland13,1,1,334,331
airland13,1,1,335,334
airland13,1,1,336,336
airland13,1,1,337,337
airland13,1,1,338,338
airland13,1,1,339,335
airland13,1,1,340,340
airland13,1,1,341,342
airland13,1,1,342,343
airland13,1,1,343,344
airland13,1,1,344,339
airland13,1,1,345,341
airland13,1,1,346,345
airland13,1,1,347,346
airland13,1,1,348,347
airland13,1,1,349,348
airland13,1,1,350,349
airland13,1,1,351,350
airland13,1,1,352,352
airland13,1,1,353,353
airland13,1,1,354,354
airland13,1,1,355,355
airland13,1,1,356,351
airland13,1,1,357,356
airland13,1,1,358,357
airland13,1,1,359,358
airland13,1,1,360,360
airland13,1,1,361,361
airland13,1,1,362,359
airland13,1,1,363,363
airland13,1,1,364,364
airland13,1,1,365,362
airland13,1,1,366,365
airland13,1,1,367,366
airland13,1,1,368,367
airland13,1,1,369,368
airland13,1,1,370,369
airland13,1,1,371,370
airland13,1,1,372,374
airland13,1,1,373,371
airland13,1,1,374,375
airland13,1,1,375,373
airland13,1,1,376,376
airland13,1,1,377,372
airland13,1,1,378,378
airland13,1,1,379,380
airland13,1,1,380,377
airland13,1,1,381,385
airland13,1,1,382,381
airland13,1,1,383,387
airland13,1,1,384,379
airland13,1,1,385,382
airland13,1,1,386,383
airland13,1,1,387,388
airland13,1,1,388,384
airland13,1,1,389,386
airland13,1,1,390,390
airland13,1,1,391,391
airland13,1,1,392,392
airland13,1,1,393,389
airland13,1,1,394,393
airland13,1,1,395,394
airland13,1,1,396,396
airland13,1,1,397,397
airland13,1,1,398,395
airland13,1,1,399,399
airland13,1,1,400,398
airland13,1,1,401,400
airland13,1,1,402,401
airland13,1,1,403,402
airland13,1,1,404,403
airland13,1,1,405,405
airland13,1,1,406,407
airland13,1,1,407,404
airland13,1,1,408,406
airland13,1,1,409,412
airland13,1,1,410,408
airland13,1,1,411,410
airland13,1,1,412,411
airland13,1,1,413,413
airland13,1,1,414,409
airland13,1,1,415,414
airland13,1,1,416,415
airland13,1,1,417,416
airland13,1,1,418,417
airland13,1,1,419,420
airland13,1,1,420,418
airland13,1,1,421,419
airland13,1,1,422,423
airland13,1,1,423,422
airland13,1,1,424,421
airland13,1,1,425,426
airland13,1,1,426,425
airland13,1,1,427,424
airland13,1,1,428,427
airland13,1,1,429,428
airland13,1,1,430,429
airland13,1,1,431,430
airland13,1,1,432,431
airland13,1,1,433,432
airland13,1,1,434,433
airland13,1,1,435,434
airland13,1,1,436,435
airland13,1,1,437,437
airland13,1,1,438,440
airland13,1,1,439,441
airland13,1,1,440,438
airland13,1,1,441,436
airland13,1,1,442,442
airland13,1,1,443,439
airland13,1,1,444,443
airland13,1,1,445,444
airland13,1,1,446,445
airland13,1,1,447,446
airland13,1,1,448,448
airland13,1,1,449,447
airland13,1,1,450,449
airland13,1,1,451,450
airland13,1,1,452,451
airland13,1,1,453,452
airland13,1,1,454,453
airland13,1,1,455,455
airland13,1,1,456,454
airland13,1,1,457,456
airland13,1,1,458,457
airland13,1,1,459,458
airland13,1,1,460,459
airland13,1,1,461,460
airland13,1,1,462,461
airland13,1,1,463,463
airland13,1,1,464,464
airland13,1,1,465,462
airland13,1,1,466,465
airland13,1,1,467,466
airland13,1,1,468,467
airland13,1,1,469,468
airland13,1,1,470,469
airland13,1,1,471,470
airland13,1,1,472,471
airland13,1,1,473,472
airland13,1,1,474,473
airland13,1,1,475,475
airland13,1,1,476,474
airland13,1,1,477,477
airland13,1,1,478,476
airland13,1,1,479,478
airland13,1,1,480,479
airland13,1,1,481,480
airland13,1,1,482,481
airland13,1,1,483,482
airland13,1,1,484,483
airland13,1,1,485,485
airland13,1,1,486,488
airland13,1,1,487,486
airland13,1,1,488,490
airland13,1,1,489,489
airland13,1,1,490,487
airland13,1,1,491,484
airland13,1,1,492,495
airland13,1,1,493,496
airland13,1,1,494,497
airland13,1,1,495,494
airland13,1,1,496,492
airland13,1,1,497,493
airland13,1,1,498,498
airland13,1,1,499,491
airland13,1,1,500,499
airland13,2,1,1,0
airland13,2,1,2,2
airland13,2,1,3,3
airland13,2,1,4,5
airland13,2,1,5,7
airland13,2,1,6,8
airland13,2,1,7,12
airland13,2,1,8,14
airland13,2,1,9,17
airland13,2,1,10,18
airland13,2,1,11,19
airland13,2,1,12,21
airland13,2,1,13,24
airland13,2,1,14,27
airland13,2,1,15,28
airland13,2,1,16,30
airland13,2,1,17,31
airland13,2,1,18,33
airland13,2,1,19,35
airland13,2,1,20,38
airland13,2,1,21,40
airland13,2,1,22,41
airland13,2,1,23,42
airland13,2,1,24,45
airland13,2,1,25,47
airland13,2,1,26,49
airland13,2,1,27,51
airland13,2,1,28,54
airland13,2,1,29,57
airland13,2,1,30,60
airland13,2,1,31,61
airland13,2,1,32,63
airland13,2,1,33,64
airland13,2,1,34,66
airland13,2,1,35,68
airland13,2,1,36,69
airland13,2,1,37,72
airland13,2,1,38,74
airland13,2,1,39,76
airland13,2,1,40,77
airland13,2,1,41,78
airland13,2,1,42,79
airland13,2,1,43,80
airland13,2,1,44,82
airland13,2,1,45,83
airland13,2,1,46,85
airland13,2,1,47,87
airland13,2,1,48,88
airland13,2,1,49,90
airland13,2,1,50,92
airland13,2,1,51,94
airland13,2,1,52,95
airland13,2,1,53,98
airland13,2,1,54,101
airland13,2,1,55,102
airland13,2,1,56,106
airland13,2,1,57,107
airland13,2,1,58,108
airland13,2,1,59,111
airland13,2,1,60,109
airland13,2,1,61,113
airland13,2,1,62,115
airland13,2,1,63,120
airland13,2,1,64,121
airland13,2,1,65,123
airland13,2,1,66,125
airland13,2,1,67,127
airland13,2,1,68,130
airland13,2,1,69,131
airland13,2,1,70,133
airland13,2,1,71,135
airland13,2,1,72,137
airland13,2,1,73,138
airland13,2,1,74,139
airland13,2,1,75,140
airland13,2,1,76,144
airland13,2,1,77,146
airland13,2,1,78,147
airland13,2,1,79,151
airland13,2,1,80,152
airland13,2,1,81,154
airland13,2,1,82,155
airland13,2,1,83,157
airland13,2,1,84,159
airland13,2,1,85,160
airland13,2,1,86,163
airland13,2,1,87,165
airland13,2,1,88,167
airland13,2,1,89,169
airland13,2,1,90,173
airland13,2,1,91,174
airland13,2,1,92,175
airland13,2,1,93,181
airland13,2,1,94,184
airland13,2,1,95,186
airland13,2,1,96,189
airland13,2,1,97,192
airland13,2,1,98,194
airland13,2,1,99,196
airland13,2,1,100,197
airland13,2,1,101,199
airland13,2,1,102,200
airland13,2,1,103,201
airland13,2,1,104,203
airland13,2,1,105,204
airland13,2,1,106,205
airland13,2,1,107,207
airland13,2,1,108,209
airland13,2,1,109,211
airland13,2,1,110,210
airland13,2,1,111,214
airland13,2,1,112,215
airland13,2,1,113,217
airland13,2,1,114,218
airland13,2,1,115,220
airland13,2,1,116,222
airland13,2,1,117,223
airland13,2,1,118,225
airland13,2,1,119,228
airland13,2,1,120,227
airland13,2,1,121,230
airland13,2,1,122,232
airland13,2,1,123,234
airland13,2,1,124,235
airland13,2,1,125,238
airland13,2,1,126,237
airland13,2,1,127,241
airland13,2,1,128,242
airland13,2,1,129,244
airland13,2,1,130,246
airland13,2,1,131,249
airland13,2,1,132,251
airland13,2,1,133,253
airland13,2,1,134,256
airland13,2,1,135,257
airland13,2,1,136,258
airland13,2,1,137,260
airland13,2,1,138,262
airland13,2,1,139,264
airland13,2,1,140,267
airland13,2,1,141,270
airland13,2,1,142,272
airland13,2,1,143,274
airland13,2,1,144,276
airland13,2,1,145,277
airland13,2,1,146,280
airland13,2,1,147,281
airland13,2,1,148,283
airland13,2,1,149,285
airland13,2,1,150,288
airland13,2,1,151,287
airland13,2,1,152,293
airland13,2,1,153,295
airland13,2,1,154,296
airland13,2,1,155,290
airland13,2,1,156,292
airland13,2,1,157,301
airland13,2,1,158,302
airland13,2,1,159,305
airland13,2,1,160,307
airland13,2,1,161,309
airland13,2,1,162,311
airland13,2,1,163,313
airland13,2,1,164,314
airland13,2,1,165,317
airland13,2,1,166,320
airland13,2,1,167,321
airland13,2,1,168,325
airland13,2,1,169,326
airland13,2,1,170,328
airland13,2,1,171,331
airland13,2,1,172,333
airland13,2,1,173,334
airland13,2,1,174,336
airland13,2,1,175,337
airland13,2,1,176,340
airland13,2,1,177,342
airland13,2,1,178,344
airland13,2,1,179,345
airland13,2,1,180,348
airland13,2,1,181,349
airland13,2,1,182,351
airland13,2,1,183,354
airland13,2,1,184,356
airland13,2,1,185,357
airland13,2,1,186,360
airland13,2,1,187,362
airland13,2,1,188,364
airland13,2,1,189,365
airland13,2,1,190,367
airland13,2,1,191,368
airland13,2,1,192,370
airland13,2,1,193,373
airland13,2,1,194,372
airland13,2,1,195,378
airland13,2,1,196,379
airland13,2,1,197,382
airland13,2,1,198,385
airland13,2,1,199,384
airland13,2,1,200,388
airland13,2,1,201,389
airland13,2,1,202,390
airland13,2,1,203,393
airland13,2,1,204,396
airland13,2,1,205,399
airland13,2,1,206,400
airland13,2,1,207,404
airland13,2,1,208,405
airland13,2,1,209,409
airland13,2,1,210,406
airland13,2,1,211,412
airland13,2,1,212,415
airland13,2,1,213,417
airland13,2,1,214,420
airland13,2,1,215,418
airland13,2,1,216,419
airland13,2,1,217,425
airland13,2,1,218,427
airland13,2,1,219,428
airland13,2,1,220,429
airland13,2,1,221,431
airland13,2,1,222,433
airland13,2,1,223,435
airland13,2,1,224,437
airland13,2,1,225,440
airland13,2,1,226,441
airland13,2,1,227,442
airland13,2,1,228,444
airland13,2,1,229,447
airland13,2,1,230,449
airland13,2,1,231,450
airland13,2,1,232,451
airland13,2,1,233,453
airland13,2,1,234,455
airland13,2,1,235,456
airland13,2,1,236,458
airland13,2,1,237,459
airland13,2,1,238,460
airland13,2,1,239,462
airland13,2,1,240,465
airland13,2,1,241,467
airland13,2,1,242,470
airland13,2,1,243,471
airland13,2,1,244,473
airland13,2,1,245,475
airland13,2,1,246,477
airland13,2,1,247,478
airland13,2,1,248,482
airland13,2,1,249,484
airland13,2,1,250,486
airland13,2,1,251,490
airland13,2,1,252,491
airland13,2,1,253,487
airland13,2,1,254,495
airland13,2,1,255,497
airland13,2,1,256,499
airland13,2,2,1,1
airland13,2,2,2,4
airland13,2,2,3,6
airland13,2,2,4,9
airland13,2,2,5,10
airland13,2,2,6,11
airland13,2,2,7,13
airland13,2,2,8,15
airland13,2,2,9,16
airland13,2,2,10,20
airland13,2,2,11,22
airland13,2,2,12,23
airland13,2,2,13,25
airland13,2,2,14,26
airland13,2,2,15,29
airland13,2,2,16,32
airland13,2,2,17,34
airland13,2,2,18,36
airland13,2,2,19,37
airland13,2,2,20,39
airland13,2,2,21,43
airland13,2,2,22,44
airland13,2,2,23,46
airland13,2,2,24,48
airland13,2,2,25,50
airland13,2,2,26,52
airland13,2,2,27,53
airland13,2,2,28,55
airland13,2,2,29,58
airland13,2,2,30,56
airland13,2,2,31,59
airland13,2,2,32,62
airland13,2,2,33,65
airland13,2,2,34,67
airland13,2,2,35,70
airland13,2,2,36,71
airland13,2,2,37,73
airland13,2,2,38,75
airland13,2,2,39,81
airland13,2,2,40,84
airland13,2,2,41,86
airland13,2,2,42,89
airland13,2,2,43,91
airland13,2,2,44,93
airland13,2,2,45,96
airland13,2,2,46,97
airland13,2,2,47,99
airland13,2,2,48,100
airland13,2,2,49,103
airland13,2,2,50,104
airland13,2,2,51,105
airland13,2,2,52,110
airland13,2,2,53,112
airland13,2,2,54,114
airland13,2,2,55,116
airland13,2,2,56,117
airland13,2,2,57,118
airland13,2,2,58,119
airland13,2,2,59,122
airland13,2,2,60,124
airland13,2,2,61,126
airland13,2,2,62,128
airland13,2,2,63,129
airland13,2,2,64,132
airland13,2,2,65,134
airland13,2,2,66,136
airland13,2,2,67,141
airland13,2,2,68,142
airland13,2,2,69,143
airland13,2,2,70,145
airland13,2,2,71,148
airland13,2,2,72,149
airland13,2,2,73,150
airland13,2,2,74,153
airland13,2,2,75,156
airland13,2,2,76,158
airland13,2,2,77,161
airland13,2,2,78,162
airland13,2,2,79,164
airland13,2,2,80,166
airland13,2,2,81,168
airland13,2,2,82,170
airland13,2,2,83,171
airland13,2,2,84,172
airland13,2,2,85,176
airland13,2,2,86,177
airland13,2,2,87,178
airland13,2,2,88,179
airland13,2,2,89,180
airland13,2,2,90,182
airland13,2,2,91,183
airland13,2,2,92,185
airland13,2,2,93,187
airland13,2,2,94,188
airland13,2,2,95,190
airland13,2,2,96,191
airland13,2,2,97,193
airland13,2,2,98,195
airland13,2,2,99,198
airland13,2,2,100,202
airland13,2,2,101,206
airland13,2,2,102,208
airland13,2,2,103,212
airland13,2,2,104,213
airland13,2,2,105,216
airland13,2,2,106,219
airland13,2,2,107,221
airland13,2,2,108,224
airland13,2,2,109,226
airland13,2,2,110,229
airland13,2,2,111,231
airland13,2,2,112,233
airland13,2,2,113,236
airland13,2,2,114,239
airland13,2,2,115,240
airland13,2,2,116,243
airland13,2,2,117,245
airland13,2,2,118,247
airland13,2,2,119,248
airland13,2,2,120,250
airland13,2,2,121,252
airland13,2,2,122,255
airland13,2,2,123,254
airland13,2,2,124,259
airland13,2,2,125,261
airland13,2,2,126,263
airland13,2,2,127,265
airland13,2,2,128,266
airland13,2,2,129,268
airland13,2,2,130,269
airland13,2,2,131,271
airland13,2,2,132,273
airland13,2,2,133,275
airland13,2,2,134,278
airland13,2,2,135,279
airland13,2,2,136,282
airland13,2,2,137,284
airland13,2,2,138,286
airland13,2,2,139,289
airland13,2,2,140,291
airland13,2,2,141,294
airland13,2,2,142,297
airland13,2,2,143,298
airland13,2,2,144,299
airland13,2,2,145,300
airland13,2,2,146,303
airland13,2,2,147,304
airland13,2,2,148,306
airland13,2,2,149,308
airland13,2,2,150,310
airland13,2,2,151,312
airland13,2,2,152,315
airland13,2,2,153,316
airland13,2,2,154,318
airland13,2,2,155,319
airland13,2,2,156,322
airland13,2,2,157,323
airland13,2,2,158,324
airland13,2,2,159,327
airland13,2,2,160,329
airland13,2,2,161,330
airland13,2,2,162,332
airland13,2,2,163,335
airland13,2,2,164,338
airland13,2,2,165,339
airland13,2,2,166,341
airland13,2,2,167,343
airland13,2,2,168,346
airland13,2,2,169,347
airland13,2,2,170,350
airland13,2,2,171,352
airland13,2,2,172,353
airland13,2,2,173,355
airland13,2,2,174,358
airland13,2,2,175,359
airland13,2,2,176,361
airland13,2,2,177,363
airland13,2,2,178,366
airland13,2,2,179,369
airland13,2,2,180,371
airland13,2,2,181,374
airland13,2,2,182,375
airland13,2,2,183,376
airland13,2,2,184,377
airland13,2,2,185,380
airland13,2,2,186,381
airland13,2,2,187,383
airland13,2,2,188,386
airland13,2,2,189,387
airland13,2,2,190,391
airland13,2,2,191,392
airland13,2,2,192,394
airland13,2,2,193,395
airland13,2,2,194,397
airland13,2,2,195,398
airland13,2,2,196,401
airland13,2,2,197,402
airland13,2,2,198,403
airland13,2,2,199,407
airland13,2,2,200,410
airland13,2,2,201,408
airland13,2,2,202,411
airland13,2,2,203,413
airland13,2,2,204,414
airland13,2,2,205,416
airland13,2,2,206,421
airland13,2,2,207,422
airland13,2,2,208,423
airland13,2,2,209,424
airland13,2,2,210,426
airland13,2,2,211,430
airland13,2,2,212,432
airland13,2,2,213,434
airland13,2,2,214,436
airland13,2,2,215,439
airland13,2,2,216,438
airland13,2,2,217,443
airland13,2,2,218,445
airland13,2,2,219,446
airland13,2,2,220,448
airland13,2,2,221,452
airland13,2,2,222,454
airland13,2,2,223,457
airland13,2,2,224,461
airland13,2,2,225,463
airland13,2,2,226,464
airland13,2,2,227,466
airland13,2,2,228,468
airland13,2,2,229,469
airland13,2,2,230,472
airland13,2,2,231,474
airland13,2,2,232,476
airland13,2,2,233,479
airland13,2,2,234,480
airland13,2,2,235,481
airland13,2,2,236,483
airland13,2,2,237,485
airland13,2,2,238,488
airland13,2,2,239,489
airland13,2,2,240,492
airland13,2,2,241,493
airland13,2,2,242,494
airland13,2,2,243,496
airland13,2,2,244,498
