
Gurobi 13.0.3 (win64) logging started Wed Sep 30 17:39:30 2026

Set parameter LogFile to value "proofs\airland13_m2_gurobi.log"
Gurobi Optimizer version 13.0.3 build v13.0.3rc0 (win64 - Windows 11+.0 (26200.2))

CPU model: AMD Ryzen 5 5625U with Radeon Graphics, instruction set [SSE2|AVX|AVX2]
Thread count: 6 physical cores, 12 logical processors, using up to 10 threads

Non-default parameters:
TimeLimit  21600
MIPGap  1e-09
Threads  10

Optimize a model with 267743 rows, 252000 columns and 818472 nonzeros (Min)
Model fingerprint: 0x3ad9710f
Model has 1000 linear objective coefficients
Variable types: 1500 continuous, 250500 integer (250500 binary)
Coefficient statistics:
  Matrix range     [1e+00, 4e+03]
  Objective range  [1e+00, 2e+00]
  Bounds range     [1e+00, 6e+04]
  RHS range        [1e+00, 5e+04]

Loaded user MIP start with objective 3920.39

Presolve removed 232910 rows and 233258 columns
Presolve time: 0.22s
Presolved: 34833 rows, 18742 columns, 119867 nonzeros
Variable types: 1500 continuous, 17242 integer (17242 binary)
Performing another presolve...
Presolve removed 856 rows and 356 columns
Presolve time: 0.23s
Deterministic concurrent LP optimizer: primal and dual simplex
Showing primal log only...

Concurrent spin time: 0.00s

Solved with dual simplex

Root relaxation: objective 2.512479e-11, 301 iterations, 0.09 seconds (0.06 work units)

    Nodes    |    Current Node    |     Objective Bounds      |     Work
 Expl Unexpl |  Obj  Depth IntInf | Incumbent    BestBd   Gap | It/Node Time

     0     0    0.00000    0  294 3920.39000    0.00000   100%     -    0s
     0     0    0.00000    0 1122 3920.39000    0.00000   100%     -    1s
     0     0    0.00000    0 1851 3920.39000    0.00000   100%     -    4s
     0     0    0.00000    0  627 3920.39000    0.00000   100%     -    5s
     0     0    0.00000    0  750 3920.39000    0.00000   100%     -    7s
     0     0  221.87932    0  969 3920.39000  221.87932  94.3%     -    9s
     0     0  221.87932    0  499 3920.39000  221.87932  94.3%     -    9s
     0     0 1190.39919    0  706 3920.39000 1190.39919  69.6%     -    9s
     0     0 1190.39919    0  735 3920.39000 1190.39919  69.6%     -   10s
     0     0 1190.39919    0  761 3920.39000 1190.39919  69.6%     -   10s
     0     0 1190.39919    0  758 3920.39000 1190.39919  69.6%     -   10s
     0     0 1190.39919    0  757 3920.39000 1190.39919  69.6%     -   10s
     0     0 1190.39919    0  758 3920.39000 1190.39919  69.6%     -   10s
     0     0 1190.39919    0  758 3920.39000 1190.39919  69.6%     -   10s
     0     0 1680.09350    0  747 3920.39000 1680.09350  57.1%     -   11s
     0     0 1780.53969    0  746 3920.39000 1780.53969  54.6%     -   11s
     0     0 1790.90683    0  748 3920.39000 1790.90683  54.3%     -   11s
     0     0 1791.97751    0  751 3920.39000 1791.97751  54.3%     -   11s
     0     0 1792.13857    0  751 3920.39000 1792.13857  54.3%     -   12s
     0     0 1899.34011    0  763 3920.39000 1899.34011  51.6%     -   12s
     0     0 2034.81797    0  760 3920.39000 2034.81797  48.1%     -   13s
     0     0 2038.68628    0  753 3920.39000 2038.68628  48.0%     -   13s
     0     0 2048.97667    0  767 3920.39000 2048.97667  47.7%     -   13s
     0     0 2052.06782    0  767 3920.39000 2052.06782  47.7%     -   13s
     0     0 2052.27600    0  765 3920.39000 2052.27600  47.7%     -   13s
     0     0 2139.70380    0  768 3920.39000 2139.70380  45.4%     -   14s
     0     0 2154.93470    0  770 3920.39000 2154.93470  45.0%     -   14s
     0     0 2161.60436    0  771 3920.39000 2161.60436  44.9%     -   14s
     0     0 2161.60436    0  768 3920.39000 2161.60436  44.9%     -   14s
     0     0 2225.77398    0  788 3920.39000 2225.77398  43.2%     -   15s
     0     0 2237.81990    0  775 3920.39000 2237.81990  42.9%     -   15s
     0     0 2237.81990    0  776 3920.39000 2237.81990  42.9%     -   16s
     0     0 2237.81990    0  767 3920.39000 2237.81990  42.9%     -   16s
     0     0 2256.94364    0  784 3920.39000 2256.94364  42.4%     -   17s
     0     0 2256.94364    0  761 3920.39000 2256.94364  42.4%     -   17s
     0     0 2256.94364    0  767 3920.39000 2256.94364  42.4%     -   18s
     0     0 2256.94364    0  769 3920.39000 2256.94364  42.4%     -   18s
     0     0 2256.94364    0  758 3920.39000 2256.94364  42.4%     -   18s
     0     0 2256.94364    0  758 3920.39000 2256.94364  42.4%     -   18s
     0     0 2256.94364    0  399 3920.39000 2256.94364  42.4%     -   18s
     0     2 2256.94364    0  397 3920.39000 2256.94364  42.4%     -   20s
   256   277 2728.78074   22  632 3920.39000 2334.23356  40.5%  34.6   25s
   678   702 2999.04804   51  517 3920.39000 2334.23356  40.5%  21.6   30s
  1133  1221 3311.79755   91  371 3920.39000 2334.23356  40.5%  17.8   35s
  1870  1904 3870.04254  158  395 3920.39000 2334.23356  40.5%  13.7   40s
  2529  2417 2821.55516   36  526 3920.39000 2371.91447  39.5%  14.1   45s
  2968  2930 3072.82984   53  519 3920.39000 2371.91447  39.5%  13.6   50s
  3541  3534 3302.48266   72  489 3920.39000 2371.91447  39.5%  13.1   55s
  4213  4223 3583.88279   99  472 3920.39000 2382.45679  39.2%  12.6   61s
  4635  4432 3547.69628  106  979 3920.39000 2382.45679  39.2%  12.2   76s
  4639  4435 3342.94651   95 2610 3920.39000 2382.45679  39.2%  12.2   81s
  4641  4436 3781.51886  131 2471 3920.39000 2382.45679  39.2%  12.2   87s
  4642  4437 2572.05232   12 2464 3920.39000 2382.45679  39.2%  12.2   92s
  4644  4438 2850.80352   40 2117 3920.39000 2382.45679  39.2%  12.2   95s
  4648  4441 2737.92251   22 1902 3920.39000 2382.45679  39.2%  12.2  100s
  4660  4449 3089.07399   55 1274 3920.39000 2501.76930  36.2%  12.1  105s
  4673  4458 3778.93502  135 1244 3920.39000 2703.47588  31.0%  12.1  110s
  4687  4467 2823.95781   17 1229 3920.39000 2823.95781  28.0%  12.1  115s
  4703  4478 3850.53835  123 1222 3920.39000 2884.06015  26.4%  12.0  120s
  4716  4486 2905.48460   17 1194 3920.39000 2905.48460  25.9%  12.0  125s
  4732  4497 3767.76678   91 1220 3920.39000 2930.35366  25.3%  12.0  130s
  4747  4507 3336.43739   79 1176 3920.39000 2962.30164  24.4%  11.9  135s
  4759  4515 3631.42475  129 1218 3920.39000 2973.34498  24.2%  11.9  140s
  4767  4520 3524.56474   87 1211 3920.39000 2985.82774  23.8%  11.9  145s
  4778  4528 3343.88808   73 1209 3920.39000 2994.12816  23.6%  11.8  150s
  4784  4532 3161.23879   50 1209 3920.39000 2994.12816  23.6%  11.8  155s
  4789  4535 2995.01514   62 1208 3920.39000 2995.01514  23.6%  11.8  160s
  4792  4537 3092.44254   59 1211 3920.39000 2995.01514  23.6%  11.8  165s
  4800  4543 3305.46072   88  307 3920.39000 3011.88658  23.2%  43.8  170s
  4814  4553 3207.57274   61  760 3920.39000 3019.31147  23.0%  43.7  175s
  4830  4563 3347.54610   93  637 3920.39000 3020.45714  23.0%  43.6  180s
  4846  4574 3026.03866   62  637 3920.39000 3023.50028  22.9%  43.4  185s
  4863  4585 3114.37048   80  721 3920.39000 3024.55383  22.9%  43.3  190s
  4871  4591 3332.41629  101  721 3920.39000 3029.42385  22.7%  43.2  195s
  4878  4595 3343.88808   73  714 3920.39000 3030.92517  22.7%  43.1  200s
  4888  4602 3032.07084   16  718 3920.39000 3032.07084  22.7%  43.0  205s
  4901  4611 3465.62275  126  722 3920.39000 3038.13909  22.5%  42.9  211s
  4905  4613 3544.14126   81  724 3920.39000 3038.13909  22.5%  42.9  216s
  4910  4617 3045.44331   31  718 3920.39000 3045.44331  22.3%  42.8  220s
  4920  4623 3658.26468  116  722 3920.39000 3045.44331  22.3%  42.8  225s
  4932  4640 3051.83433   27  517 3920.39000 3045.44331  22.3%  48.1  230s
  5335  4932 3164.97930   48  607 3920.39000 3045.44331  22.3%  47.0  235s
  5816  5230 3222.70992   70  584 3920.39000 3045.44331  22.3%  44.4  240s
  5876  5270 3243.49624   73  583 3920.39000 3045.44331  22.3%  44.1  245s
  5936  5310 3254.20414   76  571 3920.39000 3045.44331  22.3%  43.7  250s
  6006  5356 3226.57545   80  568 3920.39000 3045.44331  22.3%  43.4  255s
  6076  5403 3262.75258   83  563 3920.39000 3045.44331  22.3%  43.0  260s
  6136  5443 3235.67183   86  544 3920.39000 3045.44331  22.3%  42.7  265s
  6206  5490 3238.51017   90  536 3920.39000 3045.44331  22.3%  42.4  270s
  6246  5516 3249.79567   92  525 3920.39000 3045.44331  22.3%  42.2  275s
  6316  5563 3251.75447   94  436 3920.39000 3045.44331  22.3%  41.9  280s
  6461  5788 3252.25246   95  435 3920.39000 3045.44331  22.3%  41.3  285s
  6683  5844 3291.23064  100  417 3920.39000 3045.44331  22.3%  40.3  290s
  6907  5963 3314.66726  102  422 3920.39000 3045.44331  22.3%  39.3  296s
  7038  6110 3387.34182  103  435 3920.39000 3045.44331  22.3%  39.2  300s
  7406  6416 3559.87835  111  448 3920.39000 3045.44331  22.3%  38.1  305s
  7991  6690 3776.52708  139  420 3920.39000 3045.44331  22.3%  36.9  310s
  8564  7149 3110.70203   33  532 3920.39000 3045.44331  22.3%  35.5  315s
  9671  7744 3586.35811   76  557 3920.39000 3048.33626  22.2%  33.1  322s
 10438  8063 3904.68480   83  555 3920.39000 3055.84813  22.1%  32.0  327s
 10874  8329 3352.31314   54  542 3920.39000 3055.84813  22.1%  31.5  330s
 11715  8772 3660.84734  108  408 3920.39000 3055.84813  22.1%  30.5  335s
 12631  9348 3457.11452   61  575 3920.39000 3057.56663  22.0%  29.4  341s
 13273  9441 3076.83241   32  502 3920.39000 3062.83252  21.9%  28.9  345s
H13432  9154                    3920.3899965 3062.83252  21.9%  28.7  345s
 14272 10028 3160.86955   58  547 3920.39000 3063.43934  21.9%  28.0  352s
 14980 10253 3276.95549   86  467 3920.39000 3063.43934  21.9%  27.4  355s
 16242 11177 3897.40447  137  378 3920.39000 3069.13743  21.7%  26.6  364s
 17360 11208 3357.16879   63  547 3920.39000 3070.38460  21.7%  26.0  367s
 18383 11860 3579.00971   61  539 3920.39000 3070.75731  21.7%  25.4  372s
 18950 12389 3207.67189   48  582 3920.39000 3070.75731  21.7%  25.1  375s
 20179 13413 3472.25623   58  511 3920.39000 3072.53702  21.6%  24.7  382s
 20873 13939 3226.84168   59  609 3920.39000 3072.98012  21.6%  24.4  385s
 22455 15361 3563.52141   72  502 3920.39000 3073.60780  21.6%  23.8  392s
 23369 16069 3674.60547   77  510 3920.39000 3074.04077  21.6%  23.5  396s
 24319 16723 3774.59514   88  560 3920.39000 3074.12808  21.6%  23.1  400s
 26123 18384 3883.84001  103  491 3920.39000 3075.12842  21.6%  22.7  409s
 27104 19051 3621.07281   65  600 3920.39000 3075.12842  21.6%  22.5  413s
 27943 19950 3490.55279   83  521 3920.39000 3075.35772  21.6%  22.2  418s
 28917 20723 3632.43686  127  433 3920.39000 3075.35772  21.6%  22.0  423s
 29872 21404 3102.44166   40  432 3920.39000 3076.14653  21.5%  21.7  428s
 30732 22254 3313.84493   56  610 3920.39000 3076.14653  21.5%  21.6  434s
 31739 23172 3081.45261   39  552 3920.39000 3076.95983  21.5%  21.4  439s
 32851 23173 3091.79061   39 5372 3920.39000 3076.95983  21.5%  21.2  513s
 32854 23175 3312.15317   53  679 3920.39000 3076.95983  21.5%  21.2  515s
 32863 23181 3127.64729   45  918 3920.39000 3100.25785  20.9%  21.2  520s
 32869 23185 3509.34514  125  826 3920.39000 3100.25785  20.9%  21.2  532s
 32874 23188 3589.01815  107  760 3920.39000 3104.49215  20.8%  21.2  544s
 32876 23190 3851.28960  100  744 3920.39000 3107.42193  20.7%  21.2  545s
 32882 23194 3108.15250   44  748 3920.39000 3108.15250  20.7%  21.2  553s
 32887 23197 3124.27487   44  717 3920.39000 3124.27487  20.3%  21.2  562s
 32892 23200 3869.80146  144  705 3920.39000 3130.24880  20.2%  21.2  573s
 32897 23204 3520.52985   68  700 3920.39000 3135.64164  20.0%  21.2  582s
 32902 23207 3252.29347   95  711 3920.39000 3135.64164  20.0%  21.2  591s
 32906 23210 3420.62144   77  702 3920.39000 3137.08080  20.0%  21.2  600s
 32911 23213 3246.57840   77  705 3920.39000 3137.39624  20.0%  21.2  608s
 32916 23216 3849.77926   97  702 3920.39000 3137.41350  20.0%  21.2  610s
 32917 23217 3717.98480   72  701 3920.39000 3137.41367  20.0%  21.2  618s
 32919 23218 3855.86499   98  703 3920.39000 3138.35413  19.9%  21.2  627s
 32922 23220 3824.94699   90  706 3920.39000 3139.12339  19.9%  21.1  636s
 32926 23223 3329.52130   66  699 3920.39000 3139.12339  19.9%  21.1  646s
 32929 23225 3461.09184   82  700 3920.39000 3140.33973  19.9%  21.1  656s
 32934 23228 3170.77623   51  700 3920.39000 3140.33973  19.9%  21.1  667s
 32939 23232 3799.48023  115  699 3920.39000 3141.44661  19.9%  21.1  677s
 32942 23234 3566.54161  133  700 3920.39000 3143.72566  19.8%  21.1  688s
 32945 23236 3491.49946   80  701 3920.39000 3143.72566  19.8%  21.1  699s
 32946 23236 3353.84765   63  701 3920.39000 3143.72566  19.8%  21.1  700s
 32947 23237 3249.39895   42  695 3920.39000 3143.72566  19.8%  21.1  709s
 32948 23238 3212.47160   59  700 3920.39000 3143.72566  19.8%  21.1  710s
 32949 23238 3540.47464  102  709 3920.39000 3143.72566  19.8%  21.1  721s
 32951 23240 3143.72566   39  700 3920.39000 3143.72566  19.8%  21.1  732s
 32953 23241 3358.41143  100  700 3920.39000 3143.72566  19.8%  21.1  743s
 32954 23242 3312.15317   53  699 3920.39000 3143.72566  19.8%  21.1  746s
 32957 23244 3699.52673   98  698 3920.39000 3143.72566  19.8%  21.1  756s
 32959 23245 3146.82461   53  696 3920.39000 3143.72566  19.8%  21.1  768s
 32961 23246 3513.07529   70  703 3920.39000 3143.72566  19.8%  21.1  781s
 32963 23248 3143.72566   45  698 3920.39000 3143.72566  19.8%  21.1  791s
 32965 23249 3207.52859   49  699 3920.39000 3143.72566  19.8%  21.1  803s
 32967 23250 3316.54495   49  704 3920.39000 3143.72566  19.8%  21.1  816s
 32968 23251 3599.98817  123  346 3920.39000 3143.72566  19.8%  21.1  828s
 32969 23252 3509.34514  125  506 3920.39000 3143.72566  19.8%  21.1  841s
 32970 23252 3688.92336   86  322 3920.39000 3143.72566  19.8%  21.1  852s
 32971 23253 3466.04007   59  476 3920.39000 3143.72566  19.8%  21.1  865s
 32975 23256 3277.78876   84  435 3920.39000 3143.72566  19.8%  21.1  878s
 32977 23257 3338.15709   55  460 3920.39000 3143.72566  19.8%  21.1  889s
 32978 23258 3301.69454   82  439 3920.39000 3143.72566  19.8%  21.1  890s
 32979 23258 3258.93880   67  438 3920.39000 3143.72566  19.8%  21.1  901s
 32982 23260 3143.72566   44  430 3920.39000 3143.72566  19.8%  21.1  912s
 32983 23261 3576.85530   61  432 3920.39000 3143.72566  19.8%  21.1  915s
 32984 23262 3741.20307   81  436 3920.39000 3143.72566  19.8%  21.1  927s
 32986 23263 3278.96761   98  434 3920.39000 3143.72566  19.8%  21.1  939s
 32987 23264 3143.72566   44  433 3920.39000 3143.72566  19.8%  21.1  940s
 32994 23268 3236.66562   71  439 3920.39000 3143.88275  19.8%  21.1  945s
 32997 23270 3520.52985   68  446 3920.39000 3143.88275  19.8%  21.1  951s
 33000 23272 3261.78511  100  388 3920.39000 3143.88275  19.8%  21.1  955s
 33001 23273 3813.76773  136  347 3920.39000 3144.20194  19.8%  21.1  960s
 33009 23278 3711.75528  150  417 3920.39000 3144.76124  19.8%  21.1  965s
 33015 23282 3546.38050   70  413 3920.39000 3144.84109  19.8%  21.1  970s
 33023 23288 3371.28623   92  413 3920.39000 3144.87727  19.8%  21.1  975s
 33027 23290 3733.31532  141  448 3920.39000 3144.87860  19.8%  21.1  980s
 33034 23295 3170.77623   51  449 3920.39000 3146.51111  19.7%  21.1  985s
 33045 23302 3491.49946   80  422 3920.39000 3147.49061  19.7%  21.1  990s
 33051 23306 3147.53527   39  435 3920.39000 3147.53527  19.7%  21.1  996s
 33060 23312 3177.85733   54  393 3920.39000 3149.26576  19.7%  21.1 1000s
 33072 23320 3610.22270  113  399 3920.39000 3151.66713  19.6%  21.1 1005s
 33079 23325 3258.93880   67  406 3920.39000 3151.79446  19.6%  21.0 1010s
 33088 23331 3249.34941   69  401 3920.39000 3152.14774  19.6%  21.0 1015s
 33093 23334 3899.39556   96  395 3920.39000 3152.19435  19.6%  21.0 1022s
 33095 23336 3239.92056   45  398 3920.39000 3152.20553  19.6%  21.0 1025s
 33103 23341 3860.26027   84  397 3920.39000 3152.30544  19.6%  21.0 1030s
 33107 23344 3450.43040   82  404 3920.39000 3152.30544  19.6%  21.0 1035s
 33112 23347 3339.41358   61  382 3920.39000 3152.65275  19.6%  21.0 1040s
 33119 23352 3855.86499   98  395 3920.39000 3152.67831  19.6%  21.0 1045s
 33124 23355 3439.82012   72  384 3920.39000 3152.68353  19.6%  21.0 1050s
 33130 23359 3169.31398   45  390 3920.39000 3152.84291  19.6%  21.0 1055s
 33137 23364 3402.04762   73  390 3920.39000 3152.95627  19.6%  21.0 1060s
 33144 23368 3738.86087   74  391 3920.39000 3153.16762  19.6%  21.0 1065s
 33148 23371 3212.47160   59  352 3920.39000 3153.17011  19.6%  21.0 1070s
 33200 23417 3169.24332   40  409 3920.39000 3154.01599  19.5%  23.1 1075s
 33290 23482 3278.18529   44  379 3920.39000 3154.01599  19.5%  23.0 1080s
 33400 23550 3364.32492   51  363 3920.39000 3154.01599  19.5%  23.0 1085s
 33489 23619 3342.55329   56  356 3920.39000 3154.01599  19.5%  23.0 1090s
 33604 23686 3357.12909   63  351 3920.39000 3154.01599  19.5%  23.0 1095s
 33656 23721 3366.11714   66  341 3920.39000 3154.01599  19.5%  23.0 1100s
 33746 23780 3398.56677   72  331 3920.39000 3154.01599  19.5%  23.0 1105s
 33839 23888 3446.03890   76  326 3920.39000 3154.01599  19.5%  22.9 1110s
 33972 23930 3445.69829   82  319 3920.39000 3154.01599  19.5%  22.9 1115s
 34047 24019 3427.85612   86  314 3920.39000 3154.01599  19.5%  22.9 1120s
 34231 24085 3536.03375   94  305 3920.39000 3154.01599  19.5%  22.8 1126s
 34430 24213 3615.69548  104  282 3920.39000 3154.01599  19.5%  22.8 1132s
 34440 24219 3615.72469  104  282 3920.39000 3154.01599  19.5%  22.8 1135s
 34460 24233 3730.78186  105  265 3920.39000 3154.01599  19.5%  22.8 1140s
 34490 24288 3617.34104  107  274 3920.39000 3154.01599  19.5%  22.8 1146s
 34716 24539 3682.07154  118  216 3920.39000 3154.01599  19.5%  22.7 1150s
 35086 24838 3767.49847  135  207 3920.39000 3154.01599  19.5%  22.6 1155s
 35499 24979 3250.26065   62  341 3920.39000 3154.01599  19.5%  22.5 1161s
 35772 24910 3417.32774   77  322 3920.39000 3154.13904  19.5%  22.5 1166s
 35796 24940 3420.51988   79  311 3920.39000 3154.13904  19.5%  22.5 1170s
 36350 25518 3490.88013   93  297 3920.39000 3155.18990  19.5%  22.4 1180s
 36943 25879 3653.17841  114  241 3920.39000 3155.65744  19.5%  22.2 1185s
 37867 26426     cutoff  135      3920.39000 3158.08388  19.4%  22.0 1191s
 38910 26892 3430.15704   60  311 3920.39000 3160.02031  19.4%  21.8 1197s
 39361 27098 3477.33375   82  265 3920.39000 3163.11189  19.3%  21.7 1200s
 40229 27696 3783.05725  122  208 3920.39000 3163.21145  19.3%  21.5 1207s
 40765 27995 3830.56229  144  123 3920.39000 3163.26743  19.3%  21.3 1210s
 42094 28644 3879.68560   74  296 3920.39000 3166.52513  19.2%  21.0 1217s
 42864 28728     cutoff  108      3920.39000 3166.52513  19.2%  20.9 1221s
 43269 29187 3657.34866   62  326 3920.39000 3168.11841  19.2%  20.8 1225s
 44925 29935 3856.89840   94  252 3920.39000 3170.45489  19.1%  20.4 1233s
 45753 30393 3324.51342   63  348 3920.39000 3170.45489  19.1%  20.3 1237s
 46598 30765 3575.51036  112  242 3920.39000 3170.45489  19.1%  20.1 1241s
 47382 31147 3704.62209  139  194 3920.39000 3171.51343  19.1%  20.0 1246s
 48276 31570     cutoff  159      3920.39000 3172.19853  19.1%  19.8 1250s
 49279 31242 3493.31996   96  720 3920.39000 3173.10230  19.1%  19.7 1255s
 49288 31248 3251.63468   49  743 3920.39000 3173.10230  19.1%  19.7 1260s
 49291 31250 3484.37404   65  809 3920.39000 3173.10230  19.1%  19.7 1275s
 49294 31252 3272.35097   58  793 3920.39000 3173.10230  19.1%  19.7 1285s
 49296 31253 3569.22051  112  766 3920.39000 3173.10230  19.1%  19.7 1295s
 49299 31255 3711.85827   92  773 3920.39000 3173.10230  19.1%  19.7 1308s
 49303 31258 3321.65645   74  755 3920.39000 3173.10230  19.1%  19.7 1310s
 49304 31258 3480.72526   78  758 3920.39000 3173.10230  19.1%  19.7 1322s
 49306 31260 3216.75512   49  759 3920.39000 3173.10230  19.1%  19.7 1334s
 49307 31260 3842.66600   79  764 3920.39000 3173.10230  19.1%  19.7 1335s
 49309 31262 3703.85923  111  764 3920.39000 3173.10230  19.1%  19.7 1344s
 49310 31262 3761.49151   91  773 3920.39000 3173.10230  19.1%  19.7 1345s
 49311 31263 3878.64252   78  774 3920.39000 3173.10230  19.1%  19.7 1355s
 49313 31264 3660.40536   85  766 3920.39000 3173.10230  19.1%  19.7 1365s
 49315 31266 3688.62336  111  771 3920.39000 3173.10230  19.1%  19.7 1376s
 49317 31267 3181.17034   47  772 3920.39000 3173.10230  19.1%  19.7 1387s
 49321 31270 3906.87679  130  771 3920.39000 3173.10230  19.1%  19.7 1397s
 49322 31270 3516.92624   88  350 3920.39000 3173.10230  19.1%  19.7 1406s
 49323 31271 3391.48062   79  630 3920.39000 3173.10230  19.1%  19.7 1416s
 49326 31273 3658.50272  107  600 3920.39000 3173.10230  19.1%  19.7 1427s
 49329 31275 3788.13851  101  600 3920.39000 3173.10230  19.1%  19.7 1437s
 49333 31278 3371.13027   72  603 3920.39000 3173.10230  19.1%  19.7 1448s
 49335 31279 3294.42138   60  600 3920.39000 3173.10230  19.1%  19.7 1459s
 49337 31280 3476.62671   55  604 3920.39000 3173.10230  19.1%  19.7 1469s
 49338 31281 3424.55434   87  602 3920.39000 3173.10230  19.1%  19.7 1470s
 49339 31282 3720.42516   80  604 3920.39000 3173.10230  19.1%  19.7 1480s
 49341 31283 3649.77236  100  603 3920.39000 3173.10230  19.1%  19.7 1491s
 49343 31284 3617.87924   67  604 3920.39000 3173.10230  19.1%  19.7 1500s
 49344 31285 3802.10181  116  368 3920.39000 3173.10230  19.1%  19.7 1510s
 49345 31286 3686.44408   83  495 3920.39000 3173.10230  19.1%  19.6 1521s
 49346 31286 3477.70082   91  352 3920.39000 3173.10230  19.1%  19.6 1531s
 49347 31287 3405.69779   76  420 3920.39000 3173.10230  19.1%  19.6 1542s
 49349 31288 3604.06339  103  530 3920.39000 3173.10230  19.1%  19.6 1553s
 49352 31290 3388.01670   69  524 3920.39000 3173.10230  19.1%  19.6 1564s
 49354 31292 3290.33571   56  529 3920.39000 3173.10230  19.1%  19.6 1574s
 49356 31293 3630.42158   77  526 3920.39000 3173.10230  19.1%  19.6 1584s
 49358 31294 3313.44988   55  528 3920.39000 3173.10230  19.1%  19.6 1594s
 49359 31295 3486.07448   74  527 3920.39000 3173.10230  19.1%  19.6 1597s
 49360 31296 3615.92865   71  526 3920.39000 3173.10230  19.1%  19.6 1607s
 49362 31297 3605.60034  110  527 3920.39000 3173.10230  19.1%  19.6 1616s
 49364 31298 3617.88610   78  526 3920.39000 3173.10230  19.1%  19.6 1627s
 49365 31299 3349.02189   75  370 3920.39000 3173.10230  19.1%  19.6 1636s
 49367 31300 3420.99180   87  362 3920.39000 3173.10230  19.1%  19.6 1640s
 49371 31303 3633.28029   68  364 3920.39000 3173.10230  19.1%  19.6 1646s
 49375 31306 3791.78991  110  486 3920.39000 3173.10230  19.1%  19.6 1650s
 49381 31310 3403.62385   53  525 3920.39000 3173.10230  19.1%  19.6 1655s
 49384 31312 3503.08935   96  484 3920.39000 3173.10230  19.1%  19.6 1660s
 49389 31315 3423.54372   68  526 3920.39000 3173.10230  19.1%  19.6 1666s
 49393 31318 3713.45065  103  351 3920.39000 3173.10230  19.1%  19.6 1671s
 49399 31322 3711.85827   92  476 3920.39000 3173.10230  19.1%  19.6 1675s
 49401 31323 3913.25395  101  464 3920.39000 3173.10230  19.1%  19.6 1680s
 49409 31328 3703.85923  111  473 3920.39000 3173.10230  19.1%  19.6 1685s
 49415 31332 3688.62336  111  435 3920.39000 3173.10230  19.1%  19.6 1690s
 49420 31336 3224.37757   48  399 3920.39000 3173.10230  19.1%  19.6 1695s
 49425 31339 3740.42070   89  411 3920.39000 3173.10230  19.1%  19.6 1700s
 49432 31344 3262.98680   57  417 3920.39000 3173.10230  19.1%  19.6 1705s
 49436 31346 3760.66700  115  408 3920.39000 3173.10230  19.1%  19.6 1711s
 49441 31350 3649.77236  100  530 3920.39000 3173.10230  19.1%  19.6 1716s
 49445 31352 3686.44408   83  448 3920.39000 3173.10230  19.1%  19.6 1720s
 49452 31357 3388.01670   69  446 3920.39000 3173.10230  19.1%  19.6 1725s
 49457 31360 3457.02574   78  422 3920.39000 3173.10230  19.1%  19.6 1730s
 49461 31363 3220.32055   42  483 3920.39000 3173.10230  19.1%  19.6 1735s
 49470 31369 3783.07818  124  422 3920.39000 3173.10230  19.1%  19.6 1740s
 49478 31374 3530.97377   86  417 3920.39000 3173.10230  19.1%  19.6 1745s
 49484 31378 3503.08935   96  389 3920.39000 3173.10230  19.1%  19.6 1751s
 49487 31380 3653.53083   62  432 3920.39000 3173.10230  19.1%  19.6 1755s
 49496 31386 3569.22051  112  440 3920.39000 3173.10230  19.1%  19.6 1760s
 49505 31392 3491.55690   77  443 3920.39000 3173.10230  19.1%  19.6 1765s
 49513 31398 3660.40536   85  447 3920.39000 3173.10230  19.1%  19.6 1770s
 49519 31402 3912.99200  108  412 3920.39000 3173.10230  19.1%  19.6 1776s
 49523 31404 3391.48062   79  373 3920.39000 3173.10230  19.1%  19.6 1780s
 49596 31474 3243.20669   51  432 3920.39000 3186.40064  18.7%  21.2 1785s
 49796 31604 3251.45467   60  441 3920.39000 3186.40064  18.7%  21.2 1790s
 50015 31767 3263.27389   71  409 3920.39000 3186.40064  18.7%  21.2 1795s
 50152 31835 3305.75635   78  390 3920.39000 3186.40064  18.7%  21.2 1801s
 50192 31861 3408.67564   80  391 3920.39000 3186.40064  18.7%  21.2 1806s
 50232 31888 3426.30087   82  393 3920.39000 3186.40064  18.7%  21.2 1810s
 50328 32001 3553.07140   88  378 3920.39000 3186.40064  18.7%  21.2 1815s
 50607 32201 3606.63352  102  373 3920.39000 3186.40064  18.7%  21.1 1820s
 50875 32415 3647.46854  113  348 3920.39000 3186.40064  18.7%  21.1 1825s
 51153 32484 3699.32218  124  344 3920.39000 3186.40064  18.7%  21.1 1830s
 51411 32787 3670.75297  136  304 3920.39000 3186.40064  18.7%  21.0 1835s
 51964 32996 3819.87727  165  265 3920.39000 3186.70089  18.7%  20.9 1840s
 52565 33426 3315.57434   75  431 3920.39000 3196.15114  18.5%  21.0 1846s
 53130 33814 3522.98420  106  377 3920.39000 3196.15114  18.5%  20.9 1850s
 54080 34358 3734.12136  151  221 3920.39000 3196.15114  18.5%  20.7 1857s
 54834 34704     cutoff  165      3920.39000 3196.15114  18.5%  20.6 1861s
 55635 35186 3248.34558   59  404 3920.39000 3209.35934  18.1%  20.5 1866s
 56496 35685 3427.98575  118  262 3920.39000 3209.59332  18.1%  20.4 1872s
 56934 35939 3609.09818  133  230 3920.39000 3209.59332  18.1%  20.3 1875s
 57954 36481 3777.24240  168  245 3920.39000 3211.12632  18.1%  20.1 1880s
 59098 36933 3585.66748   82  357 3920.39000 3211.91214  18.1%  20.0 1887s
 59637 37025 3348.46499   66  349 3920.39000 3212.80683  18.0%  19.9 1890s
 59938 37360 3443.34770   81  329 3920.39000 3212.80683  18.0%  19.9 1897s
 60489 37752 3725.92406   97  321 3920.39000 3213.82878  18.0%  19.9 1900s
 62027 38485 infeasible  125      3920.39000 3214.74409  18.0%  19.7 1908s
 62810 38785 3384.73296   54  356 3920.39000 3215.59624  18.0%  19.6 1913s
 63535 39147 3557.61815   75  358 3920.39000 3216.22285  18.0%  19.6 1918s
 64299 39652 3371.47951   83  328 3920.39000 3216.36032  18.0%  19.5 1922s
 65269 39963     cutoff  195      3920.39000 3216.36032  18.0%  19.4 1927s
 66078 40702 3333.84741   76  397 3920.39000 3216.75482  17.9%  19.3 1933s
 67148 40945 3663.12575  128  240 3920.39000 3216.75482  17.9%  19.2 1937s
 67875 41280 3306.11167   70  347 3920.39000 3216.75482  17.9%  19.1 1941s
 68624 41739     cutoff  100      3920.39000 3217.59890  17.9%  19.0 1946s
 69579 42189     cutoff  111      3920.39000 3217.62906  17.9%  18.9 1951s
 70475 42795 3645.52065  120  248 3920.39000 3218.69248  17.9%  18.8 1956s
 71424 43136 3825.04299  161  146 3920.39000 3218.69656  17.9%  18.7 1960s
 72378 43679     cutoff   86      3920.39000 3219.18139  17.9%  18.6 1965s
 73411 44039 3849.27979   84  293 3920.39000 3219.37918  17.9%  18.6 1971s
 74325 44452 3555.03457   84  343 3920.39000 3219.83555  17.9%  18.5 1977s
 75216 45313 3430.10370   70  327 3920.39000 3220.46980  17.9%  18.4 1983s
 76559 45767 3666.87744  130  228 3920.39000 3220.70225  17.8%  18.3 1990s
 77777 46399 3607.80370   83  341 3920.39000 3221.48093  17.8%  18.2 1995s
 78948 46813 3704.36024  103  312 3920.39000 3221.87343  17.8%  18.1 2000s
 79898 47374 3398.19338   73  346 3920.39000 3221.89345  17.8%  18.0 2006s
 80958 47808 3701.70557  119  286 3920.39000 3221.89345  17.8%  18.0 2012s
 82037 48323 3434.98468   75  362 3920.39000 3222.31854  17.8%  17.9 2017s
 83160 48088     cutoff  122      3920.39000 3222.77036  17.8%  17.8 2023s
 83352 54479 3251.48137   61  370 3920.39000 3223.01580  17.8%  17.8 2062s
 91327 52631 3893.29890  122  248 3920.39000 3224.44600  17.8%  17.4 2069s
 92248 52971 3794.59849  118  262 3920.39000 3224.85356  17.7%  17.3 2075s
 93008 53581 3338.86758   66  361 3920.39000 3224.85356  17.7%  17.3 2080s
 94124 53840 3875.91009   90  283 3920.39000 3225.54639  17.7%  17.2 2085s
 94992 54677 3606.18960   99  288 3920.39000 3226.10138  17.7%  17.2 2091s
 96412 55182 3640.98663   69  349 3920.39000 3226.43765  17.7%  17.1 2096s
 97745 55543 3760.19465   82  355 3920.39000 3226.75987  17.7%  17.0 2101s
 98882 56147 3314.80332   69  378 3920.39000 3227.16165  17.7%  17.0 2106s
 100170 56529 3438.95845   75  333 3920.39000 3227.44147  17.7%  16.9 2114s
 101274 57316 3617.21948   80  358 3920.39000 3227.91467  17.7%  16.9 2121s
 102770 57676 infeasible  109      3920.39000 3228.15838  17.7%  16.8 2126s
 103896 58132 3694.89892  102  342 3920.39000 3228.15838  17.7%  16.8 2131s
 104911 58651 3570.76782   83  306 3920.39000 3228.53881  17.6%  16.7 2137s
 105857 59077 3870.40992  129  206 3920.39000 3228.57005  17.6%  16.7 2142s
 106856 59662 3699.58575   94  349 3920.39000 3228.67797  17.6%  16.7 2148s
 108057 59979 3430.31273   73  373 3920.39000 3229.02671  17.6%  16.6 2154s
 108952 60479 3887.59530  160  123 3920.39000 3229.02671  17.6%  16.6 2158s
 110063 60114 3907.15660   87  340 3920.39000 3229.51231  17.6%  16.6 2162s
 110077 60120 3907.81487   88  326 3920.39000 3229.70712  17.6%  16.6 2165s
 110098 60438 3908.97972   90  349 3920.39000 3229.70712  17.6%  16.6 2173s
 110542 60974 3909.04110   91  348 3920.39000 3229.70712  17.6%  16.6 2178s
 111417 61396 3538.09394   71  344 3920.39000 3229.92106  17.6%  16.5 2184s
 112320 62015 3834.77096  103  270 3920.39000 3229.95884  17.6%  16.5 2189s
 113510 62582 3622.35895   98  259 3920.39000 3230.68004  17.6%  16.5 2195s
 114760 63075 3469.62037   82  352 3920.39000 3230.87758  17.6%  16.4 2200s
 115955 63419 3892.38626  141  206 3920.39000 3231.00108  17.6%  16.4 2206s
 116980 63976 3687.34044   89  391 3920.39000 3231.46855  17.6%  16.4 2212s
 118138 64445 3671.62519  132  263 3920.39000 3231.59863  17.6%  16.3 2218s
 119163 65103 3894.48843  157  174 3920.39000 3231.59863  17.6%  16.3 2224s
 120506 65685 3879.71871  114  312 3920.39000 3231.71553  17.6%  16.2 2230s
 121726 66173 3868.71708  162   69 3920.39000 3232.21369  17.6%  16.2 2235s
 122779 66664 3773.13700  117  265 3920.39000 3232.41829  17.5%  16.1 2240s
 123908 67299 3343.57882   74  337 3920.39000 3232.54884  17.5%  16.1 2246s
 125117 67608 3777.66487  129  224 3920.39000 3232.66207  17.5%  16.1 2251s
 126090 68154     cutoff  155      3920.39000 3232.88399  17.5%  16.0 2257s
 127271 68475 3297.92646   61  354 3920.39000 3232.90766  17.5%  16.0 2262s
 128200 69027 3699.95115   96  261 3920.39000 3232.92219  17.5%  16.0 2268s
 129434 69394 3804.24810   70  344 3920.39000 3233.45007  17.5%  16.0 2273s
 130512 69869 3504.75371   72  320 3920.39000 3233.86384  17.5%  15.9 2278s
 131632 70282 3243.96931   58  364 3920.39000 3233.86384  17.5%  15.9 2285s
 133865 71645 3512.40752  103  377 3920.39000 3234.48422  17.5%  15.8 2295s
 135320 71809 3554.31001   91  361 3920.39000 3234.83027  17.5%  15.8 2300s
 136145 72238 3807.83382  132  177 3920.39000 3234.86566  17.5%  15.8 2305s
 137133 72711 3677.83730   82  334 3920.39000 3235.05045  17.5%  15.8 2310s
 138192 73087 3709.84661  104  320 3920.39000 3235.29555  17.5%  15.7 2315s
 140099 74410 3864.68541  140  190 3920.39000 3235.36692  17.5%  15.7 2324s
 141511 74456 3916.74502  167  129 3920.39000 3235.67599  17.5%  15.6 2330s
 142133 74981 3573.24673   85  335 3920.39000 3235.67599  17.5%  15.6 2335s
 142970 75533 3901.09886  126  256 3920.39000 3235.80191  17.5%  15.6 2342s
 144060 76236 3305.18661   61  370 3920.39000 3235.92186  17.5%  15.6 2347s
 145249 77079 3289.35945   62  378 3920.39000 3236.08797  17.5%  15.6 2352s
 146448 77874 3343.17688   66  332 3920.39000 3236.31834  17.4%  15.5 2358s
 147297 78717 3592.93867  110  258 3920.39000 3236.31834  17.4%  15.5 2363s
 148363 79491 3790.80709  157  119 3920.39000 3236.33790  17.4%  15.5 2368s
 149566 80336 3896.39646  101  285 3920.39000 3236.64748  17.4%  15.5 2373s
 150676 81056 3713.61191   84  325 3920.39000 3236.90959  17.4%  15.5 2379s
 151679 82092 3302.93469   66  371 3920.39000 3236.98374  17.4%  15.4 2385s
 152929 82795 3792.03672  120  312 3920.39000 3236.98374  17.4%  15.4 2390s
 153977 83578 3773.88778   91  335 3920.39000 3237.27374  17.4%  15.4 2396s
 154989 84437 3254.40688   66  361 3920.39000 3237.48765  17.4%  15.4 2401s
 156180 85323 3807.30785  106  319 3920.39000 3237.68938  17.4%  15.4 2407s
 157289 86262 3851.84331   88  344 3920.39000 3237.86740  17.4%  15.3 2412s
 158618 87116 3303.13169   68  342 3920.39000 3238.23706  17.4%  15.3 2417s
 159618 88066 3620.26828   83  349 3920.39000 3238.37354  17.4%  15.3 2423s
 160776 88953 3603.38536   86  306 3920.39000 3238.49972  17.4%  15.3 2428s
 161864 89915 3892.69565  147  216 3920.39000 3238.49972  17.4%  15.3 2433s
 163191 90768 3313.37714   73  349 3920.39000 3238.74357  17.4%  15.2 2438s
 164330 91559 3662.39895  125  319 3920.39000 3238.84723  17.4%  15.2 2443s
 165414 92240 3766.78034  153  179 3920.39000 3239.07328  17.4%  15.2 2448s
 166360 93122 3425.73253   78  329 3920.39000 3239.25155  17.4%  15.2 2453s
 167722 94099     cutoff   81      3920.39000 3239.37034  17.4%  15.2 2458s
 169124 94929     cutoff  120      3920.39000 3239.63557  17.4%  15.1 2463s
 170119 95750 3495.23929   68  381 3920.39000 3239.92045  17.4%  15.1 2467s
 171207 96492 3892.55609  121  297 3920.39000 3240.01454  17.4%  15.1 2471s
 172301 97422     cutoff  110      3920.39000 3240.30266  17.3%  15.1 2476s
 173443 98259 3262.65738   56  384 3920.39000 3240.42756  17.3%  15.1 2480s
 174526 98976 3708.40331  114  315 3920.39000 3240.46243  17.3%  15.1 2485s
 176613 100591 3671.79031   80  307 3920.39000 3241.00875  17.3%  15.0 2494s
 177600 101631 3919.00817  119  275 3920.39000 3241.00906  17.3%  15.0 2498s
 178861 102413 3748.57016   96  329 3920.39000 3241.14570  17.3%  15.0 2502s
 179882 103334 3699.12218  106  333 3920.39000 3241.29714  17.3%  15.0 2507s
 181052 104265 3285.22297   56  387 3920.39000 3241.54019  17.3%  15.0 2511s
 182203 105099     cutoff  117      3920.39000 3241.65655  17.3%  14.9 2515s
 183298 105915 3443.39344   75  334 3920.39000 3241.79200  17.3%  14.9 2520s
 184405 106830 3363.59434   67  336 3920.39000 3241.90387  17.3%  14.9 2525s
 185635 107743 3905.25204   78  322 3920.39000 3241.99376  17.3%  14.9 2530s
 187439 108544 3891.80432  109  305 3920.39000 3242.33462  17.3%  14.9 2535s
 189203 110374 3849.04623  164  113 3920.39000 3242.48924  17.3%  14.8 2543s
 190269 111006 3853.13039  120  352 3920.39000 3242.58656  17.3%  14.8 2547s
 191063 111718 3745.90177   85  298 3920.39000 3242.58656  17.3%  14.8 2551s
 192026 112530 3744.11326   89  331 3920.39000 3242.64294  17.3%  14.8 2556s
 193191 113214 3253.36248   55  406 3920.39000 3242.81921  17.3%  14.8 2560s
 194023 113865 3602.10722   81  328 3920.39000 3242.93152  17.3%  14.8 2566s
 194912 114648 3321.05068   66  348 3920.39000 3242.99992  17.3%  14.8 2571s
 195804 115291 3675.60370  104  307 3920.39000 3243.01746  17.3%  14.8 2575s
 196795 116156 3672.81315   80  324 3920.39000 3243.06549  17.3%  14.8 2580s
 197882 117162 3275.02003   64  351 3920.39000 3243.26711  17.3%  14.7 2585s
 200175 118835 3905.96158   83  338 3920.39000 3243.39911  17.3%  14.7 2594s
 201385 119602     cutoff   95      3920.39000 3243.59373  17.3%  14.7 2600s
 203846 121369 3908.24740  156   89 3920.39000 3244.10028  17.3%  14.7 2609s
 204823 122234 3573.70905   72  353 3920.39000 3244.20868  17.2%  14.7 2613s
 205803 123041 3871.37024  127  258 3920.39000 3244.25947  17.2%  14.7 2618s
 206812 123835 3615.64744   97  319 3920.39000 3244.35193  17.2%  14.6 2623s
 207648 124482 3866.15538  139  267 3920.39000 3244.35193  17.2%  14.6 2628s
 208581 125312     cutoff   90      3920.39000 3244.45509  17.2%  14.6 2633s
 209658 126374 3771.20044  136  209 3920.39000 3244.62867  17.2%  14.6 2638s
 210979 127320 3618.18930   85  359 3920.39000 3244.71431  17.2%  14.6 2643s
 212056 128207 3865.98715  104  307 3920.39000 3244.71431  17.2%  14.6 2647s
 213141 128891 3718.98749  126  338 3920.39000 3244.86452  17.2%  14.6 2652s
 214113 129693 3772.62018   73  352 3920.39000 3244.94234  17.2%  14.6 2657s
 215167 130684 3505.83772   78  336 3920.39000 3245.00906  17.2%  14.5 2661s
 216372 131634     cutoff  142      3920.39000 3245.18297  17.2%  14.5 2666s
 217610 132526 3738.99671   82  329 3920.39000 3245.25296  17.2%  14.5 2672s
 218756 133253     cutoff  122      3920.39000 3245.33601  17.2%  14.5 2677s
 219888 133932 3831.19464   94  297 3920.39000 3245.38894  17.2%  14.5 2681s
 220908 134822     cutoff   85      3920.39000 3245.58549  17.2%  14.5 2686s
 222132 135638 3626.05195   77  358 3920.39000 3245.75744  17.2%  14.5 2691s
 223179 136339 3487.50574   74  332 3920.39000 3245.90336  17.2%  14.5 2695s
 224116 137074 3605.94401   71  318 3920.39000 3245.91476  17.2%  14.5 2700s
 225180 137856     cutoff   76      3920.39000 3246.12798  17.2%  14.5 2705s
 226335 138742 3419.09720   80  317 3920.39000 3246.20916  17.2%  14.5 2710s
 228324 140197 3792.11434  157  170 3920.39000 3246.40624  17.2%  14.4 2719s
 229354 141114     cutoff  121      3920.39000 3246.52274  17.2%  14.4 2724s
 230505 141906 3893.46060  179   63 3920.39000 3246.61813  17.2%  14.4 2729s
 231429 142601 3608.96420   72  335 3920.39000 3246.70801  17.2%  14.4 2734s
 232342 143246 3365.20307   67  349 3920.39000 3246.74875  17.2%  14.4 2740s
 234505 145178 3746.13089  150  173 3920.39000 3246.88202  17.2%  14.4 2749s
 235074 145178     cutoff  101      3920.39000 3246.88603  17.2%  14.4 2750s
 237015 146912 3581.54225  104  304 3920.39000 3247.06681  17.2%  14.3 2757s
 238017 147673 3826.03787   87  298 3920.39000 3247.11862  17.2%  14.3 2762s
 239035 148434 3625.36691   84  344 3920.39000 3247.18329  17.2%  14.3 2766s
 239913 149086 3483.17039   73  341 3920.39000 3247.24600  17.2%  14.3 2770s
 240840 149818 3381.38328   72  369 3920.39000 3247.29763  17.2%  14.3 2775s
 242656 151341 3466.63365   70  357 3920.39000 3247.37463  17.2%  14.3 2784s
 243841 152035 3298.16487   63  348 3920.39000 3247.56942  17.2%  14.3 2788s
 244784 152876     cutoff  145      3920.39000 3247.59907  17.2%  14.3 2793s
 245948 153710 3838.30945  107  276 3920.39000 3247.67500  17.2%  14.3 2797s
 247103 154464 3390.40453   76  333 3920.39000 3247.98857  17.2%  14.3 2802s
 247970 155246 3825.10676  135  278 3920.39000 3247.98857  17.2%  14.3 2806s
 249058 156123 3590.44614   79  342 3920.39000 3248.01440  17.2%  14.2 2811s
 250200 156977 3439.34474   81  358 3920.39000 3248.25352  17.1%  14.2 2816s
 251165 157759 3804.96012  140  229 3920.39000 3248.25352  17.1%  14.2 2821s
 252207 158594 3918.30812   96  301 3920.39000 3248.32027  17.1%  14.2 2826s
 253384 159551 3491.92682   76  340 3920.39000 3248.50610  17.1%  14.2 2831s
 254533 160415 3610.28406   85  323 3920.39000 3248.54370  17.1%  14.2 2836s
 255719 161437     cutoff  148      3920.39000 3248.58039  17.1%  14.2 2840s
 256939 162322 3549.04253   79  341 3920.39000 3248.65630  17.1%  14.2 2845s
 259074 164035     cutoff  102      3920.39000 3248.83286  17.1%  14.2 2854s
 260179 164872 3316.96387   56  381 3920.39000 3248.88771  17.1%  14.2 2859s
 261298 165812 3403.64342   63  359 3920.39000 3249.00236  17.1%  14.2 2863s
 262404 166546 3856.26361  105  323 3920.39000 3249.08279  17.1%  14.1 2868s
 263349 167316 3705.18063   85  332 3920.39000 3249.08279  17.1%  14.1 2873s
 264395 168123 3426.57460   84  335 3920.39000 3249.24993  17.1%  14.1 2878s
 265301 168858 3725.32568  127  302 3920.39000 3249.25685  17.1%  14.1 2882s
 266235 169652 3667.85888  102  374 3920.39000 3249.35770  17.1%  14.1 2887s
 267271 170387 3538.79941   81  367 3920.39000 3249.43965  17.1%  14.1 2892s
 268362 171059 3452.58181   76  337 3920.39000 3249.46742  17.1%  14.1 2897s
 269269 172091 3718.42499   87  327 3920.39000 3249.60528  17.1%  14.1 2903s
 270673 172951 3401.87277   72  348 3920.39000 3249.69079  17.1%  14.1 2908s
 271825 173793 3389.60010   65  365 3920.39000 3249.80351  17.1%  14.1 2913s
 272874 174636 3818.38311  107  298 3920.39000 3249.87837  17.1%  14.1 2918s
 273910 175456 3636.14138   89  318 3920.39000 3249.94194  17.1%  14.1 2923s
 274928 176283 3440.18287   84  326 3920.39000 3249.94330  17.1%  14.1 2928s
 275977 177291 3878.06831  141  243 3920.39000 3249.95614  17.1%  14.0 2933s
 277255 178179 3918.73103   83  381 3920.39000 3250.08421  17.1%  14.0 2938s
 278477 179120 3508.13804   86  303 3920.39000 3250.08421  17.1%  14.0 2942s
 279749 180005     cutoff  110      3920.39000 3250.25028  17.1%  14.0 2947s
 280839 180873 3522.46359   73  360 3920.39000 3250.27746  17.1%  14.0 2951s
 281845 181635 3883.07047  135  262 3920.39000 3250.27746  17.1%  14.0 2956s
 282751 182445     cutoff   93      3920.39000 3250.27746  17.1%  14.0 2961s
 283752 183150 3358.08882   66  338 3920.39000 3250.40281  17.1%  14.0 2966s
 284809 183934 3884.72441   98  319 3920.39000 3250.49724  17.1%  14.0 2971s
 285839 184675 3322.61089   68  360 3920.39000 3250.60287  17.1%  14.0 2977s
 286732 185585 3642.66405   88  293 3920.39000 3250.69518  17.1%  14.0 2983s
 287764 186423 3795.40036  142  200 3920.39000 3250.69518  17.1%  14.0 2989s
 289048 187269 3675.24071   86  371 3920.39000 3250.76496  17.1%  14.0 2994s
 290373 188011 3741.18494   84  373 3920.39000 3250.85805  17.1%  14.0 2999s
 291390 188910 3594.00483   75  306 3920.39000 3250.95333  17.1%  13.9 3004s
 292566 189947 3827.36412  134  303 3920.39000 3251.07710  17.1%  13.9 3009s
 292973 189947 3541.86724   98  306 3920.39000 3251.07710  17.1%  13.9 3010s
 294552 190674 3458.37085   65  374 3920.39000 3251.23670  17.1%  13.9 3015s
 294976 191462     cutoff  116      3920.39000 3251.32780  17.1%  13.9 3020s
 297249 193248 3258.48574   66  352 3920.39000 3251.40899  17.1%  13.9 3029s
 298152 193248 3261.76887   62  395 3920.39000 3251.49695  17.1%  13.9 3030s
 299421 195085 3863.86267  148  148 3920.39000 3251.58037  17.1%  13.9 3039s
 300589 195908 3569.19751   86  336 3920.39000 3251.70796  17.1%  13.9 3044s
 301523 196715 3889.32957   96  288 3920.39000 3251.70796  17.1%  13.9 3049s
 302689 197556 3364.85153   71  334 3920.39000 3251.74965  17.1%  13.9 3053s
 303789 198365 3868.45733   90  291 3920.39000 3251.88834  17.1%  13.9 3058s
 304732 199242 3598.15193   74  333 3920.39000 3251.96847  17.0%  13.9 3063s
 305785 200035 3808.32851   92  313 3920.39000 3251.97988  17.0%  13.9 3068s
 306866 200854 3543.00060   66  373 3920.39000 3252.04137  17.0%  13.9 3073s
 307919 201584 3612.96150   65  326 3920.39000 3252.07605  17.0%  13.9 3078s
 308977 202419 3898.66901   99  282 3920.39000 3252.15476  17.0%  13.9 3082s
 310066 203356 3847.48742  125  259 3920.39000 3252.22209  17.0%  13.8 3087s
 311326 204245 3717.03482   83  354 3920.39000 3252.31120  17.0%  13.8 3092s
 312385 205087     cutoff  119      3920.39000 3252.41101  17.0%  13.8 3097s
 313462 205864 3318.14656   64  364 3920.39000 3252.41469  17.0%  13.8 3101s
 314383 206589     cutoff  101      3920.39000 3252.41469  17.0%  13.8 3106s
 315392 207385 3386.93249   66  358 3920.39000 3252.49267  17.0%  13.8 3111s
 316345 208151 3785.79131  109  337 3920.39000 3252.57477  17.0%  13.8 3116s
 317380 208948 3376.01740   74  354 3920.39000 3252.57477  17.0%  13.8 3121s
 318359 209806 3608.08671   90  365 3920.39000 3252.67512  17.0%  13.8 3126s
 319342 210548 3779.89594  137  260 3920.39000 3252.67512  17.0%  13.8 3131s
 320419 211545 3483.31776   76  333 3920.39000 3252.78051  17.0%  13.8 3137s
 321733 212454 3378.16351   68  353 3920.39000 3252.85538  17.0%  13.8 3142s
 322818 213332 3287.36034   67  380 3920.39000 3252.94231  17.0%  13.8 3147s
 323988 214196 3821.57992   99  310 3920.39000 3253.08555  17.0%  13.8 3152s
 325042 215058 3314.45262   60  372 3920.39000 3253.09576  17.0%  13.8 3157s
 326235 215845     cutoff   86      3920.39000 3253.17102  17.0%  13.8 3162s
 327218 216535 3779.69753   84  378 3920.39000 3253.24877  17.0%  13.8 3167s
 328192 217285 3290.57366   77  341 3920.39000 3253.29685  17.0%  13.8 3172s
 329221 218120 3262.08152   61  376 3920.39000 3253.29685  17.0%  13.8 3177s
 330331 218955 3270.80383   63  370 3920.39000 3253.38770  17.0%  13.8 3182s
 331426 219850 3843.00432   88  319 3920.39000 3253.39133  17.0%  13.7 3187s
 332587 220618 3634.51071  102  277 3920.39000 3253.58142  17.0%  13.7 3191s
 333595 221496 3834.78075  146  235 3920.39000 3253.59630  17.0%  13.7 3196s
 334788 222452 3870.42111   81  324 3920.39000 3253.70128  17.0%  13.7 3201s
 335925 223219 3720.53172  130  257 3920.39000 3253.72854  17.0%  13.7 3205s
 336841 223882 3889.84632  167  184 3920.39000 3253.72949  17.0%  13.7 3210s
 337672 224752 3915.86426   97  302 3920.39000 3253.80758  17.0%  13.7 3216s
 338689 225569 3271.03783   64  372 3920.39000 3253.85125  17.0%  13.7 3221s
 339691 226373 3717.82669  103  334 3920.39000 3253.92630  17.0%  13.7 3227s
 340622 227297     cutoff  146      3920.39000 3253.93563  17.0%  13.7 3232s
 341890 228165 3293.25037   59  356 3920.39000 3253.95177  17.0%  13.7 3238s
 343114 229268     cutoff  104      3920.39000 3253.96847  17.0%  13.7 3243s
 344510 230230 3900.67782  184   57 3920.39000 3254.21384  17.0%  13.7 3248s
 345761 231079 3788.02269  138  171 3920.39000 3254.26666  17.0%  13.7 3253s
 346897 231896 3652.17731   88  294 3920.39000 3254.34458  17.0%  13.7 3258s
 347988 232841 3704.41903   76  353 3920.39000 3254.44526  17.0%  13.7 3263s
 349145 233769 3643.66167  100  295 3920.39000 3254.44526  17.0%  13.7 3268s
 350353 234529 3641.42576   83  306 3920.39000 3254.55819  17.0%  13.7 3272s
 351443 235301 3351.18265   64  381 3920.39000 3254.60519  17.0%  13.7 3277s
 352628 236097 3875.91434   93  316 3920.39000 3254.68304  17.0%  13.7 3282s
 353738 236854 3915.27431   98  341 3920.39000 3254.74249  17.0%  13.7 3287s
 354779 237653 3508.11613   71  342 3920.39000 3254.80054  17.0%  13.7 3292s
 355883 238434 3729.04866  112  287 3920.39000 3254.83471  17.0%  13.7 3296s
 356910 239259 3559.66962   73  355 3920.39000 3254.86717  17.0%  13.7 3301s
 357883 240141 3850.47716  130  201 3920.39000 3254.89380  17.0%  13.6 3306s
 358992 240950 3819.01260   97  307 3920.39000 3254.89380  17.0%  13.6 3310s
 360035 241731 3883.09532   92  369 3920.39000 3255.08464  17.0%  13.6 3315s
 361146 242553 3344.15299   69  331 3920.39000 3255.22715  17.0%  13.6 3320s
 363107 244291 3886.59124  144  210 3920.39000 3255.34750  17.0%  13.6 3329s
 364199 245035 infeasible   87      3920.39000 3255.34988  17.0%  13.6 3334s
 365290 245721 3331.06882   65  351 3920.39000 3255.41530  17.0%  13.6 3339s
 366224 246480 3808.61000   94  344 3920.39000 3255.46060  17.0%  13.6 3344s
 367150 247266 3274.98639   60  359 3920.39000 3255.50846  17.0%  13.6 3349s
 368201 248026 3428.05000   75  343 3920.39000 3255.53713  17.0%  13.6 3354s
 369256 248897     cutoff  120      3920.39000 3255.59781  17.0%  13.6 3359s
 370265 249614 3696.28292  111  334 3920.39000 3255.67145  17.0%  13.6 3364s
 371102 250312 3840.39307  153  220 3920.39000 3255.67145  17.0%  13.6 3369s
 372196 251201 3867.11073   75  323 3920.39000 3255.79059  17.0%  13.6 3375s
 373518 252046 3589.83152   78  343 3920.39000 3255.86927  17.0%  13.6 3381s
 374587 252995 3877.40842   88  332 3920.39000 3255.90828  16.9%  13.6 3386s
 375906 253872 3343.11399   80  400 3920.39000 3256.00625  16.9%  13.6 3391s
 377075 254713 3335.76646   70  378 3920.39000 3256.05704  16.9%  13.6 3396s
 378196 255360 3455.02074   70  350 3920.39000 3256.12577  16.9%  13.6 3402s
 379068 256232 3801.93701   68  370 3920.39000 3256.12773  16.9%  13.6 3407s
 380188 257129 3342.34339   68  355 3920.39000 3256.14172  16.9%  13.6 3412s
 381308 257810 3894.60075  145  197 3920.39000 3256.19905  16.9%  13.6 3417s
 382247 258632 3425.36807   71  345 3920.39000 3256.28780  16.9%  13.6 3422s
 383255 259340 3750.86151  118  304 3920.39000 3256.29615  16.9%  13.6 3427s
 384249 260202 3892.07903   83  318 3920.39000 3256.33404  16.9%  13.6 3434s
 385425 260927 3769.60655  115  315 3920.39000 3256.41954  16.9%  13.6 3439s
 386449 261852 3830.60866   98  307 3920.39000 3256.45695  16.9%  13.6 3444s
 387732 262687 3702.37871  104  332 3920.39000 3256.52063  16.9%  13.6 3449s
 388954 263473 3309.78739   63  353 3920.39000 3256.63183  16.9%  13.6 3453s
 389912 264263 3652.76265   81  348 3920.39000 3256.67525  16.9%  13.6 3458s
 390896 265112 3544.71198   82  303 3920.39000 3256.67525  16.9%  13.6 3462s
 391992 265831 3867.32626  140  204 3920.39000 3256.73384  16.9%  13.6 3467s
 393071 266598 3525.25073   71  326 3920.39000 3256.77564  16.9%  13.6 3472s
 394066 267369 3298.59246   69  364 3920.39000 3256.82887  16.9%  13.6 3477s
 395141 267904 3336.76577   66  347 3920.39000 3256.95054  16.9%  13.6 3481s
 395781 268147     cutoff   86      3920.39000 3256.95054  16.9%  13.6 3486s
 396064 268845 3888.38806   97  340 3920.39000 3256.95054  16.9%  13.5 3491s
 396993 269550 3896.27704   93  281 3920.39000 3256.98525  16.9%  13.5 3496s
 397908 270380 3589.13196   84  325 3920.39000 3257.06366  16.9%  13.5 3501s
 399113 271385 3857.12143   80  314 3920.39000 3257.09508  16.9%  13.5 3506s
 400363 272226 3474.03620   78  351 3920.39000 3257.14822  16.9%  13.5 3511s
 401428 273036 3905.76305  139  180 3920.39000 3257.21234  16.9%  13.5 3516s
 402475 273991 3875.79413   93  307 3920.39000 3257.26183  16.9%  13.5 3522s
 403748 274850 3773.78459  121  304 3920.39000 3257.33154  16.9%  13.5 3526s
 404842 275412 3833.87330   83  321 3920.39000 3257.37279  16.9%  13.5 3531s
 405685 276134 3341.86348   58  375 3920.39000 3257.40474  16.9%  13.5 3535s
 406512 276867 3723.25153   95  309 3920.39000 3257.41207  16.9%  13.5 3540s
 407489 277540     cutoff  137      3920.39000 3257.47620  16.9%  13.5 3545s
 408912 278320 3713.28655  110  307 3920.39000 3257.55228  16.9%  13.5 3550s
 409647 279017 3843.43360  124  343 3920.39000 3257.55228  16.9%  13.5 3555s
 410660 280032 3873.31649   84  314 3920.39000 3257.63889  16.9%  13.5 3560s
 412964 281574 3912.62308  114  333 3920.39000 3257.69969  16.9%  13.5 3569s
 414048 282292 3670.53595  127  291 3920.39000 3257.74994  16.9%  13.5 3574s
 414983 283058     cutoff  160      3920.39000 3257.75024  16.9%  13.5 3578s
 415941 283711 3853.16397  122  296 3920.39000 3257.77387  16.9%  13.5 3583s
 416896 284623     cutoff  134      3920.39000 3257.78967  16.9%  13.5 3588s
 418116 285487 3342.83796   64  364 3920.39000 3257.87335  16.9%  13.5 3593s
 419107 286156 3839.88483  106  300 3920.39000 3257.88991  16.9%  13.5 3598s
 419983 287050 3646.51676   81  319 3920.39000 3257.92518  16.9%  13.5 3603s
 421179 288051 3524.25956   87  281 3920.39000 3257.96698  16.9%  13.5 3609s
 422083 288051 3645.02176   99  405 3920.39000 3257.96776  16.9%  13.5 3610s
 422232 288823 3883.95498  137  230 3920.39000 3257.96776  16.9%  13.5 3615s
 423315 289886     cutoff   97      3920.39000 3257.98747  16.9%  13.5 3620s
 424732 290650 3345.96331   68  346 3920.39000 3258.05513  16.9%  13.5 3626s
 425735 291450 3895.67286  110  334 3920.39000 3258.11787  16.9%  13.5 3631s
 426601 292137 3857.17566   93  358 3920.39000 3258.11961  16.9%  13.5 3637s
 427710 292949 3610.10646   75  337 3920.39000 3258.12007  16.9%  13.5 3642s
 428893 293755 3871.52159  134  275 3920.39000 3258.17548  16.9%  13.5 3647s
 429977 294636 3579.50418   94  316 3920.39000 3258.27042  16.9%  13.5 3653s
 431029 295455 3805.42497  152  226 3920.39000 3258.28130  16.9%  13.5 3658s
 431980 296194 3762.09746   96  294 3920.39000 3258.28130  16.9%  13.5 3663s
 432911 297250 3660.80369  130  203 3920.39000 3258.33284  16.9%  13.5 3668s
 434273 298012 3864.96063   89  325 3920.39000 3258.36558  16.9%  13.4 3674s
 435307 298822 3887.66108   98  327 3920.39000 3258.42546  16.9%  13.4 3679s
 436580 299600 3556.14574   88  317 3920.39000 3258.47522  16.9%  13.4 3683s
 437555 300507 3835.52756   83  344 3920.39000 3258.50929  16.9%  13.4 3688s
 438616 301097 3912.09885  150  170 3920.39000 3258.52787  16.9%  13.4 3693s
 439565 301938 3269.60883   74  342 3920.39000 3258.56597  16.9%  13.4 3697s
 440692 302652 infeasible  122      3920.39000 3258.66459  16.9%  13.4 3702s
 441670 303563 3917.91827   92  291 3920.39000 3258.76268  16.9%  13.4 3706s
 442808 304161 3683.95387   81  351 3920.39000 3258.78884  16.9%  13.4 3711s
 443515 304904 3636.90006   75  354 3920.39000 3258.84070  16.9%  13.4 3716s
 444359 305326 3864.22084   91  318 3920.39000 3258.84070  16.9%  13.4 3721s
 445257 306045 3804.42493   80  328 3920.39000 3258.84643  16.9%  13.4 3726s
 446385 306665 3906.62498   86  341 3920.39000 3258.87600  16.9%  13.4 3731s
 447164 307420 3733.39930   89  340 3920.39000 3258.93119  16.9%  13.4 3736s
 448062 308193     cutoff  129      3920.39000 3258.94438  16.9%  13.4 3741s
 449168 308198 3406.99669   72  370 3920.39000 3259.01672  16.9%  13.4 3745s
 449192 308215 3520.25001   73  357 3920.39000 3259.01672  16.9%  13.4 3751s
 449205 308262 3456.41001   73  368 3920.39000 3259.02862  16.9%  13.4 3755s
 449653 309157 3406.89775   72  372 3920.39000 3259.02879  16.9%  13.4 3764s
 450413 309808 3897.32623   99  362 3920.39000 3259.06190  16.9%  13.4 3770s
 451445 310466 3831.73916   93  309 3920.39000 3259.10119  16.9%  13.4 3776s
 452318 311319 3909.40747   85  307 3920.39000 3259.13555  16.9%  13.4 3781s
 453617 312156 3736.38217  101  335 3920.39000 3259.15594  16.9%  13.4 3787s
 454773 312979 3310.04533   66  360 3920.39000 3259.27992  16.9%  13.4 3793s
 455912 313977 3882.66901  101  382 3920.39000 3259.37768  16.9%  13.4 3798s
 457126 314813 3793.92585  121  361 3920.39000 3259.42280  16.9%  13.4 3803s
 458217 315629 3625.24778   97  293 3920.39000 3259.43328  16.9%  13.4 3808s
 459361 316325 3563.38138   90  311 3920.39000 3259.48071  16.9%  13.4 3813s
 460385 317132 3882.33243   89  331 3920.39000 3259.57315  16.9%  13.4 3819s
 461350 317762 3807.48452  103  369 3920.39000 3259.63724  16.9%  13.4 3824s
 462189 318440 3332.13616   64  341 3920.39000 3259.63774  16.9%  13.4 3829s
 463113 319307 3334.30707   64  350 3920.39000 3259.67010  16.9%  13.4 3834s
 464221 320104 3830.56154  112  362 3920.39000 3259.67010  16.9%  13.4 3839s
 465007 320104 3280.39945   62  362 3920.39000 3259.71661  16.9%  13.4 3840s
 465332 321066 3631.59873   97  310 3920.39000 3259.75619  16.9%  13.4 3845s
 466484 321685 3897.36019  108  307 3920.39000 3259.81069  16.8%  13.4 3851s
 467453 322606 3453.33106   72  337 3920.39000 3259.86202  16.8%  13.4 3856s
 468714 323339 3354.20854   67  362 3920.39000 3259.94408  16.8%  13.4 3861s
 469816 324084     cutoff   84      3920.39000 3259.99434  16.8%  13.4 3867s
 470842 324709 3472.91397   65  362 3920.39000 3260.07261  16.8%  13.4 3872s
 471760 325480 3778.23046   90  317 3920.39000 3260.07890  16.8%  13.4 3877s
 472947 326318 3305.23852   61  345 3920.39000 3260.16786  16.8%  13.4 3883s
 474153 327214 3544.65864   86  355 3920.39000 3260.21883  16.8%  13.4 3888s
 475283 327954 3808.53943   94  285 3920.39000 3260.22564  16.8%  13.4 3893s
 476184 328879 3299.39341   59  354 3920.39000 3260.26434  16.8%  13.4 3898s
 477383 329543 3852.25608   94  314 3920.39000 3260.31889  16.8%  13.4 3903s
 478224 330447 3753.86016   99  312 3920.39000 3260.37145  16.8%  13.4 3908s
 479412 331371 3769.03959  104  343 3920.39000 3260.38685  16.8%  13.4 3914s
 480682 332144 3356.02046   65  420 3920.39000 3260.42745  16.8%  13.4 3919s
 481801 332983     cutoff  137      3920.39000 3260.48503  16.8%  13.3 3925s
 482799 333518 3348.93686   74  328 3920.39000 3260.51539  16.8%  13.3 3931s
 483642 334103 3664.38587   87  353 3920.39000 3260.51539  16.8%  13.3 3936s
 484602 334790 3853.91269  103  336 3920.39000 3260.51839  16.8%  13.3 3941s
 485703 335590 3427.17448   74  375 3920.39000 3260.60132  16.8%  13.3 3946s
 486656 336296 3454.96234   63  376 3920.39000 3260.60484  16.8%  13.3 3952s
 487780 337218     cutoff   99      3920.39000 3260.61227  16.8%  13.3 3958s
 489105 337965 3310.80190   67  366 3920.39000 3260.70608  16.8%  13.3 3963s
 490116 338989 3524.42678   75  333 3920.39000 3260.72854  16.8%  13.3 3969s
 491371 339885 3759.85091  127  201 3920.39000 3260.78324  16.8%  13.3 3974s
 492452 340627 3277.12516   66  359 3920.39000 3260.78324  16.8%  13.3 3979s
 493502 341137 3761.16642   82  339 3920.39000 3260.83881  16.8%  13.3 3984s
 494429 341936 3338.13850   60  374 3920.39000 3260.88436  16.8%  13.3 3989s
 495319 342624 3740.47742   99  278 3920.39000 3260.88436  16.8%  13.3 3995s
 496314 343470     cutoff  137      3920.39000 3260.92241  16.8%  13.3 4000s
 497605 344383 3504.14711   72  361 3920.39000 3260.94087  16.8%  13.3 4005s
 498833 344952 3335.64985   68  371 3920.39000 3261.01462  16.8%  13.3 4010s
 499697 345692 3299.69230   65  358 3920.39000 3261.05607  16.8%  13.3 4015s
 500552 346464 3694.44986  104  343 3920.39000 3261.07596  16.8%  13.3 4021s
 501706 347203 3289.03952   72  374 3920.39000 3261.10817  16.8%  13.3 4026s
 502738 347923 3740.91346  100  333 3920.39000 3261.14083  16.8%  13.3 4032s
 503764 348904 3572.77978   85  325 3920.39000 3261.21474  16.8%  13.3 4037s
 505130 349731 3298.47015   70  395 3920.39000 3261.28853  16.8%  13.3 4042s
 506173 350439 3872.77177  132  170 3920.39000 3261.32786  16.8%  13.3 4048s
 507294 351248 3348.90940   67  348 3920.39000 3261.40997  16.8%  13.3 4053s
 508311 351883 3861.62071  112  364 3920.39000 3261.41081  16.8%  13.3 4058s
 509090 352558 3872.33592   91  292 3920.39000 3261.44808  16.8%  13.3 4063s
 509875 353227     cutoff  128      3920.39000 3261.45444  16.8%  13.3 4068s
 510854 354237 3341.98307   66  360 3920.39000 3261.45444  16.8%  13.3 4073s
 512101 354894 3847.44344  119  251 3920.39000 3261.51406  16.8%  13.3 4078s
 513037 355703 3847.70719   93  367 3920.39000 3261.52430  16.8%  13.3 4084s
 514252 356336 3813.87905   87  331 3920.39000 3261.58592  16.8%  13.3 4089s
 515211 357215     cutoff   86      3920.39000 3261.65645  16.8%  13.3 4094s
 516443 358108 3579.77326   75  349 3920.39000 3261.67906  16.8%  13.3 4100s
 517659 358995 3905.57002  103  313 3920.39000 3261.72668  16.8%  13.3 4105s
 518933 359916 3646.26115   83  326 3920.39000 3261.80780  16.8%  13.3 4110s
 520075 360504 3269.21972   62  383 3920.39000 3261.85045  16.8%  13.3 4115s
 520924 361417 3783.42991   85  323 3920.39000 3261.85045  16.8%  13.3 4120s
 522116 362149 3389.84167   66  345 3920.39000 3261.88673  16.8%  13.3 4126s
 523024 362733 3842.87740   83  311 3920.39000 3261.88673  16.8%  13.3 4131s
 523957 363519 3892.31243   98  345 3920.39000 3261.93229  16.8%  13.3 4136s
 524994 363960 3719.27938   70  378 3920.39000 3261.95623  16.8%  13.3 4142s
 525699 364760 3518.93053   85  358 3920.39000 3262.00392  16.8%  13.3 4148s
 526772 365676 3667.92534   89  315 3920.39000 3262.05776  16.8%  13.3 4154s
 528111 366567     cutoff   91      3920.39000 3262.12835  16.8%  13.3 4160s
 529267 367422 3568.63629   79  335 3920.39000 3262.12835  16.8%  13.3 4165s
 530479 368334 3911.62112  110  279 3920.39000 3262.20710  16.8%  13.3 4170s
 531665 369298 3828.09037  114  266 3920.39000 3262.24933  16.8%  13.3 4176s
 532918 370201 3554.21874   77  334 3920.39000 3262.26908  16.8%  13.3 4182s
 534125 370997 3336.17161   72  361 3920.39000 3262.26908  16.8%  13.3 4187s
 535053 371748 3716.04997  111  350 3920.39000 3262.33396  16.8%  13.3 4192s
 536080 372596 3308.32753   68  347 3920.39000 3262.36818  16.8%  13.3 4197s
 537229 373195 3329.91944   63  358 3920.39000 3262.45222  16.8%  13.3 4202s
 538114 373996 3904.65899   91  359 3920.39000 3262.45222  16.8%  13.3 4208s
 539269 374706 3900.89435  116  340 3920.39000 3262.53018  16.8%  13.3 4213s
 540301 375523 3883.30905   98  324 3920.39000 3262.57870  16.8%  13.3 4218s
 541488 376128 3351.62287   62  342 3920.39000 3262.64244  16.8%  13.3 4224s
 542260 376916 3358.10822   70  335 3920.39000 3262.64244  16.8%  13.3 4229s
 543236 377637 3714.35083  118  281 3920.39000 3262.65855  16.8%  13.3 4234s
 544220 378387 3885.32763   82  326 3920.39000 3262.65855  16.8%  13.3 4239s
 545372 379220 3399.12230   73  341 3920.39000 3262.74935  16.8%  13.3 4245s
 546449 379991     cutoff  138      3920.39000 3262.75980  16.8%  13.3 4250s
 547465 380477 3599.84742   80  317 3920.39000 3262.75980  16.8%  13.3 4257s
 548291 381357 3747.75681   90  346 3920.39000 3262.77498  16.8%  13.3 4263s
 549358 382146 3834.31192  117  335 3920.39000 3262.82059  16.8%  13.3 4268s
 550320 382990 3610.97354   90  307 3920.39000 3262.82578  16.8%  13.2 4274s
 551320 383687 3809.21582  137  270 3920.39000 3262.82578  16.8%  13.2 4279s
 552347 384428 3888.43300  181  178 3920.39000 3262.85984  16.8%  13.2 4284s
 553425 385276 3737.01331   83  327 3920.39000 3262.91646  16.8%  13.2 4289s
 554492 386194 3864.67837  134  266 3920.39000 3262.92880  16.8%  13.2 4294s
 555225 386194 3797.42117  110  278 3920.39000 3262.97000  16.8%  13.2 4295s
 555714 386214 3709.56527   85  310 3920.39000 3263.00474  16.8%  13.2 4304s
 555724 386344 3739.77527   83  310 3920.39000 3263.00474  16.8%  13.2 4308s
 555867 387086 3719.81527   88  308 3920.39000 3263.00474  16.8%  13.2 4313s
 556764 387745 3881.97705   87  305 3920.39000 3263.00474  16.8%  13.2 4319s
 557769 388540 3467.02994   81  359 3920.39000 3263.03693  16.8%  13.2 4325s
 558747 389341 3862.35589  114  338 3920.39000 3263.06965  16.8%  13.2 4330s
 559759 390137 3857.12414  111  359 3920.39000 3263.07134  16.8%  13.2 4336s
 560880 391282 3378.13813   68  344 3920.39000 3263.10769  16.8%  13.2 4341s
 562344 392064     cutoff  101      3920.39000 3263.15383  16.8%  13.2 4347s
 563481 392995 3331.58642   67  391 3920.39000 3263.20448  16.8%  13.2 4353s
 564750 393850     cutoff  114      3920.39000 3263.25485  16.8%  13.2 4359s
 566000 394661 3813.54560   83  317 3920.39000 3263.30767  16.8%  13.2 4364s
 566969 395537 3741.99607  128  331 3920.39000 3263.34086  16.8%  13.2 4369s
 568056 396370 3683.53613   95  333 3920.39000 3263.37092  16.8%  13.2 4375s
 569207 397005 3361.90962   71  330 3920.39000 3263.39497  16.8%  13.2 4380s
 570075 397993 3553.76594   73  351 3920.39000 3263.45455  16.8%  13.2 4387s
 571381 398938 3903.46354  100  384 3920.39000 3263.45455  16.8%  13.2 4392s
 572563 399895 3811.03064   82  340 3920.39000 3263.48564  16.8%  13.2 4398s
 573814 400785 3737.18355  103  307 3920.39000 3263.55769  16.8%  13.2 4403s
 574980 401747 3640.81047   81  370 3920.39000 3263.57047  16.8%  13.2 4408s
 576147 402646 3287.77529   59  360 3920.39000 3263.60180  16.8%  13.2 4413s
 577327 403490 3903.98476  116  303 3920.39000 3263.61346  16.8%  13.2 4418s
 578322 404335 3507.75370   83  339 3920.39000 3263.68581  16.8%  13.2 4423s
 579419 405047 3800.12555  158  201 3920.39000 3263.68741  16.8%  13.2 4428s
 580507 405667 3550.82260   76  314 3920.39000 3263.74700  16.7%  13.2 4433s
 581399 406467 3840.47295  115  292 3920.39000 3263.74700  16.7%  13.2 4438s
 582535 407222 3855.19550   84  321 3920.39000 3263.77800  16.7%  13.2 4443s
 583485 407974 3696.83692  108  300 3920.39000 3263.82561  16.7%  13.2 4448s
 584425 408765 3813.69655  137  292 3920.39000 3263.82594  16.7%  13.2 4453s
 585592 409544     cutoff  165      3920.39000 3263.84698  16.7%  13.2 4458s
 586688 410403 3784.02448  111  366 3920.39000 3263.90010  16.7%  13.2 4463s
 587660 411052 3817.34387   82  326 3920.39000 3263.93634  16.7%  13.2 4468s
 588596 412119 3287.57873   67  347 3920.39000 3264.00172  16.7%  13.2 4474s
 589877 412856 3794.15092  120  310 3920.39000 3264.01863  16.7%  13.2 4479s
 590884 413737 3268.61715   72  360 3920.39000 3264.02807  16.7%  13.2 4484s
 592096 414636 3501.68111   68  391 3920.39000 3264.08843  16.7%  13.2 4489s
 593272 415360 3848.20796  131  225 3920.39000 3264.11418  16.7%  13.2 4495s
 594255 416235 3698.52510   86  332 3920.39000 3264.19241  16.7%  13.2 4500s
 595352 417084 3724.18756   86  322 3920.39000 3264.19286  16.7%  13.2 4505s
 596492 417855 3684.55010  113  318 3920.39000 3264.24024  16.7%  13.2 4510s
 597486 418708     cutoff  101      3920.39000 3264.25847  16.7%  13.2 4515s
 598766 419459 3441.18182   69  339 3920.39000 3264.30733  16.7%  13.2 4520s
 599884 420238 3863.15460  102  278 3920.39000 3264.35049  16.7%  13.2 4525s
 600900 421114 3840.49521  106  273 3920.39000 3264.38075  16.7%  13.2 4530s
 602075 421894 3634.92432  122  328 3920.39000 3264.41688  16.7%  13.2 4536s
 603018 422667 3806.73575   94  306 3920.39000 3264.42008  16.7%  13.2 4541s
 604043 423619 3879.70019   96  293 3920.39000 3264.43862  16.7%  13.2 4547s
 605261 424396 3860.60254   87  339 3920.39000 3264.48180  16.7%  13.2 4553s
 606366 425370 3914.58399   83  347 3920.39000 3264.50140  16.7%  13.2 4558s
 607540 426090 3788.26177  137  253 3920.39000 3264.52169  16.7%  13.2 4563s
 608461 426762 3423.40161   83  339 3920.39000 3264.54579  16.7%  13.2 4569s
 609300 427508 3389.58744   69  359 3920.39000 3264.54708  16.7%  13.2 4575s
 610311 428421     cutoff   92      3920.39000 3264.54708  16.7%  13.2 4580s
 611658 429263 3807.86842  112  324 3920.39000 3264.62073  16.7%  13.2 4586s
 612782 430043 3393.36863   73  317 3920.39000 3264.65154  16.7%  13.2 4592s
 613903 430971 3268.99640   65  353 3920.39000 3264.69106  16.7%  13.2 4598s
 615166 431715 3916.75057  128  290 3920.39000 3264.73039  16.7%  13.2 4603s
 616129 432570 3389.65508   77  330 3920.39000 3264.74979  16.7%  13.2 4609s
 617221 433371 3736.84018  141  274 3920.39000 3264.75274  16.7%  13.2 4614s
 618261 433869 3736.06867   88  331 3920.39000 3264.79505  16.7%  13.2 4622s
 618993 434981 3312.65211   63  347 3920.39000 3264.82470  16.7%  13.2 4630s
 620496 435968 3868.27282   87  307 3920.39000 3264.89721  16.7%  13.2 4636s
 621767 436924     cutoff   93      3920.39000 3264.90076  16.7%  13.2 4642s
 623122 437742     cutoff   93      3920.39000 3264.98368  16.7%  13.2 4647s
 624131 438279 3565.03861   78  326 3920.39000 3265.00014  16.7%  13.2 4653s
 624908 438780 3786.03112   92  324 3920.39000 3265.00014  16.7%  13.1 4658s
 625877 439344     cutoff  105      3920.39000 3265.00236  16.7%  13.1 4663s
 626850 440114 3372.40519   66  344 3920.39000 3265.00840  16.7%  13.1 4669s
 627820 440786 3541.16545  108  325 3920.39000 3265.01107  16.7%  13.1 4674s
 628028 440786 3865.12110   96  364 3920.39000 3265.01107  16.7%  13.1 4675s
 628974 441784 3829.55398  154  193 3920.39000 3265.03795  16.7%  13.1 4680s
 630192 442651 3754.93675  104  352 3920.39000 3265.08824  16.7%  13.1 4685s
 631331 443567 3557.88753   87  314 3920.39000 3265.08851  16.7%  13.1 4690s
 632454 444435 3637.93264   89  313 3920.39000 3265.09415  16.7%  13.1 4695s
 633630 445215 3834.99996   95  310 3920.39000 3265.13380  16.7%  13.1 4701s
 634671 445891 3917.70063  103  332 3920.39000 3265.15657  16.7%  13.1 4706s
 635699 446627 infeasible  131      3920.39000 3265.18612  16.7%  13.1 4712s
 636773 447492 3914.71754  104  340 3920.39000 3265.21429  16.7%  13.1 4718s
 638021 448387 3668.40911   74  374 3920.39000 3265.26487  16.7%  13.1 4723s
 639271 449116 3623.51039   80  348 3920.39000 3265.30964  16.7%  13.1 4728s
 640301 449923 3866.86279   89  329 3920.39000 3265.33960  16.7%  13.1 4734s
 641528 450673 3860.82830   85  334 3920.39000 3265.39617  16.7%  13.1 4739s
 642665 451472 3851.13634  109  355 3920.39000 3265.42638  16.7%  13.1 4744s
 643622 452306 3741.76941  114  295 3920.39000 3265.42638  16.7%  13.1 4749s
 644672 453064 3786.88843  119  274 3920.39000 3265.47073  16.7%  13.1 4754s
 645648 453740 3729.16017   97  317 3920.39000 3265.48439  16.7%  13.1 4759s
 646393 454502 3903.80496  135  292 3920.39000 3265.48841  16.7%  13.1 4764s
 647432 455464 3675.65683   75  340 3920.39000 3265.48841  16.7%  13.1 4769s
 648579 456166 3698.52163  132  309 3920.39000 3265.53872  16.7%  13.1 4774s
 649532 456989 3917.22782  165  217 3920.39000 3265.53892  16.7%  13.1 4780s
 650723 457262 3738.73482   91  336 3920.39000 3265.55722  16.7%  13.1 4788s
 651053 457269 3906.61759  113  348 3920.39000 3265.55722  16.7%  13.1 4791s
 651065 464418 3908.77077  113  346 3920.39000 3265.55722  16.7%  13.1 4854s
 653051 464418 3795.17493   93  328 3920.39000 3265.55722  16.7%  13.1 4855s
 660995 465461 3839.48805   93  306 3920.39000 3265.84425  16.7%  13.1 4865s
 662392 466044     cutoff  147      3920.39000 3265.90868  16.7%  13.1 4872s
 663171 467049     cutoff   83      3920.39000 3265.92871  16.7%  13.1 4878s
 664585 467909 3745.30455   88  341 3920.39000 3265.98194  16.7%  13.1 4885s
 665750 468755 3558.59622   84  319 3920.39000 3266.01844  16.7%  13.1 4890s
 666736 469595 3634.29103   80  336 3920.39000 3266.03288  16.7%  13.1 4896s
 667929 470478     cutoff  100      3920.39000 3266.05849  16.7%  13.1 4902s
 669088 471160 3884.51044   80  330 3920.39000 3266.09985  16.7%  13.1 4907s
 670082 471926 3654.36152   87  323 3920.39000 3266.12095  16.7%  13.1 4913s
 671113 472703 3589.30439   83  336 3920.39000 3266.16948  16.7%  13.1 4918s
 672169 473489 3812.44969  104  339 3920.39000 3266.17011  16.7%  13.1 4923s
 673368 474362 3702.02219   79  325 3920.39000 3266.19777  16.7%  13.1 4928s
 674503 475124 3802.54760  118  302 3920.39000 3266.26643  16.7%  13.1 4934s
 675621 475816 3527.19721   71  329 3920.39000 3266.29857  16.7%  13.1 4939s
 676554 476473 3614.47342   80  369 3920.39000 3266.33763  16.7%  13.1 4944s
 677491 477182 3497.01115   75  335 3920.39000 3266.35005  16.7%  13.1 4949s
 678532 478174 3883.29941   90  319 3920.39000 3266.38618  16.7%  13.1 4955s
 679789 478989 3860.07853  131  183 3920.39000 3266.41586  16.7%  13.1 4960s
 680863 479820 3315.66954   68  348 3920.39000 3266.47053  16.7%  13.1 4965s
 682068 480719 3286.74558   68  348 3920.39000 3266.51749  16.7%  13.1 4970s
 683123 481478 3641.17731  124  321 3920.39000 3266.52104  16.7%  13.1 4975s
 684127 482338 3804.43420  146  256 3920.39000 3266.54657  16.7%  13.1 4981s
 685242 483134     cutoff  133      3920.39000 3266.59309  16.7%  13.1 4986s
 686311 483861 3675.73795   77  286 3920.39000 3266.62756  16.7%  13.1 4991s
 687113 484650 3883.79507  114  243 3920.39000 3266.62756  16.7%  13.1 4997s
 688228 485394 3860.26794   87  317 3920.39000 3266.64349  16.7%  13.1 5002s
 689311 486335 3677.59498   86  349 3920.39000 3266.70396  16.7%  13.1 5008s
 690627 487200 3658.85836  110  282 3920.39000 3266.77174  16.7%  13.1 5013s
 691874 487841 3389.94496   69  349 3920.39000 3266.83187  16.7%  13.1 5019s
 692887 488519 3707.09927   85  332 3920.39000 3266.85274  16.7%  13.1 5024s
 693880 489109 3582.85404   86  352 3920.39000 3266.88361  16.7%  13.1 5029s
 694859 490009 3621.45235   72  358 3920.39000 3266.90105  16.7%  13.1 5035s
 696101 490675 3823.58571  114  308 3920.39000 3266.92771  16.7%  13.1 5040s
 696982 491512 3778.30435   83  314 3920.39000 3266.94782  16.7%  13.1 5045s
 698119 492376 3661.74986  101  350 3920.39000 3266.98301  16.7%  13.1 5051s
 699186 493110 3325.64533   56  350 3920.39000 3266.99457  16.7%  13.1 5056s
 700228 493120 3279.02171   68  375 3920.39000 3267.01592  16.7%  13.1 5060s
 700249 493137 3348.37547   70  368 3920.39000 3267.01592  16.7%  13.1 5067s
 700261 493194 3357.41579   71  367 3920.39000 3267.01592  16.7%  13.1 5071s
 700324 500536 3491.96637   72  356 3920.39000 3267.01592  16.7%  13.1 5135s
 710254 501539 3876.71727   92  296 3920.39000 3267.20920  16.7%  13.0 5146s
 711670 502505 3381.96375   75  347 3920.39000 3267.21814  16.7%  13.0 5153s
 713087 503477 3902.22902   98  338 3920.39000 3267.28460  16.7%  13.0 5159s
 713226 503477 3898.74242  140  275 3920.39000 3267.28460  16.7%  13.0 5160s
 714469 504327 3778.35515  109  318 3920.39000 3267.33568  16.7%  13.0 5166s
 715834 505259     cutoff   91      3920.39000 3267.37502  16.7%  13.0 5172s
 717160 506095 3916.85746  108  311 3920.39000 3267.41598  16.7%  13.0 5178s
 718299 506965 3333.83918   77  358 3920.39000 3267.41598  16.7%  13.0 5183s
 719341 507810 3746.60522  122  314 3920.39000 3267.47061  16.7%  13.0 5188s
 720394 508662 3715.59930   77  339 3920.39000 3267.47061  16.7%  13.0 5194s
 721472 509414 3889.97780  144  213 3920.39000 3267.47061  16.7%  13.0 5199s
 722497 510228 3471.37702   73  343 3920.39000 3267.51202  16.7%  13.0 5204s
 723445 510688 3823.90740   89  310 3920.39000 3267.54023  16.7%  13.0 5210s
 724381 511261 3405.22849   72  360 3920.39000 3267.55938  16.7%  13.0 5215s
 725405 512181 3564.11856   80  350 3920.39000 3267.58435  16.7%  13.0 5220s
 726558 513024 3738.93820  110  252 3920.39000 3267.64063  16.7%  13.0 5226s
 727795 513859 3826.11424   80  318 3920.39000 3267.67363  16.6%  13.0 5232s
 729004 514673 3435.36021   80  354 3920.39000 3267.69210  16.6%  13.0 5238s
 730187 515416 3874.48593   92  321 3920.39000 3267.73531  16.6%  13.0 5243s
 731213 516287 3352.70328   73  326 3920.39000 3267.76271  16.6%  13.0 5248s
 732359 517132 3346.44438   62  352 3920.39000 3267.76271  16.6%  13.0 5254s
 733516 517907 3376.71248   68  385 3920.39000 3267.82052  16.6%  13.0 5260s
 734572 518811 3702.34828   87  317 3920.39000 3267.86081  16.6%  13.0 5265s
 735716 519711 3895.13790  104  308 3920.39000 3267.86578  16.6%  13.0 5270s
 736891 520503 3792.84661   92  321 3920.39000 3267.92013  16.6%  13.0 5276s
 737855 521232 3889.53157  137  289 3920.39000 3267.92013  16.6%  13.0 5281s
 738892 522147 3416.72119   67  357 3920.39000 3267.94102  16.6%  13.0 5286s
 740134 522835 3870.94747   80  346 3920.39000 3267.97508  16.6%  13.0 5292s
 741125 523574 3910.75964   94  348 3920.39000 3267.99154  16.6%  13.0 5297s
 742287 524440 3278.69148   71  384 3920.39000 3268.03662  16.6%  13.0 5302s
 743519 525154 3378.12976   68  355 3920.39000 3268.09212  16.6%  13.0 5308s
 744515 525879     cutoff  119      3920.39000 3268.11123  16.6%  13.0 5313s
 745584 526695 3836.20503   98  294 3920.39000 3268.14298  16.6%  13.0 5318s
 746769 527422 3675.24282   92  352 3920.39000 3268.19652  16.6%  13.0 5324s
 747745 528210 3740.36339  106  316 3920.39000 3268.22051  16.6%  13.0 5329s
 748872 529050 3390.88434   69  339 3920.39000 3268.25161  16.6%  13.0 5334s
 749928 529762 3727.09804   86  347 3920.39000 3268.27047  16.6%  13.0 5340s
 750892 530695 3344.58063   69  347 3920.39000 3268.28075  16.6%  13.0 5345s
 752105 531319 3883.31995  144  212 3920.39000 3268.28075  16.6%  13.0 5351s
 752945 532080     cutoff   84      3920.39000 3268.31682  16.6%  13.0 5357s
 754088 532866     cutoff  116      3920.39000 3268.33677  16.6%  13.0 5362s
 755175 533787 3393.46741   69  357 3920.39000 3268.37880  16.6%  13.0 5368s
 756312 534671     cutoff  113      3920.39000 3268.38428  16.6%  13.0 5374s
 757488 535480 3838.26789  103  396 3920.39000 3268.42920  16.6%  13.0 5380s
 758700 536314 3916.89315   88  344 3920.39000 3268.48766  16.6%  13.0 5386s
 759897 537279 3648.13657  101  286 3920.39000 3268.50950  16.6%  13.0 5391s
 761056 538075 3624.33779   77  346 3920.39000 3268.51772  16.6%  13.0 5396s
 762120 539002 3654.98257   96  295 3920.39000 3268.55388  16.6%  13.0 5402s
 763374 539866 3869.14564  123  227 3920.39000 3268.59238  16.6%  13.0 5407s
 764555 540516 3339.64212   67  355 3920.39000 3268.61667  16.6%  13.0 5413s
 765567 541344 3650.11987   72  355 3920.39000 3268.64101  16.6%  13.0 5419s
 766730 542219     cutoff  110      3920.39000 3268.66727  16.6%  13.0 5425s
 767864 543035 3591.57138  102  308 3920.39000 3268.70535  16.6%  13.0 5430s
 768855 543698 3779.20044  155  207 3920.39000 3268.70654  16.6%  13.0 5435s
 769772 544438     cutoff   83      3920.39000 3268.71835  16.6%  13.0 5441s
 770717 545287 3561.55709  101  380 3920.39000 3268.75882  16.6%  13.0 5446s
 771603 546085 3703.48705  142  237 3920.39000 3268.75882  16.6%  13.0 5452s
 772685 546789 3338.54314   67  342 3920.39000 3268.76887  16.6%  13.0 5458s
 773639 547517     cutoff   97      3920.39000 3268.81364  16.6%  13.0 5463s
 774786 548307     cutoff   86      3920.39000 3268.82030  16.6%  13.0 5469s
 775877 549283 3818.86931   98  328 3920.39000 3268.84378  16.6%  13.0 5475s
 777126 550336 3797.27273   99  293 3920.39000 3268.84883  16.6%  13.0 5482s
 778501 551143 3704.46170   85  339 3920.39000 3268.90692  16.6%  13.0 5489s
 779573 552098 3505.56967   80  332 3920.39000 3268.91699  16.6%  13.0 5495s
 780895 553053     cutoff  118      3920.39000 3268.95672  16.6%  13.0 5501s
 781999 553728 3893.86890  112  372 3920.39000 3268.98907  16.6%  13.0 5507s
 783059 554495 3594.90242   87  309 3920.39000 3268.99083  16.6%  13.0 5512s
 784076 555359 3777.12541  141  189 3920.39000 3269.01358  16.6%  13.0 5518s
 785323 556092     cutoff  108      3920.39000 3269.05303  16.6%  13.0 5524s
 786313 557044 3672.64055   73  361 3920.39000 3269.08319  16.6%  13.0 5530s
 787568 557982 3916.16707  110  314 3920.39000 3269.13151  16.6%  13.0 5536s
 788778 558752 3564.60033   72  332 3920.39000 3269.15281  16.6%  13.0 5542s
 789772 559425 3484.14569   68  363 3920.39000 3269.16419  16.6%  13.0 5547s
 790710 560078 3862.70756  127  306 3920.39000 3269.17804  16.6%  13.0 5553s
 791850 560611 3919.86032   99  279 3920.39000 3269.21042  16.6%  13.0 5558s
 792693 561333     cutoff   91      3920.39000 3269.23505  16.6%  13.0 5565s
 793729 561945 3824.11815   86  330 3920.39000 3269.26074  16.6%  13.0 5570s
 794652 562895 3759.41205  101  332 3920.39000 3269.27711  16.6%  13.0 5577s
 795890 563607     cutoff  105      3920.39000 3269.29745  16.6%  13.0 5582s
 796919 564463 3469.29797   74  358 3920.39000 3269.32763  16.6%  13.0 5588s
 798015 565254 3543.18472   90  363 3920.39000 3269.33868  16.6%  13.0 5595s
 799130 565887 3412.95314   78  331 3920.39000 3269.38013  16.6%  13.0 5600s
 800107 566554 3274.20662   64  388 3920.39000 3269.39922  16.6%  13.0 5609s
 800924 567603 3585.79653  104  325 3920.39000 3269.41339  16.6%  13.0 5616s
 802167 568637     cutoff  151      3920.39000 3269.41537  16.6%  13.0 5623s
 803547 569474 3404.62929   65  331 3920.39000 3269.45450  16.6%  13.0 5629s
 804236 569474     cutoff  148      3920.39000 3269.47351  16.6%  13.0 5630s
 804694 570185 3919.17643  124  376 3920.39000 3269.49949  16.6%  13.0 5636s
 805772 571001 3422.64107   75  337 3920.39000 3269.52395  16.6%  13.0 5643s
 806897 571778 3335.69337   71  354 3920.39000 3269.53196  16.6%  13.0 5649s
 807926 572608 3352.09996   74  340 3920.39000 3269.58457  16.6%  13.0 5655s
 809043 573405 3471.38711   78  312 3920.39000 3269.61414  16.6%  13.0 5662s
 810280 574279     cutoff   93      3920.39000 3269.64897  16.6%  13.0 5668s
 811349 575155 3726.00090   93  285 3920.39000 3269.64897  16.6%  13.0 5674s
 812573 576048 3889.03416  139  235 3920.39000 3269.71630  16.6%  13.0 5680s
 813792 577080 3786.14505  105  248 3920.39000 3269.72917  16.6%  13.0 5686s
 815099 577700 3862.54516  145  194 3920.39000 3269.75946  16.6%  12.9 5692s
 815933 578537 3763.67740   94  303 3920.39000 3269.78197  16.6%  12.9 5698s
 817031 579253 3606.40335   74  353 3920.39000 3269.79698  16.6%  12.9 5704s
 818024 580067     cutoff  113      3920.39000 3269.82458  16.6%  12.9 5710s
 818978 580852 3286.74340   61  361 3920.39000 3269.82585  16.6%  12.9 5717s
 820021 581735 3604.70701   75  324 3920.39000 3269.84449  16.6%  12.9 5724s
 821287 582380 3809.31796   87  315 3920.39000 3269.86926  16.6%  12.9 5731s
 822328 583042 3816.98540   97  265 3920.39000 3269.88655  16.6%  12.9 5737s
 823302 583810 3793.00683  114  323 3920.39000 3269.92130  16.6%  12.9 5744s
 824401 584667 3545.01245   70  312 3920.39000 3269.94650  16.6%  12.9 5751s
 825707 585328 3415.88063   70  351 3920.39000 3269.98354  16.6%  12.9 5758s
 826779 586185 3855.85224   88  338 3920.39000 3270.01481  16.6%  12.9 5764s
 828027 586869 3629.18817   85  316 3920.39000 3270.05017  16.6%  12.9 5770s
 829207 587751 3833.22130   98  340 3920.39000 3270.05212  16.6%  12.9 5777s
 830337 588691 3362.33982   70  336 3920.39000 3270.07536  16.6%  12.9 5784s
 831524 589677 3386.39506   76  348 3920.39000 3270.11033  16.6%  12.9 5790s
 832824 590612 3705.05612   94  294 3920.39000 3270.13716  16.6%  12.9 5797s
 834096 591538 3455.38502   68  346 3920.39000 3270.14846  16.6%  12.9 5804s
 835306 592147 3915.51280   98  277 3920.39000 3270.17069  16.6%  12.9 5809s
 836282 592928 3359.80472   65  384 3920.39000 3270.19121  16.6%  12.9 5815s
 837280 593834 3460.51109   80  366 3920.39000 3270.20795  16.6%  12.9 5821s
 838422 594600 3490.48656   84  317 3920.39000 3270.24001  16.6%  12.9 5827s
 839472 595407 3701.31035  148  212 3920.39000 3270.24488  16.6%  12.9 5833s
 840534 596128 3407.35891   74  333 3920.39000 3270.28551  16.6%  12.9 5839s
 841410 596936 3272.59891   67  352 3920.39000 3270.28869  16.6%  12.9 5845s
 842415 597629 3580.94022   70  334 3920.39000 3270.30434  16.6%  12.9 5851s
 843209 598282 3867.70360  107  302 3920.39000 3270.30434  16.6%  12.9 5857s
 844259 599056     cutoff  109      3920.39000 3270.32118  16.6%  12.9 5863s
 845318 599795 3293.84793   58  379 3920.39000 3270.32118  16.6%  12.9 5870s
 846350 600745 3803.65422   90  326 3920.39000 3270.36351  16.6%  12.9 5877s
 847470 601548 3884.06610  133  298 3920.39000 3270.38413  16.6%  12.9 5882s
 848487 602388 3810.80972  129  315 3920.39000 3270.39220  16.6%  12.9 5888s
 849605 603141 3846.05644  140  290 3920.39000 3270.39814  16.6%  12.9 5894s
 849724 603141 3901.46267  157  150 3920.39000 3270.39814  16.6%  12.9 5895s
 850738 603849     cutoff   91      3920.39000 3270.41908  16.6%  12.9 5901s
 851769 604500 3340.61983   67  335 3920.39000 3270.44089  16.6%  12.9 5908s
 852675 604943 3919.70494  107  258 3920.39000 3270.45674  16.6%  12.9 5916s
 853314 605920 3753.07502   79  321 3920.39000 3270.45674  16.6%  12.9 5924s
 854093 605920 3280.78328   63  362 3920.39000 3270.47993  16.6%  12.9 5925s
 854633 607059 3377.39170   71  337 3920.39000 3270.51066  16.6%  12.9 5932s
 856144 608093 3665.81866   77  317 3920.39000 3270.51857  16.6%  12.9 5939s
 856972 608093 3796.70378   79  330 3920.39000 3270.51857  16.6%  12.9 5940s
 857518 608936 3517.87413   71  340 3920.39000 3270.55680  16.6%  12.9 5946s
 858781 609703 3864.56042   87  370 3920.39000 3270.59958  16.6%  12.9 5952s
 859847 610454     cutoff   82      3920.39000 3270.62788  16.6%  12.9 5959s
 860853 611289 3882.78325   80  338 3920.39000 3270.67948  16.6%  12.9 5966s
 861905 612107     cutoff  120      3920.39000 3270.69196  16.6%  12.9 5972s
 862919 612940 3587.06488  104  328 3920.39000 3270.69445  16.6%  12.9 5978s
 864112 613872     cutoff  113      3920.39000 3270.70538  16.6%  12.9 5985s
 865328 614768 3564.24629   88  320 3920.39000 3270.75290  16.6%  12.9 5991s
 866269 615474     cutoff  120      3920.39000 3270.75290  16.6%  12.9 5998s
 867323 616116 3661.69499   88  311 3920.39000 3270.75359  16.6%  12.9 6005s
 868329 617013 3848.10086  146  225 3920.39000 3270.76153  16.6%  12.9 6012s
 869574 617739 3918.80863  110  292 3920.39000 3270.81277  16.6%  12.9 6018s
 870542 618646 3722.90756   94  327 3920.39000 3270.83179  16.6%  12.9 6025s
 871709 619494 3287.43249   67  344 3920.39000 3270.84854  16.6%  12.9 6032s
 872807 620202 3741.76672  123  285 3920.39000 3270.87913  16.6%  12.9 6038s
 873781 621087     cutoff   76      3920.39000 3270.90285  16.6%  12.9 6044s
 874018 621087 3586.64224   77  363 3920.39000 3270.90285  16.6%  12.9 6045s
 874983 621861 3844.02136   89  310 3920.39000 3270.92735  16.6%  12.9 6051s
 875927 622698 3919.34594  114  333 3920.39000 3270.92815  16.6%  12.9 6057s
 877092 623446 3276.55019   60  388 3920.39000 3270.94605  16.6%  12.9 6063s
 878105 624378 3468.35650   72  337 3920.39000 3270.95734  16.6%  12.9 6070s
 879306 625060     cutoff  158      3920.39000 3270.98024  16.6%  12.9 6076s
 880337 625724     cutoff   94      3920.39000 3271.00573  16.6%  12.9 6083s
 881338 626454 3514.22012   70  363 3920.39000 3271.03672  16.6%  12.9 6090s
 882407 627232 3272.56874   64  394 3920.39000 3271.07370  16.6%  12.9 6096s
 883482 627973 3351.92908   73  372 3920.39000 3271.10689  16.6%  12.9 6104s
 884449 628623 3897.11031   84  316 3920.39000 3271.12318  16.6%  12.9 6111s
 885493 629408     cutoff  124      3920.39000 3271.14209  16.6%  12.9 6118s
 886418 630233 3882.25577  128  295 3920.39000 3271.16255  16.6%  12.9 6127s
 887666 631183 3636.42293   84  336 3920.39000 3271.16358  16.6%  12.9 6136s
 888988 631963 3893.29365  107  318 3920.39000 3271.20599  16.6%  12.9 6142s
 890071 632656 3747.42818  108  316 3920.39000 3271.23778  16.6%  12.9 6149s
 891077 633440 3464.37131   78  354 3920.39000 3271.24619  16.6%  12.9 6156s
 892077 634101 3693.63757   91  298 3920.39000 3271.26964  16.6%  12.9 6163s
 892867 634794 3876.73471  127  256 3920.39000 3271.27092  16.6%  12.9 6169s
 894011 635665     cutoff   88      3920.39000 3271.29696  16.6%  12.9 6175s
 895278 636609 3290.51179   62  378 3920.39000 3271.34556  16.6%  12.9 6182s
 896435 637386 3546.39796   93  318 3920.39000 3271.35163  16.6%  12.9 6189s
 897577 638268 3404.24761   71  364 3920.39000 3271.37510  16.6%  12.9 6196s
 898715 639020 3888.57046   80  323 3920.39000 3271.39482  16.6%  12.9 6202s
 899668 639693 3626.00638  104  332 3920.39000 3271.41292  16.6%  12.9 6209s
 900431 640623 3747.55157  140  294 3920.39000 3271.41369  16.6%  12.9 6217s
 901947 641315 3320.32406   61  354 3920.39000 3271.44766  16.6%  12.9 6224s
 902976 642040 3735.70794   95  319 3920.39000 3271.46853  16.6%  12.9 6231s
 904206 642739 3871.37916  110  360 3920.39000 3271.51296  16.6%  12.9 6239s
 905282 643381 3812.62676  111  359 3920.39000 3271.52645  16.6%  12.9 6245s
 906560 644253 3287.29347   69  349 3920.39000 3271.54990  16.6%  12.9 6253s
 907707 644259 3867.73077   92  363 3920.39000 3271.56779  16.5%  12.9 6259s
 907721 644760 3868.94881   93  319 3920.39000 3271.56779  16.5%  12.9 6264s
 908399 645641     cutoff  103      3920.39000 3271.58366  16.5%  12.9 6270s
 909599 646273 3701.57213   79  363 3920.39000 3271.59721  16.5%  12.9 6276s
 910547 647116 3641.49419  100  331 3920.39000 3271.63140  16.5%  12.9 6282s
 911770 647951 3332.67521   71  329 3920.39000 3271.65005  16.5%  12.9 6287s
 912816 648874 3841.10496  111  323 3920.39000 3271.66312  16.5%  12.9 6294s
 913207 648874 3279.09046   67  388 3920.39000 3271.66312  16.5%  12.9 6295s
 914063 649649 3851.39111  135  169 3920.39000 3271.68009  16.5%  12.9 6301s
 915120 650398 3917.93926   86  328 3920.39000 3271.68009  16.5%  12.9 6307s
 916194 651460 3823.01026   80  328 3920.39000 3271.73507  16.5%  12.9 6313s
 917522 652061 3866.23054   88  305 3920.39000 3271.75315  16.5%  12.9 6318s
 918432 652628     cutoff   88      3920.39000 3271.76746  16.5%  12.9 6323s
 919221 653585 3806.24024   91  299 3920.39000 3271.78253  16.5%  12.9 6329s
 920458 654402 3912.58457  147  261 3920.39000 3271.80253  16.5%  12.9 6334s
 921569 654988 3626.98789   94  353 3920.39000 3271.81434  16.5%  12.9 6339s
 922342 655782 3528.90603   83  319 3920.39000 3271.82316  16.5%  12.9 6344s
 922909 655782 3712.66508   96  346 3920.39000 3271.82316  16.5%  12.9 6345s
 923221 656420 3541.53910  124  329 3920.39000 3271.82316  16.5%  12.9 6350s
 924138 657287 3418.16085   75  341 3920.39000 3271.84910  16.5%  12.9 6356s
 925204 658137     cutoff  144      3920.39000 3271.87312  16.5%  12.9 6362s
 926319 658837 3275.62102   61  359 3920.39000 3271.90385  16.5%  12.9 6368s
 927286 659532 3855.69107   87  322 3920.39000 3271.92463  16.5%  12.9 6374s
 928295 660322 3333.91198   61  380 3920.39000 3271.94988  16.5%  12.9 6379s
 929173 660926 3845.64825  106  301 3920.39000 3271.94988  16.5%  12.9 6384s
 929441 660926 3317.04774   64  355 3920.39000 3271.94988  16.5%  12.9 6385s
 930087 661626 3431.01059   71  352 3920.39000 3271.96356  16.5%  12.9 6390s
 931037 662346 3796.85375  101  325 3920.39000 3271.99093  16.5%  12.9 6396s
 932073 663135 3579.41286  104  304 3920.39000 3272.00340  16.5%  12.9 6402s
 933110 663962 3763.79316   84  327 3920.39000 3272.01067  16.5%  12.9 6409s
 934265 664802 3616.46761   82  322 3920.39000 3272.04702  16.5%  12.9 6415s
 935353 665497 3397.53030   71  362 3920.39000 3272.05995  16.5%  12.9 6420s
 936185 666291     cutoff  106      3920.39000 3272.06703  16.5%  12.9 6426s
 937232 667064 3649.04412   97  308 3920.39000 3272.08133  16.5%  12.9 6432s
 938080 667840 3837.87361  136  200 3920.39000 3272.10664  16.5%  12.9 6439s
 939103 668713 3849.26197  109  337 3920.39000 3272.11416  16.5%  12.9 6446s
 940318 669631 3788.85368   90  310 3920.39000 3272.14428  16.5%  12.9 6452s
 941491 670464 3560.57319   75  342 3920.39000 3272.16974  16.5%  12.9 6458s
 942632 671418 3355.97781   66  325 3920.39000 3272.20905  16.5%  12.9 6465s
 943896 672214 3910.59130   88  314 3920.39000 3272.23620  16.5%  12.9 6472s
 945085 672959 3890.51881   94  377 3920.39000 3272.26113  16.5%  12.9 6478s
 946100 673679 3410.22640   79  388 3920.39000 3272.28302  16.5%  12.9 6484s
 946854 674313 3779.58395  115  310 3920.39000 3272.29812  16.5%  12.9 6490s
 947672 675095 3859.48469  149  225 3920.39000 3272.30027  16.5%  12.9 6497s
 948844 675937 3312.42505   69  343 3920.39000 3272.30157  16.5%  12.9 6504s
 949936 676679     cutoff  131      3920.39000 3272.33899  16.5%  12.9 6512s
 951102 677439 3307.82141   58  360 3920.39000 3272.37754  16.5%  12.9 6518s
 952123 678155 3589.02804   78  350 3920.39000 3272.39773  16.5%  12.9 6524s
 952880 678951 3887.41600  116  286 3920.39000 3272.39811  16.5%  12.9 6530s
 953936 679788     cutoff  129      3920.39000 3272.40593  16.5%  12.9 6537s
 954984 680721 3614.28417   81  328 3920.39000 3272.43262  16.5%  12.9 6544s
 956282 681468 3656.08090   89  306 3920.39000 3272.44257  16.5%  12.9 6551s
 957432 682173 3635.01957   82  318 3920.39000 3272.47809  16.5%  12.9 6556s
 958223 682898 3854.20213  119  271 3920.39000 3272.48067  16.5%  12.9 6561s
 959216 683471 3500.83258   84  322 3920.39000 3272.48503  16.5%  12.9 6567s
 960148 684332 3279.11651   64  380 3920.39000 3272.51565  16.5%  12.9 6573s
 961276 685334 3911.62169  154  147 3920.39000 3272.52477  16.5%  12.9 6579s
 961437 685334 3276.98487   60  367 3920.39000 3272.52477  16.5%  12.9 6580s
 962458 686175 3627.47657  111  389 3920.39000 3272.54613  16.5%  12.9 6585s
 963567 686972 3717.04578  122  322 3920.39000 3272.54760  16.5%  12.9 6591s
 964617 687656 3849.36180  174  218 3920.39000 3272.55056  16.5%  12.9 6597s
 965688 688670 3342.34195   68  353 3920.39000 3272.58526  16.5%  12.9 6603s
 967010 689524 3643.77177  119  237 3920.39000 3272.61366  16.5%  12.8 6609s
 968094 690202 3745.44545   81  353 3920.39000 3272.63181  16.5%  12.8 6615s
 969100 690951     cutoff  110      3920.39000 3272.66127  16.5%  12.8 6621s
 970081 691908 3647.67876   89  311 3920.39000 3272.67560  16.5%  12.8 6626s
 971254 692546 3891.85906  113  330 3920.39000 3272.68608  16.5%  12.8 6632s
 972220 693360 3426.78806   76  366 3920.39000 3272.70219  16.5%  12.8 6639s
 973328 694043 3335.97889   68  361 3920.39000 3272.71878  16.5%  12.8 6644s
 974361 694928 3663.44152   83  319 3920.39000 3272.72650  16.5%  12.8 6650s
 975610 695665 3723.68883  107  257 3920.39000 3272.75520  16.5%  12.8 6656s
 976512 695717 3721.38446  112  362 3920.39000 3272.75865  16.5%  12.8 6662s
 976575 696435 3725.61510  115  357 3920.39000 3272.75865  16.5%  12.8 6668s
 977597 697258 3534.65577   71  373 3920.39000 3272.78152  16.5%  12.8 6674s
 978852 697994 3605.38223   73  372 3920.39000 3272.83023  16.5%  12.8 6680s
 979867 698710     cutoff  103      3920.39000 3272.84471  16.5%  12.8 6687s
 980875 699489 3695.36990   75  357 3920.39000 3272.87673  16.5%  12.8 6693s
 981955 700425 3877.90904   98  354 3920.39000 3272.88803  16.5%  12.8 6699s
 983159 701288 3657.01172   86  310 3920.39000 3272.93498  16.5%  12.8 6706s
 984280 702023 3523.51943   85  346 3920.39000 3272.93938  16.5%  12.8 6711s
 985336 702871 3528.85591   94  324 3920.39000 3272.96414  16.5%  12.8 6717s
 986544 703658 3555.45610   81  323 3920.39000 3272.99363  16.5%  12.8 6723s
 987613 704303 3449.12093   67  365 3920.39000 3273.01199  16.5%  12.8 6728s
 988388 704903 3701.73976   87  279 3920.39000 3273.01199  16.5%  12.8 6734s
 989197 705571 3896.28046  124  251 3920.39000 3273.02657  16.5%  12.8 6739s
 989976 705571 3302.73155   61  363 3920.39000 3273.03412  16.5%  12.8 6740s
 990161 706398 3743.85813   91  331 3920.39000 3273.04313  16.5%  12.8 6745s
 991161 707070 3912.29189  118  309 3920.39000 3273.06986  16.5%  12.8 6751s
 992010 707898 3779.01900  117  330 3920.39000 3273.07018  16.5%  12.8 6756s
 993126 708702 3524.63332   87  329 3920.39000 3273.08219  16.5%  12.8 6762s
 994247 709563 3678.05516   75  327 3920.39000 3273.10912  16.5%  12.8 6769s
 995368 710306 3754.11557  121  363 3920.39000 3273.13239  16.5%  12.8 6775s
 996367 711277 3893.20883  165  223 3920.39000 3273.15106  16.5%  12.8 6780s
 997545 711975 3317.89609   62  358 3920.39000 3273.16740  16.5%  12.8 6786s
 998444 712596 3627.17659   76  321 3920.39000 3273.17416  16.5%  12.8 6792s
 999359 713415 3834.54206   93  343 3920.39000 3273.17987  16.5%  12.8 6799s
 1000588 714110 3297.26959   61  378 3920.39000 3273.20904  16.5%  12.8 6804s
 1001481 714959 3298.62907   67  376 3920.39000 3273.22018  16.5%  12.8 6810s
 1002649 715762 3864.62119   98  312 3920.39000 3273.23979  16.5%  12.8 6815s
 1003797 716351 3352.80770   76  342 3920.39000 3273.27131  16.5%  12.8 6821s
 1004503 717045 3820.67922  108  322 3920.39000 3273.27267  16.5%  12.8 6826s
 1005401 717764 3545.90150   82  329 3920.39000 3273.28497  16.5%  12.8 6832s
 1006484 718397 3780.28119   74  342 3920.39000 3273.30044  16.5%  12.8 6838s
 1007345 719105 3701.31143   93  302 3920.39000 3273.32375  16.5%  12.8 6844s
 1008380 720053 3620.05085   92  289 3920.39000 3273.34836  16.5%  12.8 6851s
 1009629 720845     cutoff  117      3920.39000 3273.36329  16.5%  12.8 6857s
 1010715 721639 3553.22785   70  375 3920.39000 3273.37500  16.5%  12.8 6863s
 1011641 722370 3281.73220   61  370 3920.39000 3273.39825  16.5%  12.8 6869s
 1012601 723122 3704.30679  106  306 3920.39000 3273.39825  16.5%  12.8 6874s
 1012689 723122 3838.25085  141  238 3920.39000 3273.39825  16.5%  12.8 6875s
 1013636 724058     cutoff   91      3920.39000 3273.41851  16.5%  12.8 6881s
 1014758 724765 3714.36866  127  237 3920.39000 3273.41851  16.5%  12.8 6887s
 1015833 725419 3573.67398   76  352 3920.39000 3273.45160  16.5%  12.8 6893s
 1016909 726146 3833.87396   81  316 3920.39000 3273.48721  16.5%  12.8 6900s
 1017959 726875 3819.45300   79  326 3920.39000 3273.50488  16.5%  12.8 6906s
 1019171 727717 3359.92714   63  374 3920.39000 3273.53105  16.5%  12.8 6912s
 1020293 728516 3453.74362   77  335 3920.39000 3273.55462  16.5%  12.8 6918s
 1021259 729256     cutoff  134      3920.39000 3273.56527  16.5%  12.8 6923s
 1022435 729926     cutoff  122      3920.39000 3273.58774  16.5%  12.8 6930s
 1023464 730605 3278.77647   65  395 3920.39000 3273.61345  16.5%  12.8 6935s
 1024524 731329     cutoff  106      3920.39000 3273.63569  16.5%  12.8 6941s
 1025502 731998 3865.29743   93  296 3920.39000 3273.65158  16.5%  12.8 6946s
 1026515 732818     cutoff   88      3920.39000 3273.67049  16.5%  12.8 6953s
 1027661 733534 3536.51893   76  316 3920.39000 3273.69093  16.5%  12.8 6959s
 1028687 734472 3906.80452   95  376 3920.39000 3273.71254  16.5%  12.8 6965s
 1029911 735249 3913.42284  150  133 3920.39000 3273.74028  16.5%  12.8 6971s
 1031081 735260     cutoff  128      3920.39000 3273.74612  16.5%  12.8 6977s
 1031119 735755     cutoff  128      3920.39000 3273.74612  16.5%  12.8 6986s
 1031839 736405     cutoff  127      3920.39000 3273.77980  16.5%  12.8 6993s
 1032853 737152 3509.64235   89  317 3920.39000 3273.77980  16.5%  12.8 6999s
 1034014 737805 3776.30936   90  345 3920.39000 3273.81531  16.5%  12.8 7005s
 1034959 738578 3676.90296   77  345 3920.39000 3273.83927  16.5%  12.8 7011s
 1035961 739251     cutoff   98      3920.39000 3273.84987  16.5%  12.8 7017s
 1037003 740099 3911.96850  150  187 3920.39000 3273.86632  16.5%  12.8 7023s
 1038236 740876 3391.01145   84  338 3920.39000 3273.89647  16.5%  12.8 7029s
 1039200 741728 3850.37316  137  276 3920.39000 3273.90467  16.5%  12.8 7034s
 1040168 741728     cutoff  122      3920.39000 3273.91537  16.5%  12.8 7035s
 1040410 742634     cutoff   91      3920.39000 3273.93405  16.5%  12.8 7040s
 1041631 743358 3632.06569   78  333 3920.39000 3273.95942  16.5%  12.8 7047s
 1042647 744186 3579.65329   83  316 3920.39000 3273.97223  16.5%  12.8 7052s
 1043841 744920     cutoff   91      3920.39000 3274.00521  16.5%  12.8 7058s
 1044759 745556 3417.90395   79  330 3920.39000 3274.01067  16.5%  12.8 7063s
 1045645 746199 3699.32670  114  286 3920.39000 3274.02130  16.5%  12.8 7069s
 1046615 747113 3877.13327  154  184 3920.39000 3274.04484  16.5%  12.8 7074s
 1047877 747940 3536.63066   83  348 3920.39000 3274.08705  16.5%  12.8 7080s
 1048915 748830 3826.89404  130  256 3920.39000 3274.09503  16.5%  12.8 7086s
 1049952 749654 3721.40731  121  320 3920.39000 3274.09949  16.5%  12.8 7092s
 1051061 750547 3901.41019  164  216 3920.39000 3274.11474  16.5%  12.8 7098s
 1052149 751139 3445.75294   73  349 3920.39000 3274.11474  16.5%  12.8 7103s
 1053068 751943 3629.78367   85  303 3920.39000 3274.13700  16.5%  12.8 7109s
 1054058 752618 3735.27403  109  320 3920.39000 3274.13700  16.5%  12.8 7115s
 1055085 753551 3638.23123   85  338 3920.39000 3274.17805  16.5%  12.8 7120s
 1056192 754435 3435.45843   71  346 3920.39000 3274.17985  16.5%  12.8 7126s
 1057364 755148 3440.59112   70  330 3920.39000 3274.21187  16.5%  12.8 7132s
 1058419 755445 3454.90245   73  345 3920.39000 3274.23486  16.5%  12.8 7139s
 1058822 756143 3563.57127   83  318 3920.39000 3274.24150  16.5%  12.8 7146s
 1059805 757132 3877.48357   94  303 3920.39000 3274.26156  16.5%  12.8 7152s
 1061140 757868 3724.23656   74  354 3920.39000 3274.27446  16.5%  12.8 7159s
 1062355 758600 3364.00297   69  376 3920.39000 3274.33721  16.5%  12.8 7166s
 1063436 759442 3873.83519  133  333 3920.39000 3274.36395  16.5%  12.8 7172s
 1064596 760381     cutoff  107      3920.39000 3274.37971  16.5%  12.8 7178s
 1065765 761110 3865.12580  118  217 3920.39000 3274.37971  16.5%  12.8 7184s
 1066815 761971 3670.85838   76  348 3920.39000 3274.41708  16.5%  12.8 7190s
 1067959 762800 3726.52664   87  306 3920.39000 3274.42375  16.5%  12.8 7196s
 1068988 763572 3762.86152  120  256 3920.39000 3274.43959  16.5%  12.8 7202s
 1070025 764433 3776.46142  131  244 3920.39000 3274.45799  16.5%  12.8 7207s
 1071076 765316 3826.81659  114  361 3920.39000 3274.45851  16.5%  12.8 7212s
 1072148 766007 3694.84092  100  348 3920.39000 3274.47993  16.5%  12.8 7218s
 1073105 766754     cutoff  154      3920.39000 3274.48489  16.5%  12.8 7223s
 1073980 767410 3706.19682   78  345 3920.39000 3274.48851  16.5%  12.8 7229s
 1074992 768261 3853.97355   87  326 3920.39000 3274.49164  16.5%  12.8 7234s
 1076012 768990 3796.88928  121  287 3920.39000 3274.52392  16.5%  12.8 7240s
 1076940 769855 3725.06698   89  387 3920.39000 3274.52871  16.5%  12.8 7245s
 1077968 770634 3419.91181   72  354 3920.39000 3274.54187  16.5%  12.8 7250s
 1079034 771482     cutoff  136      3920.39000 3274.54248  16.5%  12.8 7256s
 1080039 772109 3726.94929  102  307 3920.39000 3274.55416  16.5%  12.8 7261s
 1080945 772891 3830.16181  141  213 3920.39000 3274.56801  16.5%  12.8 7266s
 1081966 773629 3639.54198   84  322 3920.39000 3274.58759  16.5%  12.8 7272s
 1083045 774393     cutoff  112      3920.39000 3274.60040  16.5%  12.8 7278s
 1084217 775069     cutoff   97      3920.39000 3274.61567  16.5%  12.8 7283s
 1085026 775849 3762.27324   93  341 3920.39000 3274.64352  16.5%  12.8 7288s
 1085920 775928 3919.44712  137  252 3920.39000 3274.64357  16.5%  12.8 7294s
 1086026 776676 3658.86551   87  336 3920.39000 3274.64571  16.5%  12.8 7300s
 1087058 777627 3294.79287   63  354 3920.39000 3274.64908  16.5%  12.8 7306s
 1088238 778532 3698.69235   82  382 3920.39000 3274.68021  16.5%  12.8 7312s
 1089561 779458     cutoff  136      3920.39000 3274.69039  16.5%  12.8 7318s
 1090863 780237 3919.63258   99  341 3920.39000 3274.74569  16.5%  12.8 7324s
 1091867 781093 3751.15565  121  358 3920.39000 3274.76217  16.5%  12.8 7330s
 1092995 781887 3851.83894  148  278 3920.39000 3274.76406  16.5%  12.8 7335s
 1094292 782665 3881.28079  127  312 3920.39000 3274.79277  16.5%  12.8 7341s
 1095407 783432 3727.50951   95  315 3920.39000 3274.80429  16.5%  12.8 7347s
 1096526 784290 3405.26568   72  334 3920.39000 3274.82786  16.5%  12.8 7353s
 1097853 784971 3765.54634  127  258 3920.39000 3274.85025  16.5%  12.8 7358s
 1098720 785691 3893.83249   84  312 3920.39000 3274.87052  16.5%  12.8 7364s
 1099877 786339 3886.89960   87  372 3920.39000 3274.88315  16.5%  12.8 7369s
 1100750 786339 3919.16818  116  337 3920.39000 3274.91361  16.5%  12.8 7370s
 1100844 787154 3275.44267   63  349 3920.39000 3274.91361  16.5%  12.8 7376s
 1102118 787846 3318.64079   75  349 3920.39000 3274.94623  16.5%  12.8 7382s
 1102862 788734     cutoff  112      3920.39000 3274.94985  16.5%  12.8 7388s
 1103975 789687 3762.32293  132  236 3920.39000 3274.96464  16.5%  12.8 7394s
 1105255 790574 3504.79821   80  373 3920.39000 3274.97531  16.5%  12.8 7399s
 1106437 791542 3666.82779   92  310 3920.39000 3274.99505  16.5%  12.8 7405s
 1107698 792452 3690.82302   84  299 3920.39000 3275.01075  16.5%  12.8 7410s
 1108662 792978 3864.38631  139  263 3920.39000 3275.02300  16.5%  12.8 7416s
 1109589 793697     cutoff  155      3920.39000 3275.02352  16.5%  12.8 7421s
 1110631 794379 3778.71882  121  251 3920.39000 3275.03229  16.5%  12.8 7426s
 1111829 795132 3360.81211   66  355 3920.39000 3275.04618  16.5%  12.8 7432s
 1112813 796128 3894.58031  102  280 3920.39000 3275.05468  16.5%  12.8 7437s
 1113983 796832 3633.93368   86  306 3920.39000 3275.06325  16.5%  12.8 7443s
 1115100 797820 3301.40993   66  342 3920.39000 3275.08709  16.5%  12.8 7449s
 1116235 798588 3837.53966  118  305 3920.39000 3275.10728  16.5%  12.8 7454s
 1117194 799172 3756.00855  111  381 3920.39000 3275.11567  16.5%  12.8 7460s
 1118003 800127 3903.46256  103  343 3920.39000 3275.11610  16.5%  12.8 7466s
 1119206 800964 3603.87107   75  338 3920.39000 3275.13688  16.5%  12.8 7472s
 1120547 801801 3616.10513   91  303 3920.39000 3275.15914  16.5%  12.8 7479s
 1121729 802773 3525.83356   76  359 3920.39000 3275.18085  16.5%  12.8 7484s
 1122388 802773 3873.87837  107  268 3920.39000 3275.18309  16.5%  12.8 7485s
 1123065 803582     cutoff   83      3920.39000 3275.20306  16.5%  12.8 7490s
 1124301 804320 3907.79521  104  370 3920.39000 3275.22898  16.5%  12.8 7497s
 1125491 805015 3498.56687   70  327 3920.39000 3275.24185  16.5%  12.8 7502s
 1126448 805829 3839.37610  103  333 3920.39000 3275.24818  16.5%  12.8 7507s
 1127616 806639 3396.24419   68  354 3920.39000 3275.27202  16.5%  12.8 7513s
 1128801 807389 3884.31279   89  334 3920.39000 3275.29353  16.5%  12.8 7518s
 1129788 808302     cutoff   79      3920.39000 3275.31174  16.5%  12.8 7523s
 1131013 809113 3333.14476   67  376 3920.39000 3275.33913  16.5%  12.8 7530s
 1132188 809744 3509.34610   83  352 3920.39000 3275.35210  16.5%  12.8 7535s
 1133005 810606 3701.11612   71  351 3920.39000 3275.37592  16.5%  12.8 7541s
 1134172 811317 3873.40922  104  325 3920.39000 3275.38865  16.5%  12.8 7546s
 1135212 811861 3869.83731   83  324 3920.39000 3275.39317  16.5%  12.8 7551s
 1136146 812726 3868.09100   96  359 3920.39000 3275.40854  16.5%  12.8 7556s
 1137282 813343 3911.09745  110  370 3920.39000 3275.41256  16.5%  12.8 7561s
 1138316 813357 3698.32994   92  346 3920.39000 3275.43580  16.5%  12.8 7566s
 1138337 814113 3756.44372   94  338 3920.39000 3275.43580  16.5%  12.8 7571s
 1139229 814866 3570.25875   81  341 3920.39000 3275.44079  16.5%  12.8 7576s
 1140429 815577 3638.83983   79  337 3920.39000 3275.45694  16.5%  12.8 7582s
 1141472 816327 3675.25442   73  388 3920.39000 3275.48678  16.4%  12.8 7588s
 1142544 816331 3319.65463   70  377 3920.39000 3275.49826  16.4%  12.8 7592s
 1142558 816337 3319.82851   71  376 3920.39000 3275.49826  16.4%  12.8 7598s
 1142570 816341 3340.25334   72  375 3920.39000 3275.49826  16.4%  12.8 7603s
 1142585 816923 3341.25999   73  374 3920.39000 3275.50371  16.4%  12.8 7609s
 1143428 817620 3912.23083  105  351 3920.39000 3275.50371  16.4%  12.8 7615s
 1144402 818376 3277.54258   63  368 3920.39000 3275.53353  16.4%  12.8 7621s
 1145518 819069 3688.23822   88  362 3920.39000 3275.55779  16.4%  12.8 7626s
 1146603 819879 3296.26852   61  393 3920.39000 3275.57070  16.4%  12.8 7633s
 1147816 820601 3296.42803   58  366 3920.39000 3275.60199  16.4%  12.8 7639s
 1148814 821447 3817.87626   94  308 3920.39000 3275.61757  16.4%  12.8 7645s
 1150069 822213 3428.36710   82  331 3920.39000 3275.63300  16.4%  12.8 7651s
 1151118 823101 3832.20509   81  329 3920.39000 3275.64932  16.4%  12.8 7657s
 1152372 823861 3646.47136   86  359 3920.39000 3275.67829  16.4%  12.8 7663s
 1153422 824521 3590.08820   80  331 3920.39000 3275.68561  16.4%  12.8 7668s
 1154388 825374 3826.41335   93  303 3920.39000 3275.71275  16.4%  12.8 7674s
 1155488 826221 3879.58753  160  119 3920.39000 3275.72767  16.4%  12.8 7679s
 1155717 826221 3405.57802   72  391 3920.39000 3275.72767  16.4%  12.8 7680s
 1156630 826878     cutoff  120      3920.39000 3275.72975  16.4%  12.8 7686s
 1157634 827503 3589.72272   80  365 3920.39000 3275.75552  16.4%  12.8 7691s
 1158696 828322 3665.52335  102  355 3920.39000 3275.77255  16.4%  12.8 7697s
 1159902 828994 3377.10799   72  347 3920.39000 3275.79346  16.4%  12.8 7703s
 1160720 829714 3447.84303   79  344 3920.39000 3275.80641  16.4%  12.8 7708s
 1161665 830576 3533.44839   84  318 3920.39000 3275.80810  16.4%  12.8 7714s
 1162805 831216 3334.80167   68  338 3920.39000 3275.82825  16.4%  12.8 7719s
 1163566 831982 3784.23958  102  285 3920.39000 3275.82825  16.4%  12.8 7725s
 1164675 832659 3908.93868  101  335 3920.39000 3275.86195  16.4%  12.8 7731s
 1165670 833599 3786.02360   91  336 3920.39000 3275.87616  16.4%  12.8 7736s
 1166903 834228 3835.46143   89  312 3920.39000 3275.89454  16.4%  12.8 7742s
 1167837 835215 3709.78435   83  318 3920.39000 3275.91863  16.4%  12.8 7749s
 1169234 835972 3299.57080   67  369 3920.39000 3275.95099  16.4%  12.8 7754s
 1170268 836912 3543.58691   81  335 3920.39000 3275.97781  16.4%  12.8 7759s
 1171377 837750 3874.21872  140  323 3920.39000 3275.97781  16.4%  12.8 7765s
 1172497 838277 3567.95284   77  336 3920.39000 3276.00760  16.4%  12.8 7770s
 1173319 838992 3327.11160   69  351 3920.39000 3276.00760  16.4%  12.8 7776s
 1174434 839865     cutoff   93      3920.39000 3276.03261  16.4%  12.8 7781s
 1175698 840514 3913.62589  108  353 3920.39000 3276.05407  16.4%  12.8 7787s
 1176548 841283 3795.71687   99  340 3920.39000 3276.05935  16.4%  12.8 7792s
 1177395 841944 3353.55911   71  350 3920.39000 3276.05935  16.4%  12.8 7797s
 1178281 842695 3398.66901   72  349 3920.39000 3276.06533  16.4%  12.8 7803s
 1179339 843509 3699.93665   97  303 3920.39000 3276.09030  16.4%  12.8 7809s
 1180592 844322 3338.71143   70  350 3920.39000 3276.11917  16.4%  12.8 7815s
 1181671 845025 3547.10977   85  320 3920.39000 3276.15150  16.4%  12.8 7820s
 1182443 845769 3802.60949  125  280 3920.39000 3276.15150  16.4%  12.8 7825s
 1183391 846682 3542.31604   87  321 3920.39000 3276.15758  16.4%  12.8 7830s
 1184440 847280 3843.99897  140  243 3920.39000 3276.16606  16.4%  12.8 7836s
 1185259 848091 3869.83565  148  206 3920.39000 3276.17212  16.4%  12.8 7842s
 1186413 848856 3883.52133  104  280 3920.39000 3276.18209  16.4%  12.8 7847s
 1187455 849785 3777.44114  122  324 3920.39000 3276.18209  16.4%  12.8 7853s
 1188599 849885     cutoff  111      3920.39000 3276.19852  16.4%  12.8 7858s
 1188744 850663 3276.92153   67  359 3920.39000 3276.20166  16.4%  12.8 7864s
 1189815 851516 3754.37309   85  351 3920.39000 3276.20726  16.4%  12.8 7870s
 1190981 852359 3671.00181   98  290 3920.39000 3276.23984  16.4%  12.8 7876s
 1191989 853193 3823.59250   86  350 3920.39000 3276.23984  16.4%  12.8 7882s
 1193301 854075 3726.16105   84  308 3920.39000 3276.27153  16.4%  12.8 7888s
 1194489 854996 3745.45356  110  268 3920.39000 3276.30743  16.4%  12.8 7894s
 1195778 855962 3816.36487  143  235 3920.39000 3276.32356  16.4%  12.8 7900s
 1197118 857090 3680.11900  113  249 3920.39000 3276.34718  16.4%  12.8 7906s
 1198500 857851 3918.35859  128  177 3920.39000 3276.35441  16.4%  12.8 7911s
 1199607 858532 3287.27441   69  362 3920.39000 3276.36534  16.4%  12.8 7918s
 1200643 859225     cutoff  121      3920.39000 3276.38441  16.4%  12.8 7924s
 1201715 860272 3880.51285   95  297 3920.39000 3276.39962  16.4%  12.8 7930s
 1203006 861037 3440.88766   78  353 3920.39000 3276.41897  16.4%  12.8 7935s
 1203879 861625 3872.74646  118  362 3920.39000 3276.41897  16.4%  12.8 7941s
 1204727 862467 3813.99564   84  329 3920.39000 3276.42694  16.4%  12.8 7947s
 1205812 863239 3906.38071  145  118 3920.39000 3276.45487  16.4%  12.8 7953s
 1206873 864256 3437.25727   69  390 3920.39000 3276.46630  16.4%  12.8 7959s
 1207527 864256 3307.24159   59  418 3920.39000 3276.46630  16.4%  12.8 7960s
 1208178 865391     cutoff  121      3920.39000 3276.48693  16.4%  12.8 7966s
 1209554 866087 3466.70672   80  321 3920.39000 3276.50376  16.4%  12.8 7972s
 1210580 866933 3546.04976   83  342 3920.39000 3276.52662  16.4%  12.8 7978s
 1211787 867799 3383.70011   72  349 3920.39000 3276.55039  16.4%  12.8 7983s
 1212934 868675 3737.94742   87  336 3920.39000 3276.56718  16.4%  12.8 7989s
 1214091 869438 3802.47184   89  310 3920.39000 3276.58339  16.4%  12.8 7995s
 1215260 870199 3792.16238   86  329 3920.39000 3276.61039  16.4%  12.8 8000s
 1216282 871007     cutoff  117      3920.39000 3276.63341  16.4%  12.8 8006s
 1217458 871744 3919.43506   99  313 3920.39000 3276.64882  16.4%  12.8 8012s
 1218543 872473 3433.21447   79  332 3920.39000 3276.67731  16.4%  12.8 8017s
 1219554 873290 3773.44168   98  361 3920.39000 3276.69213  16.4%  12.8 8022s
 1220554 874007 3901.77846   99  339 3920.39000 3276.70047  16.4%  12.8 8028s
 1221580 874703 3402.95211   77  362 3920.39000 3276.70976  16.4%  12.8 8033s
 1222345 875474 3637.21511  113  328 3920.39000 3276.70976  16.4%  12.8 8038s
 1223359 876034 3841.38132  156  242 3920.39000 3276.72703  16.4%  12.8 8043s
 1224146 876841 3389.71154   67  365 3920.39000 3276.73637  16.4%  12.8 8049s
 1225161 877678 3765.67447   99  297 3920.39000 3276.74727  16.4%  12.8 8054s
 1226208 878350 3826.69891   88  340 3920.39000 3276.74727  16.4%  12.8 8060s
 1227208 879151 3397.74642   75  339 3920.39000 3276.76644  16.4%  12.8 8066s
 1228255 879780 3875.07586  137  338 3920.39000 3276.77778  16.4%  12.8 8071s
 1229183 880726 3832.62942  107  345 3920.39000 3276.79610  16.4%  12.8 8077s
 1230446 881375 3702.94611  119  303 3920.39000 3276.80977  16.4%  12.8 8083s
 1231541 882164 3554.77058   71  369 3920.39000 3276.82144  16.4%  12.8 8089s
 1232632 883018 3896.90177   79  302 3920.39000 3276.83164  16.4%  12.8 8095s
 1233784 883753 3382.92507   67  346 3920.39000 3276.86082  16.4%  12.8 8100s
 1234720 884642 3886.61217  110  299 3920.39000 3276.86085  16.4%  12.8 8105s
 1235906 885273 3792.27755   89  320 3920.39000 3276.86784  16.4%  12.8 8110s
 1236816 886112 3745.57659  113  350 3920.39000 3276.89249  16.4%  12.8 8116s
 1237980 886845 3345.20346   59  323 3920.39000 3276.90701  16.4%  12.8 8122s
 1239016 887724 3823.51491   83  352 3920.39000 3276.92834  16.4%  12.8 8128s
 1240217 888504 3771.72492   83  343 3920.39000 3276.95482  16.4%  12.8 8133s
 1241281 889110 3433.92210   70  365 3920.39000 3276.97539  16.4%  12.8 8138s
 1241928 889117 3574.42910  101  304 3920.39000 3276.97539  16.4%  12.8 8142s
 1241939 889122 3574.95106  102  319 3920.39000 3276.97539  16.4%  12.8 8146s
 1241954 889127 3575.96007  102  316 3920.39000 3276.97539  16.4%  12.8 8150s
 1241968 889211 3576.02673  103  317 3920.39000 3276.97539  16.4%  12.8 8155s
 1242088 889599 3595.10085  103  295 3920.39000 3276.97539  16.4%  12.8 8160s
 1242638 890321 3648.58702  122  261 3920.39000 3276.97539  16.4%  12.8 8166s
 1243657 891140 3464.11859   67  359 3920.39000 3276.99931  16.4%  12.8 8172s
 1244837 891801 3903.47626  126  290 3920.39000 3277.01750  16.4%  12.8 8180s
 1245780 892677 3454.95975   71  347 3920.39000 3277.02625  16.4%  12.8 8186s
 1246882 893473 3703.42862   83  330 3920.39000 3277.05244  16.4%  12.8 8193s
 1248066 894347 3804.68343   84  331 3920.39000 3277.06653  16.4%  12.8 8198s
 1249121 895116 3919.37431  101  332 3920.39000 3277.08738  16.4%  12.8 8204s
 1250102 896079 3869.80175  139  273 3920.39000 3277.09063  16.4%  12.8 8210s
 1251251 896932 3917.85968  132  330 3920.39000 3277.09654  16.4%  12.8 8216s
 1252375 897636 3901.41379  124  321 3920.39000 3277.11543  16.4%  12.8 8221s
 1253233 898311 3853.15780  103  312 3920.39000 3277.12300  16.4%  12.8 8227s
 1254051 899141 3820.02763   88  332 3920.39000 3277.13335  16.4%  12.8 8233s
 1255155 900194 infeasible  139      3920.39000 3277.14103  16.4%  12.8 8239s
 1256552 900971 3845.80984  106  297 3920.39000 3277.16003  16.4%  12.8 8246s
 1257581 901728 3736.93092   88  309 3920.39000 3277.17739  16.4%  12.8 8251s
 1258746 902664 3888.16478   96  285 3920.39000 3277.18726  16.4%  12.8 8257s
 1260035 903531 3278.45303   62  336 3920.39000 3277.21592  16.4%  12.8 8263s
 1261066 904294 3845.16055  120  323 3920.39000 3277.21592  16.4%  12.8 8269s
 1262112 905197 3506.03672   73  344 3920.39000 3277.24404  16.4%  12.7 8274s
 1263255 905889 3277.39123   68  354 3920.39000 3277.25424  16.4%  12.7 8280s
 1264274 906798 3522.69962   80  312 3920.39000 3277.28905  16.4%  12.7 8286s
 1265338 907562 3826.77317  135  324 3920.39000 3277.28905  16.4%  12.7 8291s
 1266344 908319 3599.63741   65  373 3920.39000 3277.29662  16.4%  12.7 8297s
 1267275 909179 3584.34793   73  335 3920.39000 3277.31198  16.4%  12.7 8304s
 1268457 910084     cutoff   88      3920.39000 3277.33525  16.4%  12.7 8310s
 1269760 910944 3654.29435   92  318 3920.39000 3277.36616  16.4%  12.7 8316s
 1270916 911636 3423.96852   72  356 3920.39000 3277.37923  16.4%  12.7 8323s
 1272089 912393     cutoff   95      3920.39000 3277.39746  16.4%  12.7 8329s
 1273218 913094 3811.46656  102  312 3920.39000 3277.41712  16.4%  12.7 8335s
 1274256 913962 3764.41275  103  289 3920.39000 3277.44014  16.4%  12.7 8340s
 1275372 914898 3905.33513  136  238 3920.39000 3277.44968  16.4%  12.7 8346s
 1276587 915731 3793.91984   84  337 3920.39000 3277.45669  16.4%  12.7 8352s
 1277795 916656 3751.69063   89  286 3920.39000 3277.47951  16.4%  12.7 8358s
 1278857 917396 3748.87547  109  323 3920.39000 3277.49045  16.4%  12.7 8363s
 1279792 918221     cutoff  146      3920.39000 3277.49045  16.4%  12.7 8368s
 1280897 918953 3338.67890   74  361 3920.39000 3277.49416  16.4%  12.7 8373s
 1281815 919790 3427.10947   75  342 3920.39000 3277.52118  16.4%  12.7 8379s
 1282896 920627 3870.11394  139  311 3920.39000 3277.52260  16.4%  12.7 8385s
 1283893 921236 3637.70624  118  360 3920.39000 3277.54597  16.4%  12.7 8390s
 1284725 921947 3810.97366  143  310 3920.39000 3277.54928  16.4%  12.7 8395s
 1285573 922754 3614.37269   87  342 3920.39000 3277.54928  16.4%  12.7 8402s
 1286702 923467 3817.74736   86  313 3920.39000 3277.56282  16.4%  12.7 8409s
 1287707 924560 3759.69157   93  309 3920.39000 3277.58250  16.4%  12.7 8416s
 1289148 925625 3849.04980  120  294 3920.39000 3277.60259  16.4%  12.7 8422s
 1290494 926518 3551.59662   81  362 3920.39000 3277.62984  16.4%  12.7 8428s
 1291675 927360 3663.12887  108  321 3920.39000 3277.65026  16.4%  12.7 8433s
 1292661 928153     cutoff  149      3920.39000 3277.65026  16.4%  12.7 8439s
 1293844 928792 3718.33072   91  317 3920.39000 3277.66175  16.4%  12.7 8445s
 1294783 929414 3769.59305   88  306 3920.39000 3277.68561  16.4%  12.7 8451s
 1295751 930131 3908.33198  118  288 3920.39000 3277.69321  16.4%  12.7 8457s
 1296831 930892 3708.97881   79  337 3920.39000 3277.70698  16.4%  12.7 8463s
 1298004 931714 3606.43602   90  321 3920.39000 3277.73230  16.4%  12.7 8469s
 1299204 932303     cutoff   86      3920.39000 3277.74963  16.4%  12.7 8474s
 1300218 933005 3484.84936   78  326 3920.39000 3277.76105  16.4%  12.7 8480s
 1301252 933692 3331.53144   60  356 3920.39000 3277.78224  16.4%  12.7 8485s
 1302300 934549 3284.09852   64  366 3920.39000 3277.81133  16.4%  12.7 8491s
 1303492 935271 3292.82724   63  392 3920.39000 3277.82715  16.4%  12.7 8497s
 1304586 936042 3517.35478   79  312 3920.39000 3277.83806  16.4%  12.7 8502s
 1305632 936689 3361.06365   75  364 3920.39000 3277.86349  16.4%  12.7 8507s
 1306405 937403 3694.51259  112  393 3920.39000 3277.86493  16.4%  12.7 8512s
 1307295 938126 3911.41237  155  235 3920.39000 3277.87047  16.4%  12.7 8517s
 1308252 938946 3701.93115  107  283 3920.39000 3277.87047  16.4%  12.7 8523s
 1309404 939812 3314.35410   70  354 3920.39000 3277.89382  16.4%  12.7 8529s
 1310421 940567 3868.00530  136  266 3920.39000 3277.89755  16.4%  12.7 8535s
 1311452 941362 3898.91102   91  330 3920.39000 3277.91306  16.4%  12.7 8541s
 1312662 941997 3453.46720   72  319 3920.39000 3277.93221  16.4%  12.7 8547s
 1313591 942807 3916.24821  100  262 3920.39000 3277.95131  16.4%  12.7 8553s
 1314781 943558 3718.31735  104  354 3920.39000 3277.96833  16.4%  12.7 8559s
 1315193 943558 3316.19520   62  364 3920.39000 3277.97721  16.4%  12.7 8560s
 1315779 944528 3734.16832   78  317 3920.39000 3277.97721  16.4%  12.7 8566s
 1317067 945205 3833.37044  125  276 3920.39000 3277.99529  16.4%  12.7 8571s
 1318229 945934 3285.44689   64  358 3920.39000 3278.00728  16.4%  12.7 8577s
 1319155 946683 3558.89744   79  332 3920.39000 3278.02443  16.4%  12.7 8582s
 1320132 947454 3710.86772  102  305 3920.39000 3278.02884  16.4%  12.7 8587s
 1321071 948223 3564.34391   99  326 3920.39000 3278.02884  16.4%  12.7 8593s
 1322186 948946 3393.07632   70  334 3920.39000 3278.04168  16.4%  12.7 8599s
 1323127 949557 3866.23029  108  280 3920.39000 3278.06526  16.4%  12.7 8605s
 1323926 950362 3373.56560   64  384 3920.39000 3278.07221  16.4%  12.7 8610s
 1324987 951284 3885.86407  121  267 3920.39000 3278.08086  16.4%  12.7 8616s
 1326115 952069 3676.43361   74  340 3920.39000 3278.09628  16.4%  12.7 8622s
 1327302 953032 3614.91296   78  347 3920.39000 3278.10732  16.4%  12.7 8628s
 1328499 953664 3281.47741   63  373 3920.39000 3278.12287  16.4%  12.7 8634s
 1329562 954554 3917.67723  123  323 3920.39000 3278.13459  16.4%  12.7 8640s
 1330718 955446     cutoff   88      3920.39000 3278.13676  16.4%  12.7 8645s
 1331861 956330 3501.09630   84  357 3920.39000 3278.17039  16.4%  12.7 8651s
 1333044 957074 3869.35280  101  330 3920.39000 3278.18743  16.4%  12.7 8656s
 1334083 957663 3842.41672   85  325 3920.39000 3278.20230  16.4%  12.7 8662s
 1334868 958326 3662.11941  106  366 3920.39000 3278.20321  16.4%  12.7 8667s
 1335756 959034 3695.78659   81  327 3920.39000 3278.21293  16.4%  12.7 8673s
 1336807 959919 3863.97340  109  299 3920.39000 3278.24132  16.4%  12.7 8679s
 1338081 960763 3343.03622   69  386 3920.39000 3278.25314  16.4%  12.7 8685s
 1339264 961495 3375.05696   68  379 3920.39000 3278.25314  16.4%  12.7 8692s
 1340159 962396 3315.85556   66  341 3920.39000 3278.27930  16.4%  12.7 8698s
 1341352 963353 3548.20330   76  353 3920.39000 3278.30386  16.4%  12.7 8704s
 1342626 964112     cutoff  116      3920.39000 3278.32922  16.4%  12.7 8710s
 1343641 964913 3560.10036   77  327 3920.39000 3278.33823  16.4%  12.7 8716s
 1344717 965425 3857.85507   97  305 3920.39000 3278.34850  16.4%  12.7 8727s
 1345439 966227 3820.00974   89  321 3920.39000 3278.35474  16.4%  12.7 8732s
 1346534 967100 3793.67206  133  183 3920.39000 3278.37088  16.4%  12.7 8739s
 1347612 968026 3808.70161  107  360 3920.39000 3278.39165  16.4%  12.7 8745s
 1348863 968928 3284.11385   63  370 3920.39000 3278.41387  16.4%  12.7 8750s
 1349992 969594 3763.56399  119  291 3920.39000 3278.42617  16.4%  12.7 8756s
 1350942 970309 3488.27797   74  341 3920.39000 3278.43991  16.4%  12.7 8762s
 1352095 971081     cutoff   86      3920.39000 3278.46089  16.4%  12.7 8767s
 1353075 971852 3791.30834  115  332 3920.39000 3278.47378  16.4%  12.7 8773s
 1354132 972731 3740.81949  101  333 3920.39000 3278.48032  16.4%  12.7 8778s
 1355194 973457 3411.88856   72  345 3920.39000 3278.49099  16.4%  12.7 8783s
 1356157 974314 3282.35066   65  382 3920.39000 3278.49697  16.4%  12.7 8789s
 1357285 975145 3540.87848   88  366 3920.39000 3278.50275  16.4%  12.7 8795s
 1358506 975819 3835.59203  109  355 3920.39000 3278.53133  16.4%  12.7 8801s
 1359550 976767 3584.19115   82  329 3920.39000 3278.54190  16.4%  12.7 8807s
 1360815 977480 3894.17484  165  100 3920.39000 3278.54745  16.4%  12.7 8812s
 1361775 978209 3887.11382  101  387 3920.39000 3278.55859  16.4%  12.7 8818s
 1362852 979195 3468.98842   76  341 3920.39000 3278.57401  16.4%  12.7 8823s
 1364078 979920 3709.00652  123  265 3920.39000 3278.58830  16.4%  12.7 8829s
 1365013 980750 3564.32216   75  361 3920.39000 3278.59163  16.4%  12.7 8835s
 1366143 981288 3335.49949   65  356 3920.39000 3278.59709  16.4%  12.7 8840s
 1366907 981977 3677.61541   96  292 3920.39000 3278.59709  16.4%  12.7 8846s
 1368024 982669     cutoff  143      3920.39000 3278.61532  16.4%  12.7 8852s
 1368964 983479 3553.93553   72  353 3920.39000 3278.62116  16.4%  12.7 8858s
 1370130 984189 3910.64927  126  322 3920.39000 3278.63920  16.4%  12.7 8864s
 1371119 984980 3776.23769  107  345 3920.39000 3278.65105  16.4%  12.7 8871s
 1372199 985718 3473.09639   72  340 3920.39000 3278.66923  16.4%  12.7 8877s
 1373125 986136 3882.76252   89  301 3920.39000 3278.66923  16.4%  12.7 8883s
 1374038 986809 3442.36903   75  335 3920.39000 3278.67139  16.4%  12.7 8889s
 1374150 986809 3310.12221   61  362 3920.39000 3278.67474  16.4%  12.7 8890s
 1375133 987593 3408.88338   74  342 3920.39000 3278.69239  16.4%  12.7 8896s
 1376114 988434 3798.34140  101  300 3920.39000 3278.69865  16.4%  12.7 8902s
 1377347 989148 3832.77396   86  334 3920.39000 3278.71574  16.4%  12.7 8909s
 1378400 990049 3897.77797   92  314 3920.39000 3278.72885  16.4%  12.7 8915s
 1379703 990766     cutoff   84      3920.39000 3278.74292  16.4%  12.7 8921s
 1380739 991106 3541.76499   81  314 3920.39000 3278.76520  16.4%  12.7 8928s
 1381124 991872 3678.83120   98  337 3920.39000 3278.76981  16.4%  12.7 8934s
 1382093 992518 3795.01600  142  239 3920.39000 3278.77347  16.4%  12.7 8940s
 1383031 993194 3309.90839   72  368 3920.39000 3278.78449  16.4%  12.7 8946s
 1384071 994117 3492.62891   84  316 3920.39000 3278.79459  16.4%  12.7 8952s
 1385137 995020 3654.26973   90  321 3920.39000 3278.79667  16.4%  12.7 8958s
 1386259 995808     cutoff  138      3920.39000 3278.79667  16.4%  12.7 8965s
 1387436 996601 3579.75184   91  290 3920.39000 3278.81992  16.4%  12.7 8971s
 1388310 997427 3811.95985  136  264 3920.39000 3278.82379  16.4%  12.7 8977s
 1389469 998396 3591.59096   68  362 3920.39000 3278.82556  16.4%  12.7 8983s
 1390646 999128     cutoff  124      3920.39000 3278.84655  16.4%  12.7 8990s
 1391689 999957 3317.18415   65  394 3920.39000 3278.85708  16.4%  12.7 8995s
 1392705 1000665 3336.85603   72  331 3920.39000 3278.87964  16.4%  12.7 9001s
 1393587 1001470 3894.47983  117  275 3920.39000 3278.88067  16.4%  12.7 9008s
 1394673 1002439 3281.47053   70  356 3920.39000 3278.88642  16.4%  12.7 9014s
 1395921 1003234 3752.65427  112  345 3920.39000 3278.90074  16.4%  12.7 9020s
 1397125 1004145 3330.98940   64  369 3920.39000 3278.91985  16.4%  12.7 9027s
 1398335 1004894 3786.13014  111  348 3920.39000 3278.93073  16.4%  12.7 9033s
 1399434 1005733 3478.76587   81  306 3920.39000 3278.94159  16.4%  12.7 9039s
 1400591 1006470     cutoff  112      3920.39000 3278.95889  16.4%  12.7 9045s
 1401522 1007087 infeasible   86      3920.39000 3278.97469  16.4%  12.7 9050s
 1402363 1007834 3868.61114   94  309 3920.39000 3278.98218  16.4%  12.7 9056s
 1403465 1008736 3283.07935   61  376 3920.39000 3278.99460  16.4%  12.7 9062s
 1404729 1009583 3915.09251  108  388 3920.39000 3279.01084  16.4%  12.7 9069s
 1405943 1010390 3744.18880   72  326 3920.39000 3279.03928  16.4%  12.7 9075s
 1407118 1011261 3809.51569   83  311 3920.39000 3279.05621  16.4%  12.7 9081s
 1408192 1012057 3852.86620  138  194 3920.39000 3279.07361  16.4%  12.7 9087s
 1409358 1012947 3592.15396   83  320 3920.39000 3279.09931  16.4%  12.7 9093s
 1410532 1013641 3915.42736  156  136 3920.39000 3279.11802  16.4%  12.7 9100s
 1411511 1014277 3339.66852   70  360 3920.39000 3279.13349  16.4%  12.7 9106s
 1412337 1015062 3670.25418  109  352 3920.39000 3279.13364  16.4%  12.7 9112s
 1413428 1015832 3846.58174  150  202 3920.39000 3279.13364  16.4%  12.7 9119s
 1414606 1016680 3761.13617   82  307 3920.39000 3279.18350  16.4%  12.7 9125s
 1415647 1017509     cutoff  131      3920.39000 3279.19760  16.4%  12.7 9131s
 1416783 1017976 3669.93213   89  332 3920.39000 3279.21227  16.4%  12.7 9137s
 1417371 1018909 3519.26061   82  318 3920.39000 3279.21399  16.4%  12.7 9144s
 1418559 1019767 3916.06532   95  305 3920.39000 3279.23093  16.4%  12.7 9151s
 1419696 1020499 3710.04836   84  324 3920.39000 3279.24599  16.4%  12.7 9158s
 1420840 1021173 3335.47798   63  399 3920.39000 3279.25342  16.4%  12.7 9165s
 1421887 1021991 3863.51434   87  328 3920.39000 3279.27133  16.4%  12.7 9173s
 1423145 1022763 3441.98892   76  309 3920.39000 3279.28175  16.4%  12.7 9180s
 1424243 1023525 3356.53772   70  353 3920.39000 3279.29970  16.4%  12.7 9186s
 1425146 1024256 3628.80949   85  291 3920.39000 3279.30280  16.4%  12.7 9192s
 1426092 1025025 3849.24932  129  303 3920.39000 3279.30317  16.4%  12.7 9198s
 1427118 1025925 3912.93522   93  333 3920.39000 3279.30521  16.4%  12.7 9204s
 1428086 1025925     cutoff  124      3920.39000 3279.31721  16.4%  12.7 9205s
 1428214 1026767 3809.77683   79  345 3920.39000 3279.31721  16.4%  12.7 9211s
 1429420 1027498 3907.42222   97  289 3920.39000 3279.33807  16.4%  12.7 9218s
 1430535 1028474 3447.02520   73  355 3920.39000 3279.35849  16.4%  12.7 9224s
 1431686 1029196 3544.70441   82  333 3920.39000 3279.37020  16.4%  12.7 9231s
 1432643 1030059 3889.13835  138  258 3920.39000 3279.37412  16.4%  12.7 9238s
 1433915 1030953 3614.32136   84  290 3920.39000 3279.38942  16.4%  12.7 9244s
 1435040 1031695 3730.25475  106  254 3920.39000 3279.40009  16.4%  12.7 9251s
 1436163 1032453 3642.63139   76  330 3920.39000 3279.41527  16.3%  12.7 9257s
 1437304 1033244 3916.43764  118  310 3920.39000 3279.43462  16.3%  12.7 9264s
 1438492 1033964 3794.48527   93  324 3920.39000 3279.45431  16.3%  12.7 9270s
 1439354 1034779 3641.84415  108  360 3920.39000 3279.45533  16.3%  12.7 9276s
 1440444 1035594 3862.24456  154  200 3920.39000 3279.45533  16.3%  12.7 9282s
 1441625 1036399 3283.93554   66  372 3920.39000 3279.49532  16.3%  12.7 9289s
 1442649 1037026 3586.43796  123  268 3920.39000 3279.49622  16.3%  12.7 9295s
 1443599 1037872 3287.58061   62  377 3920.39000 3279.50335  16.3%  12.7 9301s
 1444701 1038618 3897.18314  131  304 3920.39000 3279.50335  16.3%  12.7 9308s
 1445816 1039433 3628.01506   81  333 3920.39000 3279.53943  16.3%  12.7 9315s
 1446966 1040126 3916.81033  106  331 3920.39000 3279.55856  16.3%  12.7 9322s
 1447996 1041038     cutoff   87      3920.39000 3279.57425  16.3%  12.7 9330s
 1449187 1041839 3749.30855   92  328 3920.39000 3279.58713  16.3%  12.7 9336s
 1450134 1042326 3898.59623  142  289 3920.39000 3279.58739  16.3%  12.7 9342s
 1450936 1043168     cutoff   93      3920.39000 3279.59160  16.3%  12.7 9348s
 1451973 1044076 3913.12327  116  314 3920.39000 3279.61063  16.3%  12.7 9356s
 1453182 1044952 3382.37529   70  387 3920.39000 3279.61927  16.3%  12.7 9363s
 1454316 1045681 3353.66292   65  358 3920.39000 3279.63481  16.3%  12.7 9370s
 1455391 1046502 3420.77639   76  324 3920.39000 3279.64904  16.3%  12.7 9377s
 1456611 1047353     cutoff  103      3920.39000 3279.67563  16.3%  12.7 9384s
 1457743 1048158 3693.17696   72  320 3920.39000 3279.68311  16.3%  12.7 9390s
 1458741 1048998 3787.89249   98  265 3920.39000 3279.69364  16.3%  12.7 9397s
 1459903 1049367 3281.16696   64  358 3920.39000 3279.70003  16.3%  12.7 9404s
 1460521 1050027 3552.58114   76  318 3920.39000 3279.70003  16.3%  12.7 9411s
 1461595 1050906 3908.51242  110  340 3920.39000 3279.72122  16.3%  12.7 9418s
 1462854 1051595     cutoff   82      3920.39000 3279.74381  16.3%  12.7 9425s
 1463863 1052587 3587.88737   92  306 3920.39000 3279.75472  16.3%  12.7 9433s
 1465132 1053395 3873.12558   98  320 3920.39000 3279.77703  16.3%  12.7 9440s
 1466215 1054087 3686.03792   87  313 3920.39000 3279.78087  16.3%  12.7 9446s
 1467005 1054949 3843.93766   86  357 3920.39000 3279.80027  16.3%  12.7 9454s
 1468214 1055772 3912.53952  118  305 3920.39000 3279.80308  16.3%  12.7 9463s
 1469317 1056783     cutoff  148      3920.39000 3279.83945  16.3%  12.7 9471s
 1470611 1057493 3730.96400   81  348 3920.39000 3279.85264  16.3%  12.7 9478s
 1471490 1058210 3714.75041   97  304 3920.39000 3279.86107  16.3%  12.7 9485s
 1472337 1058914 3899.90046  134  268 3920.39000 3279.86728  16.3%  12.7 9492s
 1473279 1059717 3749.25240   83  332 3920.39000 3279.86893  16.3%  12.7 9499s
 1474538 1060576     cutoff  110      3920.39000 3279.89550  16.3%  12.7 9507s
 1475666 1061464 3873.77531   86  292 3920.39000 3279.91752  16.3%  12.7 9515s
 1476817 1062361 3334.93129   67  365 3920.39000 3279.92760  16.3%  12.7 9522s
 1477980 1063078 3645.21135  116  328 3920.39000 3279.93983  16.3%  12.7 9529s
 1478247 1063078 3433.88426   69  346 3920.39000 3279.93983  16.3%  12.7 9530s
 1478894 1063958 3872.46520  146  214 3920.39000 3279.94344  16.3%  12.7 9537s
 1479990 1064869 3776.81269  127  327 3920.39000 3279.95158  16.3%  12.7 9544s
 1480106 1064869 3328.36134   66  345 3920.39000 3279.95384  16.3%  12.7 9545s
 1481166 1065574 3488.90336   83  319 3920.39000 3279.95629  16.3%  12.7 9553s
 1482075 1066453     cutoff  121      3920.39000 3279.96810  16.3%  12.7 9560s
 1483251 1067166 3554.62403   73  327 3920.39000 3279.98199  16.3%  12.7 9568s
 1484220 1067180 3573.99880   84  320 3920.39000 3279.99035  16.3%  12.7 9576s
 1484236 1067868 3575.76751   85  318 3920.39000 3279.99035  16.3%  12.7 9584s
 1485068 1068670 3842.97705  143  251 3920.39000 3279.99035  16.3%  12.7 9592s
 1486070 1069271 3370.99148   74  368 3920.39000 3280.00681  16.3%  12.7 9600s
 1486869 1069733 3605.87931   84  318 3920.39000 3280.00681  16.3%  12.7 9608s
 1487796 1070356     cutoff  107      3920.39000 3280.00932  16.3%  12.7 9617s
 1488764 1071018 3864.92688  109  306 3920.39000 3280.01427  16.3%  12.7 9624s
 1489673 1071018 3775.84998   89  326 3920.39000 3280.01843  16.3%  12.7 9625s
 1489773 1071871 3878.62684  100  306 3920.39000 3280.01843  16.3%  12.7 9633s
 1490985 1072744     cutoff   87      3920.39000 3280.01939  16.3%  12.7 9642s
 1492245 1073623 3828.61661   81  339 3920.39000 3280.03084  16.3%  12.7 9651s
 1493511 1074302 3914.93879  113  326 3920.39000 3280.06252  16.3%  12.7 9660s
 1494303 1075114 3861.40864  100  288 3920.39000 3280.06470  16.3%  12.7 9668s
 1495516 1075910     cutoff  100      3920.39000 3280.07696  16.3%  12.7 9678s
 1496637 1076857 3721.30330   86  333 3920.39000 3280.10942  16.3%  12.7 9687s
 1497874 1077772 3315.13947   71  353 3920.39000 3280.11049  16.3%  12.7 9696s
 1499121 1078529     cutoff  145      3920.39000 3280.11049  16.3%  12.7 9703s
 1500119 1079389 3649.85368   84  332 3920.39000 3280.14730  16.3%  12.7 9712s
 1501255 1080141 3518.01988   69  340 3920.39000 3280.15698  16.3%  12.7 9720s
 1502305 1080845 3748.36443   73  327 3920.39000 3280.16537  16.3%  12.7 9728s
 1503395 1081674     cutoff  118      3920.39000 3280.17466  16.3%  12.7 9735s
 1504400 1082261 3781.30436  113  351 3920.39000 3280.19591  16.3%  12.7 9742s
 1505301 1082977 3293.36309   65  352 3920.39000 3280.19763  16.3%  12.7 9750s
 1506358 1083735 3513.72370   80  335 3920.39000 3280.21075  16.3%  12.7 9758s
 1507224 1084666 3754.51174  122  286 3920.39000 3280.21124  16.3%  12.7 9766s
 1508406 1085481 3904.35890  121  231 3920.39000 3280.21124  16.3%  12.7 9774s
 1509590 1086331 3879.75902  137  221 3920.39000 3280.24028  16.3%  12.7 9782s
 1510732 1087061 3446.35730   79  320 3920.39000 3280.25288  16.3%  12.7 9789s
 1511481 1087061 3905.63710  120  354 3920.39000 3280.25288  16.3%  12.7 9790s
 1511585 1087777 3892.12164  123  306 3920.39000 3280.25288  16.3%  12.7 9797s
 1512619 1088569 3391.87375   71  351 3920.39000 3280.26510  16.3%  12.7 9805s
 1513661 1089423 3655.73813   92  316 3920.39000 3280.27583  16.3%  12.7 9813s
 1514810 1090256 3428.27658   75  326 3920.39000 3280.28620  16.3%  12.7 9821s
 1515817 1090946 3740.60414  121  330 3920.39000 3280.29193  16.3%  12.7 9828s
 1516725 1091643 3765.12038   80  318 3920.39000 3280.29995  16.3%  12.7 9841s
 1517728 1092462     cutoff   89      3920.39000 3280.31232  16.3%  12.7 9851s
 1518964 1093421 3283.10601   70  359 3920.39000 3280.33023  16.3%  12.7 9860s
 1520320 1094386 3344.49127   67  394 3920.39000 3280.34518  16.3%  12.7 9870s
 1521647 1095071 3853.75789  134  194 3920.39000 3280.35202  16.3%  12.7 9878s
 1522705 1096024     cutoff   96      3920.39000 3280.35751  16.3%  12.7 9885s
 1523858 1096788 3804.41607  138  241 3920.39000 3280.37626  16.3%  12.7 9893s
 1524873 1097802 3441.77768   66  373 3920.39000 3280.38404  16.3%  12.7 9900s
 1526105 1098527 3711.61225  137  246 3920.39000 3280.38404  16.3%  12.7 9907s
 1527149 1099357 3629.80587   96  319 3920.39000 3280.40614  16.3%  12.7 9916s
 1528314 1100115 3330.62101   67  349 3920.39000 3280.43190  16.3%  12.7 9923s
 1529419 1100124 3396.40814   65  354 3920.39000 3280.44712  16.3%  12.7 9932s
 1529430 1100500 3402.47503   66  352 3920.39000 3280.44712  16.3%  12.7 9940s
 1529953 1101093 3596.71590   83  332 3920.39000 3280.44712  16.3%  12.7 9948s
 1530725 1101828     cutoff   97      3920.39000 3280.46857  16.3%  12.7 9955s
 1531884 1102661 3902.18242  129  291 3920.39000 3280.48588  16.3%  12.7 9963s
 1533023 1103564 3350.00367   69  324 3920.39000 3280.49613  16.3%  12.7 9972s
 1534207 1104135 3391.61044   78  328 3920.39000 3280.51182  16.3%  12.7 9980s
 1535037 1104168 3751.45615   87  346 3920.39000 3280.51201  16.3%  12.7 9988s
 1535079 1104871 3788.22725   98  314 3920.39000 3280.51201  16.3%  12.7 9997s
 1536054 1105661 3380.27667   81  319 3920.39000 3280.53089  16.3%  12.7 10006s
 1537239 1106492     cutoff  102      3920.39000 3280.55616  16.3%  12.7 10016s
 1538554 1107310 3835.08578   92  346 3920.39000 3280.56586  16.3%  12.7 10027s
 1539709 1108195 3878.79543   92  296 3920.39000 3280.58639  16.3%  12.7 10037s
 1540769 1108984 3902.32962  100  293 3920.39000 3280.58639  16.3%  12.7 10046s
 1541938 1109769 3846.49411  109  293 3920.39000 3280.60556  16.3%  12.7 10059s
 1542798 1109769 3282.65801   61  353 3920.39000 3280.60683  16.3%  12.7 10060s
 1543067 1110134     cutoff  121      3920.39000 3280.60683  16.3%  12.7 10069s
 1543618 1110904 3422.15941   77  336 3920.39000 3280.61746  16.3%  12.7 10079s
 1544173 1110904 3330.73983   61  381 3920.39000 3280.61998  16.3%  12.7 10080s
 1544572 1111671 3896.09908   94  312 3920.39000 3280.62444  16.3%  12.7 10087s
 1545493 1112498 3884.40950  138  284 3920.39000 3280.62444  16.3%  12.7 10097s
 1546588 1113171 3892.79455   86  299 3920.39000 3280.63404  16.3%  12.7 10105s
 1547725 1113924     cutoff  111      3920.39000 3280.63990  16.3%  12.7 10113s
 1548860 1114915 3569.70641   88  300 3920.39000 3280.64961  16.3%  12.7 10119s
 1550050 1115799 3815.06572  108  376 3920.39000 3280.66021  16.3%  12.7 10126s
 1551185 1116353     cutoff  130      3920.39000 3280.66496  16.3%  12.7 10131s
 1552097 1117220 3431.86284   69  352 3920.39000 3280.66766  16.3%  12.7 10138s
 1553229 1117883 3393.67093   78  378 3920.39000 3280.68307  16.3%  12.7 10143s
 1554073 1118523     cutoff  138      3920.39000 3280.68504  16.3%  12.7 10149s
 1555041 1119450 3831.39781   96  314 3920.39000 3280.69047  16.3%  12.7 10156s
 1556354 1120193     cutoff   95      3920.39000 3280.70876  16.3%  12.7 10162s
 1557428 1121058 3440.77133   73  324 3920.39000 3280.72421  16.3%  12.7 10169s
 1558519 1121864 3766.15918   79  331 3920.39000 3280.72689  16.3%  12.7 10176s
 1559736 1122576 3571.39983   79  338 3920.39000 3280.74134  16.3%  12.7 10184s
 1560554 1122576 3285.83095   69  363 3920.39000 3280.75500  16.3%  12.7 10185s
 1560765 1123294 3391.75958   72  368 3920.39000 3280.75904  16.3%  12.7 10190s
 1561659 1123978 3790.32807  115  330 3920.39000 3280.76462  16.3%  12.7 10197s
 1562736 1124715 3779.36523   99  301 3920.39000 3280.77606  16.3%  12.7 10203s
 1563816 1125603 3484.16053   73  331 3920.39000 3280.79601  16.3%  12.7 10210s
 1565051 1126380 3652.49654   99  279 3920.39000 3280.81842  16.3%  12.7 10217s
 1566100 1126817 3877.30063  107  355 3920.39000 3280.82865  16.3%  12.7 10223s
 1566686 1127775 3363.96235   69  361 3920.39000 3280.83239  16.3%  12.7 10230s
 1567942 1128265 3888.97946  114  301 3920.39000 3280.84905  16.3%  12.7 10235s
 1568824 1128867 3482.99234   68  341 3920.39000 3280.86548  16.3%  12.7 10241s
 1569821 1129688 3810.49111   88  336 3920.39000 3280.87938  16.3%  12.7 10247s
 1570885 1130463 3291.29926   64  353 3920.39000 3280.89124  16.3%  12.7 10253s
 1571927 1131253 3913.49034   96  312 3920.39000 3280.90090  16.3%  12.7 10259s
 1573080 1132039     cutoff   81      3920.39000 3280.93191  16.3%  12.7 10265s
 1574169 1132853 3787.03268   87  320 3920.39000 3280.93601  16.3%  12.7 10270s
 1575095 1133552 3648.34314   83  328 3920.39000 3280.93617  16.3%  12.7 10276s
 1576144 1134306 3723.22165   75  369 3920.39000 3280.94999  16.3%  12.7 10282s
 1577228 1134983 3673.38373   70  381 3920.39000 3280.96806  16.3%  12.7 10287s
 1578086 1135800 3680.31245   78  333 3920.39000 3280.97355  16.3%  12.7 10293s
 1579267 1136627 3313.26090   72  359 3920.39000 3280.99196  16.3%  12.7 10299s
 1580278 1137300 3661.68103  111  350 3920.39000 3281.00171  16.3%  12.7 10305s
 1581114 1138209 3838.94241  147  299 3920.39000 3281.00468  16.3%  12.7 10311s
 1582289 1139025 3770.26398   91  306 3920.39000 3281.01356  16.3%  12.7 10317s
 1583404 1139798 3361.27488   71  377 3920.39000 3281.03163  16.3%  12.7 10324s
 1584555 1140431     cutoff  110      3920.39000 3281.04142  16.3%  12.7 10330s
 1585618 1141135 3460.27152   70  368 3920.39000 3281.05803  16.3%  12.7 10335s
 1586515 1141783 3827.84517   86  303 3920.39000 3281.06306  16.3%  12.7 10341s
 1587450 1142500 3772.43524   94  302 3920.39000 3281.07786  16.3%  12.7 10347s
 1588462 1143173 3512.39142   65  343 3920.39000 3281.08898  16.3%  12.7 10353s
 1589473 1143181 3870.48724   89  339 3920.39000 3281.10087  16.3%  12.7 10359s
 1589485 1143190 3875.03768   90  338 3920.39000 3281.10087  16.3%  12.7 10364s
 1589496 1143200 3877.38917   91  340 3920.39000 3281.10087  16.3%  12.7 10368s
 1589506 1143228 3877.53315   92  353 3920.39000 3281.10087  16.3%  12.7 10374s
 1589549 1143619 3880.59342   93  352 3920.39000 3281.10607  16.3%  12.7 10380s
 1590048 1144248 3829.24634   89  339 3920.39000 3281.11079  16.3%  12.7 10386s
 1590877 1144929 3565.51922   82  353 3920.39000 3281.11079  16.3%  12.7 10395s
 1591915 1145734 3893.17592   80  334 3920.39000 3281.12201  16.3%  12.7 10402s
 1593009 1146416 infeasible   87      3920.39000 3281.15003  16.3%  12.7 10409s
 1593227 1146416 3826.83949   82  310 3920.39000 3281.15003  16.3%  12.7 10410s
 1594111 1146968 3513.32931   85  321 3920.39000 3281.15287  16.3%  12.7 10417s
 1594896 1147925     cutoff  102      3920.39000 3281.17092  16.3%  12.7 10425s
 1596169 1148804 3532.98010   70  354 3920.39000 3281.18418  16.3%  12.7 10432s
 1597315 1149672 3376.87803   77  336 3920.39000 3281.21087  16.3%  12.7 10438s
 1598342 1150434     cutoff  129      3920.39000 3281.21087  16.3%  12.7 10445s
 1599522 1151145     cutoff  175      3920.39000 3281.21087  16.3%  12.7 10452s
 1600507 1151977 3901.79938  103  323 3920.39000 3281.22370  16.3%  12.7 10459s
 1601676 1152695 3283.48372   68  385 3920.39000 3281.24256  16.3%  12.7 10466s
 1602551 1153464 3905.26170   94  303 3920.39000 3281.24376  16.3%  12.7 10471s
 1603520 1154161 3504.10901   84  331 3920.39000 3281.25306  16.3%  12.7 10477s
 1604348 1154975 3302.32728   56  365 3920.39000 3281.25718  16.3%  12.7 10484s
 1605321 1155818 3794.94077   98  327 3920.39000 3281.26764  16.3%  12.7 10490s
 1606316 1156566 3508.12406   75  341 3920.39000 3281.26857  16.3%  12.7 10496s
 1607328 1157385 3885.52443  134  164 3920.39000 3281.26857  16.3%  12.7 10502s
 1608229 1158173 3761.21768  127  297 3920.39000 3281.27607  16.3%  12.7 10509s
 1609354 1159136 3364.18017   60  376 3920.39000 3281.29949  16.3%  12.7 10515s
 1610500 1159992 3852.36943  110  283 3920.39000 3281.30432  16.3%  12.7 10522s
 1611638 1160909 3865.77968  153  174 3920.39000 3281.30447  16.3%  12.7 10528s
 1612877 1161690 3775.80894   88  339 3920.39000 3281.32133  16.3%  12.7 10535s
 1613803 1162494 3707.80037   81  339 3920.39000 3281.32596  16.3%  12.7 10541s
 1614827 1163245 3880.04310  128  317 3920.39000 3281.33047  16.3%  12.7 10547s
 1615877 1164103 3505.26819   84  317 3920.39000 3281.34751  16.3%  12.7 10553s
 1616792 1164666 3724.23368  132  249 3920.39000 3281.34751  16.3%  12.7 10559s
 1617764 1165380 3907.92014  105  291 3920.39000 3281.35176  16.3%  12.7 10566s
 1618926 1166332     cutoff   85      3920.39000 3281.37082  16.3%  12.7 10573s
 1620179 1167082     cutoff  122      3920.39000 3281.38751  16.3%  12.7 10580s
 1621174 1167621 3601.96373   82  323 3920.39000 3281.40202  16.3%  12.7 10587s
 1621875 1168400 3575.34720   84  305 3920.39000 3281.41068  16.3%  12.7 10593s
 1622988 1169326 3681.67618   82  335 3920.39000 3281.41568  16.3%  12.7 10601s
 1624194 1170126 3884.75121  110  287 3920.39000 3281.43177  16.3%  12.7 10607s
 1625228 1171057 3346.61202   73  345 3920.39000 3281.43177  16.3%  12.7 10613s
 1626386 1171908 3876.26468  143  185 3920.39000 3281.43219  16.3%  12.7 10619s
 1626722 1171908 3498.32750   81  330 3920.39000 3281.44843  16.3%  12.7 10620s
 1627526 1172652 3529.01347   81  309 3920.39000 3281.45487  16.3%  12.7 10626s
 1628530 1173631 3884.13413   93  338 3920.39000 3281.45487  16.3%  12.7 10633s
 1629851 1174416 3909.78335  132  195 3920.39000 3281.47560  16.3%  12.7 10639s
 1630927 1175245 3480.44750   85  354 3920.39000 3281.47560  16.3%  12.7 10646s
 1632100 1176065     cutoff   85      3920.39000 3281.49149  16.3%  12.7 10652s
 1633233 1176861 3907.67859  121  247 3920.39000 3281.50288  16.3%  12.7 10659s
 1634222 1177695 3840.38585  121  253 3920.39000 3281.50900  16.3%  12.7 10665s
 1635500 1178456     cutoff  111      3920.39000 3281.52754  16.3%  12.7 10673s
 1636597 1179058 3354.79149   69  381 3920.39000 3281.54146  16.3%  12.7 10679s
 1637588 1179761 3910.78356  109  341 3920.39000 3281.55289  16.3%  12.7 10691s
 1638589 1180113 3304.70830   62  358 3920.39000 3281.56529  16.3%  12.7 10697s
 1639093 1180599 3906.90279  100  364 3920.39000 3281.57061  16.3%  12.7 10702s
 1639808 1181626 3412.14814   79  327 3920.39000 3281.57338  16.3%  12.7 10710s
 1641039 1182775 3847.27378  102  321 3920.39000 3281.59429  16.3%  12.7 10717s
 1642550 1183678 3852.82463  147  132 3920.39000 3281.60714  16.3%  12.7 10725s
 1643719 1184585 3731.34946   93  304 3920.39000 3281.61329  16.3%  12.7 10731s
 1644786 1185473 3758.73497  104  274 3920.39000 3281.62756  16.3%  12.7 10737s
 1645908 1186339 3890.67753  102  337 3920.39000 3281.62927  16.3%  12.7 10744s
 1647139 1187216 3503.56800   80  322 3920.39000 3281.64554  16.3%  12.7 10754s
 1648451 1188055 3831.38593   85  331 3920.39000 3281.67024  16.3%  12.7 10760s
 1649515 1188731 3789.57344  109  313 3920.39000 3281.67362  16.3%  12.7 10765s
 1650293 1189662 3792.93786   92  316 3920.39000 3281.67414  16.3%  12.7 10773s
 1651528 1190578 3747.44270  124  226 3920.39000 3281.67779  16.3%  12.7 10781s
 1652837 1191474 3806.96604   78  337 3920.39000 3281.69071  16.3%  12.7 10788s
 1654098 1192300 3837.40243   90  321 3920.39000 3281.70375  16.3%  12.7 10794s
 1655188 1193182 3338.27879   57  383 3920.39000 3281.71888  16.3%  12.7 10801s
 1656456 1193932 3431.14107   68  366 3920.39000 3281.73014  16.3%  12.7 10808s
 1657555 1194781 3387.92746   74  335 3920.39000 3281.74763  16.3%  12.7 10815s
 1658780 1195651 3665.89319   85  340 3920.39000 3281.77093  16.3%  12.7 10821s
 1659944 1196535 3446.75263   75  336 3920.39000 3281.77762  16.3%  12.7 10828s
 1661178 1197338 3538.66981   80  327 3920.39000 3281.78654  16.3%  12.7 10834s
 1662225 1198055 3583.43026   90  305 3920.39000 3281.81534  16.3%  12.7 10839s
 1662988 1198842 3829.05504  129  339 3920.39000 3281.81545  16.3%  12.7 10845s
 1664065 1199615 3295.22294   64  370 3920.39000 3281.82140  16.3%  12.7 10852s
 1665042 1200331 3648.31738   80  314 3920.39000 3281.82963  16.3%  12.7 10857s
 1666063 1201104 3351.51941   69  354 3920.39000 3281.84332  16.3%  12.7 10864s
 1667054 1202057 3769.05774  132  260 3920.39000 3281.84500  16.3%  12.7 10871s
 1668274 1202842 3347.03664   63  365 3920.39000 3281.86973  16.3%  12.7 10877s
 1669175 1203464 3865.49928  105  324 3920.39000 3281.86973  16.3%  12.7 10883s
 1670113 1204422 3381.15388   75  336 3920.39000 3281.87665  16.3%  12.7 10889s
 1671357 1205200 3768.80100  143  271 3920.39000 3281.88857  16.3%  12.6 10895s
 1672475 1206007 3531.25977   86  303 3920.39000 3281.90104  16.3%  12.6 10902s
 1673702 1206823 3292.20738   69  347 3920.39000 3281.91958  16.3%  12.6 10908s
 1674672 1207519 3799.24477   93  322 3920.39000 3281.92675  16.3%  12.6 10914s
 1675578 1208412 3816.79920  132  291 3920.39000 3281.93102  16.3%  12.6 10920s
 1676836 1209145 3350.18151   66  359 3920.39000 3281.94972  16.3%  12.6 10927s
 1677751 1209808 3425.97373   73  340 3920.39000 3281.96039  16.3%  12.6 10933s
 1678746 1210625 3872.38763   82  328 3920.39000 3281.96039  16.3%  12.6 10939s
 1679946 1211391 3306.82155   72  372 3920.39000 3281.97575  16.3%  12.6 10946s
 1681000 1212251 3823.49665  126  305 3920.39000 3281.97854  16.3%  12.6 10952s
 1682243 1213239 3856.66700   97  344 3920.39000 3282.00708  16.3%  12.6 10958s
 1683391 1213864 3920.12961  136  240 3920.39000 3282.01492  16.3%  12.6 10964s
 1684280 1214705 3776.89581   91  294 3920.39000 3282.02471  16.3%  12.6 10969s
 1685317 1215435 3880.29636  104  347 3920.39000 3282.03214  16.3%  12.6 10975s
 1686275 1216324 3755.50618  110  276 3920.39000 3282.03291  16.3%  12.6 10981s
 1687475 1217048     cutoff  116      3920.39000 3282.04241  16.3%  12.6 10987s
 1688540 1217847 3835.02577   88  314 3920.39000 3282.05458  16.3%  12.6 10994s
 1689649 1217847 3282.10017   61  393 3920.39000 3282.07041  16.3%  12.6 10995s
 1689729 1218599 3630.90566   73  351 3920.39000 3282.07041  16.3%  12.6 11001s
 1690850 1219366 3772.54662   86  356 3920.39000 3282.07753  16.3%  12.6 11007s
 1691931 1220203 3459.47517   74  349 3920.39000 3282.09604  16.3%  12.6 11013s
 1693140 1221052 3773.96031   96  306 3920.39000 3282.11321  16.3%  12.6 11019s
 1694171 1221764 3372.12113   67  333 3920.39000 3282.11869  16.3%  12.6 11025s
 1695177 1222621 3533.70382   75  302 3920.39000 3282.13354  16.3%  12.6 11031s
 1696343 1223337 3917.78070  108  335 3920.39000 3282.14559  16.3%  12.6 11037s
 1697377 1224152 3844.15977  103  342 3920.39000 3282.15201  16.3%  12.6 11044s
 1698536 1224966 3316.16625   64  353 3920.39000 3282.17320  16.3%  12.6 11050s
 1699735 1225548 3311.52777   66  369 3920.39000 3282.18529  16.3%  12.6 11055s
 1700533 1226177 3700.07239   77  338 3920.39000 3282.19739  16.3%  12.6 11061s
 1701493 1226988 3914.54923  111  341 3920.39000 3282.20202  16.3%  12.6 11067s
 1702486 1227841 3854.04229  125  306 3920.39000 3282.20423  16.3%  12.6 11073s
 1703620 1228828 3376.35523   67  349 3920.39000 3282.20423  16.3%  12.6 11080s
 1704855 1228843 3878.02025  101  334 3920.39000 3282.20862  16.3%  12.6 11088s
 1704886 1229539 3878.02025  102  336 3920.39000 3282.20862  16.3%  12.6 11094s
 1705106 1229539 3865.77794  141  175 3920.39000 3282.20862  16.3%  12.6 11095s
 1705780 1230287     cutoff  109      3920.39000 3282.20862  16.3%  12.6 11101s
 1706889 1231123 3768.45812  106  313 3920.39000 3282.23757  16.3%  12.6 11108s
 1708084 1231898 3894.76778  105  370 3920.39000 3282.24285  16.3%  12.6 11114s
 1709122 1232718 3543.17997   83  333 3920.39000 3282.25936  16.3%  12.6 11120s
 1710182 1233553 3861.83441  109  266 3920.39000 3282.26650  16.3%  12.6 11126s
 1711200 1234260 3512.01090   65  344 3920.39000 3282.27180  16.3%  12.6 11133s
 1712322 1235190 3331.24502   62  375 3920.39000 3282.29100  16.3%  12.6 11140s
 1713628 1235907     cutoff  144      3920.39000 3282.31104  16.3%  12.6 11146s
 1714590 1236587 3804.51435   92  299 3920.39000 3282.32498  16.3%  12.6 11152s
 1715583 1237332 3738.01494   95  331 3920.39000 3282.33471  16.3%  12.6 11158s
 1716688 1238031 3866.61092   86  325 3920.39000 3282.33471  16.3%  12.6 11165s
 1717720 1238870 3906.34738   90  292 3920.39000 3282.36074  16.3%  12.6 11171s
 1718836 1239514 3910.68327  120  205 3920.39000 3282.36928  16.3%  12.6 11178s
 1719803 1240463 3465.30932   79  341 3920.39000 3282.38819  16.3%  12.6 11185s
 1721080 1241137 3760.25262   87  337 3920.39000 3282.40189  16.3%  12.6 11191s
 1722099 1241929 3381.98339   68  341 3920.39000 3282.41911  16.3%  12.6 11198s
 1723196 1242638 3580.54901   81  317 3920.39000 3282.42674  16.3%  12.6 11205s
 1724181 1243388 3527.47408   79  319 3920.39000 3282.45085  16.3%  12.6 11210s
 1725097 1244094 3865.86200  117  345 3920.39000 3282.45473  16.3%  12.6 11216s
 1726130 1244816 3868.64983   92  338 3920.39000 3282.46266  16.3%  12.6 11222s
 1727022 1245588 3849.58631   93  321 3920.39000 3282.47935  16.3%  12.6 11228s
 1727959 1246308 3747.59026  100  287 3920.39000 3282.47981  16.3%  12.6 11234s
 1728982 1247265 3889.20501  135  258 3920.39000 3282.48752  16.3%  12.6 11241s
 1730252 1248052 3357.98941   67  329 3920.39000 3282.49775  16.3%  12.6 11248s
 1731315 1248943 3842.69904  129  209 3920.39000 3282.51710  16.3%  12.6 11254s
 1732554 1249571 3463.95660   70  337 3920.39000 3282.52977  16.3%  12.6 11261s
 1733636 1250264 3406.77014   82  329 3920.39000 3282.54480  16.3%  12.6 11267s
 1734407 1251033 3604.42531   89  310 3920.39000 3282.54687  16.3%  12.6 11273s
 1735509 1251793 3837.47287  136  198 3920.39000 3282.54687  16.3%  12.6 11281s
 1736621 1252722 3892.25939  117  277 3920.39000 3282.56312  16.3%  12.6 11288s
 1737918 1253512 3295.07527   62  346 3920.39000 3282.57690  16.3%  12.6 11294s
 1739053 1254404 3621.06977   80  325 3920.39000 3282.58759  16.3%  12.6 11302s
 1740291 1255281 3459.21891   79  350 3920.39000 3282.60205  16.3%  12.6 11308s
 1741355 1256176     cutoff  128      3920.39000 3282.61149  16.3%  12.6 11314s
 1742496 1256864     cutoff  126      3920.39000 3282.61622  16.3%  12.6 11320s
 1743517 1257543 3705.09677   76  318 3920.39000 3282.61622  16.3%  12.6 11328s
 1744528 1258438 3875.51164   94  339 3920.39000 3282.64180  16.3%  12.6 11333s
 1745596 1259291     cutoff  141      3920.39000 3282.64294  16.3%  12.6 11340s
 1746814 1260106 3389.22962   70  384 3920.39000 3282.66134  16.3%  12.6 11347s
 1748035 1260867 3607.74998   94  323 3920.39000 3282.69124  16.3%  12.6 11353s
 1749189 1261642 3857.93056  106  344 3920.39000 3282.70046  16.3%  12.6 11360s
 1750125 1262426 3788.69334  115  315 3920.39000 3282.70268  16.3%  12.6 11366s
 1751177 1263236 3742.48398   86  347 3920.39000 3282.71237  16.3%  12.6 11373s
 1752340 1264188 3736.10527   89  294 3920.39000 3282.72332  16.3%  12.6 11381s
 1753611 1264936     cutoff  107      3920.39000 3282.73554  16.3%  12.6 11387s
 1754698 1265832 3342.64378   63  379 3920.39000 3282.74159  16.3%  12.6 11394s
 1755063 1265832     cutoff  142      3920.39000 3282.74875  16.3%  12.6 11395s
 1755883 1266615 3846.23563  123  245 3920.39000 3282.76200  16.3%  12.6 11401s
 1756968 1267465     cutoff  115      3920.39000 3282.76239  16.3%  12.6 11409s
 1758158 1268131 3900.31427  100  314 3920.39000 3282.77964  16.3%  12.6 11415s
 1759164 1268870 3311.88816   67  364 3920.39000 3282.78949  16.3%  12.6 11421s
 1760037 1269552     cutoff  107      3920.39000 3282.80258  16.3%  12.6 11427s
 1760897 1270409 3477.20011   76  327 3920.39000 3282.80410  16.3%  12.6 11434s
 1762076 1271248 3917.32335  129  323 3920.39000 3282.81693  16.3%  12.6 11440s
 1763114 1272089 3549.27361   73  357 3920.39000 3282.81693  16.3%  12.6 11447s
 1764280 1272912 3889.37492  118  330 3920.39000 3282.83141  16.3%  12.6 11453s
 1765248 1273634     cutoff  129      3920.39000 3282.85214  16.3%  12.6 11460s
 1766294 1274580 3916.82888   95  299 3920.39000 3282.85214  16.3%  12.6 11466s
 1767495 1275344 3660.46993   77  340 3920.39000 3282.85847  16.3%  12.6 11472s
 1768456 1276044 3873.86148  124  211 3920.39000 3282.87469  16.3%  12.6 11478s
 1769368 1276798 3820.25363   94  312 3920.39000 3282.88594  16.3%  12.6 11484s
 1770440 1277403 3317.17194   59  354 3920.39000 3282.89262  16.3%  12.6 11490s
 1771354 1278005 3598.54659   72  359 3920.39000 3282.90781  16.3%  12.6 11497s
 1772253 1278923 3436.58745   76  342 3920.39000 3282.91824  16.3%  12.6 11503s
 1773415 1279651 3826.21593   82  312 3920.39000 3282.91881  16.3%  12.6 11509s
 1773841 1279651     cutoff   98      3920.39000 3282.92017  16.3%  12.6 11510s
 1774474 1280412 3591.05029   84  328 3920.39000 3282.93371  16.3%  12.6 11516s
 1775597 1281290 3781.82764   92  343 3920.39000 3282.94768  16.3%  12.6 11523s
 1776835 1282054 3456.22354   85  327 3920.39000 3282.96863  16.3%  12.6 11531s
 1777896 1282727 3912.51687   99  360 3920.39000 3282.97360  16.3%  12.6 11538s
 1778956 1283653 3660.75400  101  283 3920.39000 3282.98389  16.3%  12.6 11545s
 1780210 1284367 3316.34954   60  384 3920.39000 3283.00052  16.3%  12.6 11552s
 1781260 1285181 3902.18725  109  296 3920.39000 3283.00595  16.3%  12.6 11559s
 1782469 1286033 3902.68809  100  334 3920.39000 3283.03024  16.3%  12.6 11567s
 1783662 1286595 3895.09807  132  222 3920.39000 3283.04937  16.3%  12.6 11573s
 1784447 1287405 3863.37128   89  348 3920.39000 3283.06363  16.3%  12.6 11579s
 1784893 1287405 3310.98590   62  390 3920.39000 3283.06363  16.3%  12.6 11580s
 1785538 1288107 3592.04664   86  316 3920.39000 3283.07474  16.3%  12.6 11586s
 1786558 1288489 3823.05233  132  253 3920.39000 3283.07653  16.3%  12.6 11592s
 1787086 1289433 3349.06981   74  348 3920.39000 3283.09343  16.3%  12.6 11599s
 1788324 1290269 3918.93264  143  141 3920.39000 3283.10479  16.3%  12.6 11607s
 1789539 1291086 3600.89774   79  329 3920.39000 3283.11899  16.3%  12.6 11613s
 1790489 1291763 3751.49578  102  303 3920.39000 3283.12791  16.3%  12.6 11619s
 1791405 1292629 3688.38689   88  297 3920.39000 3283.12915  16.3%  12.6 11626s
 1792517 1293327 3437.24190   71  350 3920.39000 3283.14692  16.3%  12.6 11632s
 1793374 1294103 3848.84905  112  315 3920.39000 3283.14752  16.3%  12.6 11639s
 1794521 1294937 3506.30399   86  347 3920.39000 3283.15701  16.3%  12.6 11645s
 1795558 1295821 3828.29901  121  352 3920.39000 3283.16383  16.3%  12.6 11651s
 1796722 1296571     cutoff  114      3920.39000 3283.17038  16.3%  12.6 11659s
 1797788 1297466 3648.55213   95  311 3920.39000 3283.17202  16.3%  12.6 11666s
 1798969 1298106 3491.12980   93  298 3920.39000 3283.17712  16.3%  12.6 11672s
 1799852 1299101 3788.90648   87  347 3920.39000 3283.19395  16.3%  12.6 11679s
 1801127 1299997 3295.03072   69  363 3920.39000 3283.20334  16.3%  12.6 11686s
 1802292 1300944 3663.31732   95  314 3920.39000 3283.20934  16.3%  12.6 11692s
 1803470 1301717 3893.87262  126  298 3920.39000 3283.21967  16.3%  12.6 11700s
 1804653 1302500 3645.82391   90  316 3920.39000 3283.23457  16.3%  12.6 11706s
 1805746 1303431 3340.63370   63  374 3920.39000 3283.24616  16.3%  12.6 11713s
 1807010 1303975 3743.73469   80  337 3920.39000 3283.25594  16.3%  12.6 11720s
 1808161 1304641 3447.42808   74  344 3920.39000 3283.26418  16.3%  12.6 11726s
 1808931 1305408 3807.78917  110  294 3920.39000 3283.27476  16.3%  12.6 11731s
 1809781 1306117 3451.99122   70  364 3920.39000 3283.27640  16.3%  12.6 11737s
 1810813 1307031 3744.73184  100  279 3920.39000 3283.28889  16.3%  12.6 11744s
 1811915 1307789 3661.65201  128  320 3920.39000 3283.29766  16.3%  12.6 11750s
 1812977 1308544 3498.83216   75  371 3920.39000 3283.30334  16.3%  12.6 11756s
 1813863 1309267 3415.04797   77  331 3920.39000 3283.30356  16.3%  12.6 11762s
 1814806 1309895 3854.88061  141  221 3920.39000 3283.30442  16.3%  12.6 11768s
 1815832 1310764 3845.18397  104  314 3920.39000 3283.32116  16.3%  12.6 11776s
 1817056 1311547 3696.14063  121  209 3920.39000 3283.33679  16.2%  12.6 11783s
 1818151 1312135 3850.44545  106  321 3920.39000 3283.34679  16.2%  12.6 11789s
 1819036 1312844 3904.18183  132  253 3920.39000 3283.36162  16.2%  12.6 11795s
 1820077 1313654     cutoff   94      3920.39000 3283.37930  16.2%  12.6 11801s
 1821036 1314378 3908.27564  108  338 3920.39000 3283.39618  16.2%  12.6 11807s
 1822093 1315025 3878.96049   94  290 3920.39000 3283.40399  16.2%  12.6 11815s
 1823227 1315660     cutoff   89      3920.39000 3283.41907  16.2%  12.6 11822s
 1824175 1316572 3758.00680   84  328 3920.39000 3283.43651  16.2%  12.6 11828s
 1825304 1317498 3413.73349   70  337 3920.39000 3283.44722  16.2%  12.6 11835s
 1826414 1318391 3859.22171  134  195 3920.39000 3283.45231  16.2%  12.6 11842s
 1827524 1319135 3709.54591   87  347 3920.39000 3283.46151  16.2%  12.6 11849s
 1828515 1319976 3766.76425   77  336 3920.39000 3283.46532  16.2%  12.6 11855s
 1829544 1320660 3309.92461   68  363 3920.39000 3283.47831  16.2%  12.6 11861s
 1830525 1321343 3341.96599   68  370 3920.39000 3283.48117  16.2%  12.6 11868s
 1831498 1322189     cutoff  114      3920.39000 3283.49568  16.2%  12.6 11875s
 1832702 1322912 3673.94032   76  339 3920.39000 3283.51233  16.2%  12.6 11881s
 1833606 1323755 3465.86009   80  347 3920.39000 3283.51712  16.2%  12.6 11890s
 1834864 1324409     cutoff  119      3920.39000 3283.51900  16.2%  12.6 11897s
 1835736 1325213 3784.39339   99  337 3920.39000 3283.53343  16.2%  12.6 11904s
 1836718 1325986 3512.82687   79  346 3920.39000 3283.53523  16.2%  12.6 11910s
 1837824 1326813 3682.67315   83  343 3920.39000 3283.56136  16.2%  12.6 11918s
 1838973 1327634 3706.89527   81  309 3920.39000 3283.56864  16.2%  12.6 11925s
 1840043 1328526 3765.38852   75  349 3920.39000 3283.56864  16.2%  12.6 11933s
 1841201 1329323 3818.60770  147  175 3920.39000 3283.58165  16.2%  12.6 11941s
 1842341 1330138 3766.62933   87  302 3920.39000 3283.59404  16.2%  12.6 11949s
 1843566 1330148 3362.08296   71  371 3920.39000 3283.61289  16.2%  12.6 11957s
 1843576 1330156 3373.27869   73  363 3920.39000 3283.61289  16.2%  12.6 11966s
 1843588 1330163 3429.84561   73  365 3920.39000 3283.61289  16.2%  12.6 11974s
 1843599 1330335 3378.64079   74  362 3920.39000 3283.61289  16.2%  12.6 11982s
 1843890 1330883 3916.39884   94  324 3920.39000 3283.61347  16.2%  12.6 11990s
 1844865 1331522 3561.14662   69  348 3920.39000 3283.62223  16.2%  12.6 11998s
 1845936 1332479 3560.55994   75  347 3920.39000 3283.62543  16.2%  12.6 12005s
 1847100 1333261 3905.16099  136  267 3920.39000 3283.63994  16.2%  12.6 12014s
 1848156 1334099 3885.33291  137  291 3920.39000 3283.64628  16.2%  12.6 12021s
 1849267 1334980     cutoff  159      3920.39000 3283.64855  16.2%  12.6 12029s
 1849708 1334980 3289.48502   60  372 3920.39000 3283.65633  16.2%  12.6 12030s
 1850392 1335671 3472.51961   75  347 3920.39000 3283.66472  16.2%  12.6 12038s
 1851315 1336640 3908.84460  137  218 3920.39000 3283.66472  16.2%  12.6 12045s
 1852561 1337394 3515.30382   73  310 3920.39000 3283.68552  16.2%  12.6 12051s
 1853490 1338115 3307.22895   64  353 3920.39000 3283.69013  16.2%  12.6 12058s
 1854425 1338891 3658.47845   93  343 3920.39000 3283.69464  16.2%  12.6 12065s
 1855579 1339632 3448.07474   75  337 3920.39000 3283.70839  16.2%  12.6 12071s
 1856504 1340437 3880.63450  132  321 3920.39000 3283.71145  16.2%  12.6 12079s
 1857436 1341080 3876.16593   96  308 3920.39000 3283.71564  16.2%  12.6 12085s
 1858503 1341753 3884.86985   89  332 3920.39000 3283.72089  16.2%  12.6 12093s
 1859604 1342623 3429.13110   70  393 3920.39000 3283.73423  16.2%  12.6 12100s
 1860625 1343394 3846.94877  114  332 3920.39000 3283.74676  16.2%  12.6 12108s
 1861665 1344286 3815.87010  133  236 3920.39000 3283.75071  16.2%  12.6 12115s
 1862796 1345089 3898.94378  149  184 3920.39000 3283.75799  16.2%  12.6 12121s
 1863768 1345820 3790.17511   96  325 3920.39000 3283.76806  16.2%  12.6 12128s
 1864682 1346529 3526.29711   75  347 3920.39000 3283.77011  16.2%  12.6 12134s
 1865672 1347121 3555.86609   76  353 3920.39000 3283.77621  16.2%  12.6 12142s
 1866521 1347999 3918.16042   96  369 3920.39000 3283.78277  16.2%  12.6 12151s
 1867745 1348983 3661.37157   90  322 3920.39000 3283.79943  16.2%  12.6 12159s
 1868565 1348983 3895.09743   95  309 3920.39000 3283.80529  16.2%  12.6 12160s
 1869081 1349829 3848.77574   99  312 3920.39000 3283.81592  16.2%  12.6 12166s
 1870086 1350505 3591.97472  100  370 3920.39000 3283.82704  16.2%  12.6 12172s
 1871027 1351308     cutoff  142      3920.39000 3283.82961  16.2%  12.6 12179s
 1872003 1351317 3373.35488   76  356 3920.39000 3283.84087  16.2%  12.6 12186s
 1872013 1351327 3361.64744   76  361 3920.39000 3283.84087  16.2%  12.6 12191s
 1872023 1351336 3376.56410   77  357 3920.39000 3283.84087  16.2%  12.6 12197s
 1872034 1351560 3362.60765   77  356 3920.39000 3283.84087  16.2%  12.6 12203s
 1872324 1352058 3364.37241   78  352 3920.39000 3283.84127  16.2%  12.6 12210s
 1872951 1352820 3801.36310   92  344 3920.39000 3283.84185  16.2%  12.6 12217s
 1873953 1353540 3484.06815   80  356 3920.39000 3283.84395  16.2%  12.6 12225s
 1874958 1354442 3786.63110  125  300 3920.39000 3283.84550  16.2%  12.6 12232s
 1876160 1355288 3747.86089  130  299 3920.39000 3283.85947  16.2%  12.6 12241s
 1877432 1356225 3893.07811   88  300 3920.39000 3283.87418  16.2%  12.6 12251s
 1878619 1357237 3844.70338  115  298 3920.39000 3283.88493  16.2%  12.6 12260s
 1879923 1358191 3917.76631  144  133 3920.39000 3283.89539  16.2%  12.6 12268s
 1881037 1359110     cutoff  129      3920.39000 3283.90359  16.2%  12.6 12276s
 1882261 1359774 3482.19064   70  353 3920.39000 3283.90400  16.2%  12.6 12284s
 1882701 1359774 3296.41709   65  332 3920.39000 3283.90400  16.2%  12.6 12285s
 1883249 1360641     cutoff  132      3920.39000 3283.91811  16.2%  12.6 12293s
 1884525 1361335 3370.40268   76  349 3920.39000 3283.93031  16.2%  12.6 12301s
 1885444 1362197 3367.23064   71  329 3920.39000 3283.94860  16.2%  12.6 12307s
 1886388 1362985 3762.48356  119  252 3920.39000 3283.94860  16.2%  12.6 12315s
 1887621 1363753 3850.55411  100  287 3920.39000 3283.95998  16.2%  12.6 12324s
 1888723 1364234 3376.85850   76  355 3920.39000 3283.97209  16.2%  12.6 12331s
 1889404 1365291 3628.78802   75  345 3920.39000 3283.98056  16.2%  12.6 12339s
 1890795 1366105 3873.34519  105  274 3920.39000 3283.99288  16.2%  12.6 12347s
 1891871 1366861 3838.02672  115  234 3920.39000 3284.00212  16.2%  12.6 12355s
 1892915 1367516 3415.42962   72  350 3920.39000 3284.01904  16.2%  12.6 12361s
 1893794 1368042     cutoff   84      3920.39000 3284.01929  16.2%  12.6 12368s
 1894767 1368697 3896.58543   84  324 3920.39000 3284.02387  16.2%  12.6 12375s
 1895863 1369625 3635.64457   90  312 3920.39000 3284.03627  16.2%  12.6 12383s
 1897177 1370501 3832.48823   82  352 3920.39000 3284.04147  16.2%  12.6 12391s
 1898405 1371232 3823.77375   80  318 3920.39000 3284.05948  16.2%  12.6 12399s
 1899284 1371232 3899.64006  137  184 3920.39000 3284.06582  16.2%  12.6 12400s
 1899495 1372008 3795.30964   87  329 3920.39000 3284.06610  16.2%  12.6 12405s
 1900410 1372742 3772.49527   97  297 3920.39000 3284.07454  16.2%  12.6 12412s
 1901374 1373618 3875.62116  138  269 3920.39000 3284.07522  16.2%  12.6 12421s
 1902616 1374491 3472.09309   72  358 3920.39000 3284.08982  16.2%  12.6 12428s
 1903796 1375312     cutoff  123      3920.39000 3284.10094  16.2%  12.6 12435s
 1905039 1376204 3426.66531   70  362 3920.39000 3284.11643  16.2%  12.6 12443s
 1906217 1377072 3780.75888  137  269 3920.39000 3284.12301  16.2%  12.6 12449s
 1907225 1377977 3807.99377  125  236 3920.39000 3284.13530  16.2%  12.6 12456s
 1908418 1378747 3436.36357   78  358 3920.39000 3284.14170  16.2%  12.6 12462s
 1909514 1379580 3453.90932   77  340 3920.39000 3284.15036  16.2%  12.6 12471s
 1910598 1380526 3877.87280  137  199 3920.39000 3284.16504  16.2%  12.6 12478s
 1911739 1381165 3332.08370   68  398 3920.39000 3284.16875  16.2%  12.6 12484s
 1912675 1381744 3333.23132   72  348 3920.39000 3284.18724  16.2%  12.6 12491s
 1913591 1382484 3337.22039   65  335 3920.39000 3284.19145  16.2%  12.6 12499s
 1914621 1383283 3905.26838  100  341 3920.39000 3284.20309  16.2%  12.6 12506s
 1915813 1383951 3369.13038   69  354 3920.39000 3284.21797  16.2%  12.6 12513s
 1916797 1384559 3857.33642   99  322 3920.39000 3284.22821  16.2%  12.6 12519s
 1917749 1385184 3835.64291   78  303 3920.39000 3284.22865  16.2%  12.6 12528s
 1918570 1386064 3777.88916   83  328 3920.39000 3284.24122  16.2%  12.6 12535s
 1919746 1386878 3473.70219   88  353 3920.39000 3284.25306  16.2%  12.6 12541s
 1920835 1387746     cutoff   92      3920.39000 3284.26071  16.2%  12.6 12549s
 1922044 1388470     cutoff   89      3920.39000 3284.26769  16.2%  12.6 12557s
 1923071 1389349 3641.43285   91  343 3920.39000 3284.28354  16.2%  12.6 12564s
 1924249 1390096 3742.48550   85  330 3920.39000 3284.28652  16.2%  12.6 12571s
 1925317 1390990 3307.73352   63  372 3920.39000 3284.31122  16.2%  12.6 12579s
 1926516 1391867 3623.53242   92  302 3920.39000 3284.31721  16.2%  12.6 12586s
 1927784 1392548     cutoff  119      3920.39000 3284.32458  16.2%  12.6 12593s
 1928856 1393464 3747.47812   86  368 3920.39000 3284.33674  16.2%  12.6 12599s
 1929949 1394203 3910.50922  123  279 3920.39000 3284.34877  16.2%  12.6 12607s
 1931063 1394842 infeasible   85      3920.39000 3284.36019  16.2%  12.6 12614s
 1932024 1395689 3803.36132   79  336 3920.39000 3284.37216  16.2%  12.6 12621s
 1933249 1396327 3882.41321   90  311 3920.39000 3284.38389  16.2%  12.6 12630s
 1934186 1397268     cutoff   94      3920.39000 3284.39457  16.2%  12.6 12637s
 1935501 1398010 3586.08985   90  348 3920.39000 3284.41325  16.2%  12.6 12645s
 1936611 1398789 3588.82749   82  296 3920.39000 3284.42074  16.2%  12.6 12651s
 1937542 1399469 3599.37533   98  298 3920.39000 3284.43319  16.2%  12.6 12658s
 1938357 1400405 3703.91080  139  310 3920.39000 3284.43360  16.2%  12.6 12665s
 1939646 1401014 3914.19473   85  317 3920.39000 3284.44125  16.2%  12.6 12673s
 1940671 1401938 3562.41119   70  357 3920.39000 3284.45322  16.2%  12.6 12681s
 1942020 1402503 3801.24629   80  329 3920.39000 3284.47011  16.2%  12.6 12688s
 1943010 1403404 3665.87494   77  331 3920.39000 3284.47637  16.2%  12.6 12696s
 1944279 1404187 3916.47792   86  326 3920.39000 3284.48678  16.2%  12.6 12702s
 1945329 1405088 3672.14332  106  264 3920.39000 3284.49449  16.2%  12.6 12710s
 1946594 1405958 3428.69862   75  367 3920.39000 3284.51032  16.2%  12.6 12716s
 1947750 1406599 3823.75213   93  310 3920.39000 3284.52233  16.2%  12.6 12724s
 1948111 1406599     cutoff   99      3920.39000 3284.52602  16.2%  12.6 12725s
 1948658 1407578 3303.57189   63  364 3920.39000 3284.53324  16.2%  12.6 12733s
 1950092 1408318 3890.04777   95  305 3920.39000 3284.54438  16.2%  12.6 12740s
 1951102 1409107 3571.59549   74  338 3920.39000 3284.55848  16.2%  12.6 12746s
 1952099 1409675 3322.11027   79  360 3920.39000 3284.57433  16.2%  12.6 12753s
 1952931 1410569 3467.04377   68  357 3920.39000 3284.57471  16.2%  12.6 12761s
 1954164 1411530 3860.13366   88  319 3920.39000 3284.58918  16.2%  12.6 12769s
 1955343 1412186     cutoff  165      3920.39000 3284.60010  16.2%  12.6 12775s
 1956366 1413001 3918.96962  110  266 3920.39000 3284.60010  16.2%  12.6 12782s
 1957583 1413747 3557.12945   82  336 3920.39000 3284.61326  16.2%  12.6 12789s
 1957694 1413747 3835.29227  119  321 3920.39000 3284.61326  16.2%  12.6 12790s
 1958774 1414491 3890.50402  116  329 3920.39000 3284.62951  16.2%  12.6 12797s
 1959841 1415320 3453.47507   67  349 3920.39000 3284.63763  16.2%  12.6 12804s
 1960860 1415320 3284.65085   57  336 3920.39000 3284.64697  16.2%  12.6 12805s
 1961033 1415992 3589.42730   75  342 3920.39000 3284.65398  16.2%  12.6 12810s
 1961862 1416768 3702.53286   86  331 3920.39000 3284.65986  16.2%  12.6 12817s
 1962840 1417676 3657.49447  103  339 3920.39000 3284.65986  16.2%  12.6 12824s
 1964138 1418364 3908.23575  127  235 3920.39000 3284.67676  16.2%  12.6 12831s
 1965176 1419101     cutoff   88      3920.39000 3284.68267  16.2%  12.6 12839s
 1966234 1419971 3852.10548   97  300 3920.39000 3284.69283  16.2%  12.6 12846s
 1967302 1420828 3856.66124  116  307 3920.39000 3284.69973  16.2%  12.6 12852s
 1968444 1421615 3397.26305   71  353 3920.39000 3284.70472  16.2%  12.6 12859s
 1969518 1422371 3382.46620   72  350 3920.39000 3284.71838  16.2%  12.6 12866s
 1970363 1423024 3685.43204  113  319 3920.39000 3284.72077  16.2%  12.6 12872s
 1971258 1423718 3393.20186   67  358 3920.39000 3284.72077  16.2%  12.6 12879s
 1972262 1424624     cutoff   99      3920.39000 3284.72077  16.2%  12.6 12887s
 1973536 1425321 3917.39463  104  321 3920.39000 3284.74248  16.2%  12.6 12895s
 1974502 1426142 3884.88145  102  301 3920.39000 3284.75541  16.2%  12.6 12901s
 1975643 1426891 3690.06824   85  332 3920.39000 3284.76225  16.2%  12.6 12908s
 1976606 1427685 3824.95000  126  313 3920.39000 3284.76653  16.2%  12.6 12915s
 1977699 1428614 3326.40664   73  356 3920.39000 3284.76747  16.2%  12.6 12922s
 1978942 1429407 3919.23452  119  340 3920.39000 3284.77580  16.2%  12.6 12930s
 1979944 1430099 3843.38481  114  335 3920.39000 3284.78514  16.2%  12.6 12937s
 1981028 1430768 3527.66405   77  381 3920.39000 3284.78819  16.2%  12.6 12944s
 1981956 1431289 3878.95518   87  321 3920.39000 3284.78819  16.2%  12.6 12950s
 1982629 1432206 3693.10140  136  337 3920.39000 3284.80843  16.2%  12.6 12958s
 1983763 1433245 3727.76638   90  310 3920.39000 3284.81310  16.2%  12.6 12966s
 1985080 1434142 3522.18696   71  357 3920.39000 3284.82384  16.2%  12.6 12975s
 1986349 1435195 3610.66742   88  331 3920.39000 3284.83374  16.2%  12.6 12983s
 1987644 1435991 3816.52945   93  315 3920.39000 3284.83925  16.2%  12.6 12991s
 1988768 1437059 3358.97275   71  351 3920.39000 3284.85939  16.2%  12.6 12999s
 1990148 1437751 3735.97628  134  240 3920.39000 3284.87052  16.2%  12.6 13006s
 1991284 1438682 3658.29994   90  357 3920.39000 3284.87914  16.2%  12.6 13014s
 1992634 1439421 3800.56653   83  332 3920.39000 3284.88669  16.2%  12.6 13021s
 1993644 1440264 3812.68527   89  309 3920.39000 3284.90839  16.2%  12.6 13027s
 1994550 1440993     cutoff  134      3920.39000 3284.90839  16.2%  12.6 13034s
 1995498 1441841     cutoff  132      3920.39000 3284.90839  16.2%  12.6 13041s
 1996667 1442517 3345.48468   72  347 3920.39000 3284.92984  16.2%  12.6 13048s
 1997727 1443327 3317.36403   74  338 3920.39000 3284.93058  16.2%  12.6 13056s
 1998974 1444044 3286.35633   64  396 3920.39000 3284.94765  16.2%  12.6 13062s
 1999919 1444849 3579.74282  105  256 3920.39000 3284.95819  16.2%  12.6 13069s
 2001023 1445714 3886.18810  117  326 3920.39000 3284.96429  16.2%  12.6 13076s
 2002093 1446501 3379.18913   72  353 3920.39000 3284.96808  16.2%  12.6 13082s
 2003095 1447190 3683.99141  106  279 3920.39000 3284.98011  16.2%  12.6 13090s
 2004204 1447941     cutoff   89      3920.39000 3284.99687  16.2%  12.6 13097s
 2005338 1448719 3778.27052  110  230 3920.39000 3285.00641  16.2%  12.6 13103s
 2006433 1449387 3448.75453   77  346 3920.39000 3285.01855  16.2%  12.6 13109s
 2007221 1450055 3664.41584  112  299 3920.39000 3285.01855  16.2%  12.6 13116s
 2008105 1450579 3888.39632  146  192 3920.39000 3285.02721  16.2%  12.6 13122s
 2009080 1451387 3802.07492   82  319 3920.39000 3285.03339  16.2%  12.6 13130s
 2010234 1452093 3837.33538   97  348 3920.39000 3285.04491  16.2%  12.6 13136s
 2011169 1452800 3657.88047   87  316 3920.39000 3285.05910  16.2%  12.6 13143s
 2012262 1453635 3848.47187   85  311 3920.39000 3285.06628  16.2%  12.6 13149s
 2013309 1454350 3804.85843  111  350 3920.39000 3285.07583  16.2%  12.6 13156s
 2014263 1455059 3393.44417   68  357 3920.39000 3285.08027  16.2%  12.6 13164s
 2015292 1456113     cutoff  115      3920.39000 3285.09709  16.2%  12.6 13172s
 2016650 1456763 3635.16252   79  355 3920.39000 3285.11068  16.2%  12.6 13178s
 2017486 1457571 3434.75148   75  404 3920.39000 3285.12435  16.2%  12.6 13184s
 2018483 1458366 3463.98791   68  387 3920.39000 3285.12689  16.2%  12.6 13191s
 2019543 1459119 3497.97710   77  329 3920.39000 3285.13020  16.2%  12.6 13199s
 2020471 1459911 3888.45052  149  181 3920.39000 3285.13840  16.2%  12.6 13206s
 2021473 1460635 3535.73650   77  315 3920.39000 3285.14035  16.2%  12.6 13213s
 2022444 1461225 3684.93175   88  302 3920.39000 3285.15015  16.2%  12.6 13219s
 2023423 1461867     cutoff  102      3920.39000 3285.15173  16.2%  12.6 13227s
 2024459 1462654 3538.49144   81  333 3920.39000 3285.15931  16.2%  12.6 13235s
 2025507 1463394 3920.00699  134  183 3920.39000 3285.17234  16.2%  12.6 13244s
 2026530 1464192 3564.57142   78  332 3920.39000 3285.18129  16.2%  12.6 13251s
 2027607 1464895 3793.60178   90  302 3920.39000 3285.19583  16.2%  12.6 13257s
 2028416 1465624 3442.31600   77  327 3920.39000 3285.19639  16.2%  12.6 13264s
 2029383 1466371 3661.31415  119  312 3920.39000 3285.19639  16.2%  12.6 13271s
 2030376 1467129 3844.77204  153  234 3920.39000 3285.20718  16.2%  12.6 13279s
 2031559 1467793 3372.42262   65  380 3920.39000 3285.21697  16.2%  12.6 13286s
 2032473 1468644 3499.39010   83  302 3920.39000 3285.21697  16.2%  12.6 13295s
 2033733 1469447 3313.96855   72  360 3920.39000 3285.23955  16.2%  12.6 13302s
 2034800 1470235 3750.06426   88  339 3920.39000 3285.24951  16.2%  12.6 13310s
 2035887 1471103 3470.22598   78  335 3920.39000 3285.25849  16.2%  12.6 13317s
 2037022 1471448 3644.26825   77  371 3920.39000 3285.26297  16.2%  12.6 13323s
 2037626 1472319 3700.68901   83  361 3920.39000 3285.27013  16.2%  12.6 13333s
 2038742 1473209 3742.95038   86  332 3920.39000 3285.28211  16.2%  12.6 13341s
 2040096 1474094     cutoff  118      3920.39000 3285.29324  16.2%  12.6 13348s
 2041351 1474822 3852.34138   98  307 3920.39000 3285.30725  16.2%  12.6 13356s
 2042564 1475553 3606.88299   79  347 3920.39000 3285.31444  16.2%  12.6 13364s
 2043578 1476430     cutoff  102      3920.39000 3285.32644  16.2%  12.6 13371s
 2044876 1477244 3731.81616   88  314 3920.39000 3285.34324  16.2%  12.6 13379s
 2045951 1478028 3384.72385   76  352 3920.39000 3285.35160  16.2%  12.6 13385s
 2046875 1478813 3692.66973  118  342 3920.39000 3285.35160  16.2%  12.6 13392s
 2047888 1479552 3803.17972  160  237 3920.39000 3285.36018  16.2%  12.6 13398s
 2048869 1480494 3735.02176   93  336 3920.39000 3285.36407  16.2%  12.6 13407s
 2050143 1481235 3366.43032   69  357 3920.39000 3285.37173  16.2%  12.6 13413s
 2051120 1482058 3788.77184  127  263 3920.39000 3285.37173  16.2%  12.6 13419s
 2051422 1482058 3701.87048   84  307 3920.39000 3285.37173  16.2%  12.6 13420s
 2052187 1482830 3311.02501   62  376 3920.39000 3285.38132  16.2%  12.6 13426s
 2053128 1483637 3844.07541  125  305 3920.39000 3285.38132  16.2%  12.6 13433s
 2054206 1484446 3849.35999   81  290 3920.39000 3285.38132  16.2%  12.6 13441s
 2055337 1485269 3445.11581   74  339 3920.39000 3285.41435  16.2%  12.6 13448s
 2056457 1486059 3636.03340   85  321 3920.39000 3285.42785  16.2%  12.6 13456s
 2057537 1486854 3805.40897   84  341 3920.39000 3285.44194  16.2%  12.6 13463s
 2058677 1487579     cutoff  110      3920.39000 3285.44826  16.2%  12.6 13471s
 2059679 1488500 3719.56199  112  274 3920.39000 3285.46172  16.2%  12.6 13479s
 2060944 1489382 3563.55563   77  364 3920.39000 3285.47508  16.2%  12.6 13485s
 2062022 1490012 3862.65333   94  331 3920.39000 3285.48458  16.2%  12.6 13493s
 2062991 1490659 3877.55651  101  344 3920.39000 3285.49259  16.2%  12.6 13500s
 2063917 1491496 3800.41005   78  334 3920.39000 3285.50223  16.2%  12.6 13508s
 2065174 1492297     cutoff  106      3920.39000 3285.52568  16.2%  12.6 13517s
 2066227 1493113 3766.82652  105  316 3920.39000 3285.53349  16.2%  12.6 13524s
 2067363 1493934 3546.07962   81  344 3920.39000 3285.54060  16.2%  12.6 13531s
 2068536 1494696 3461.27077   73  371 3920.39000 3285.55139  16.2%  12.6 13539s
 2069464 1495461 3833.20252  110  351 3920.39000 3285.55579  16.2%  12.6 13546s
 2070603 1496198 3856.68752  101  339 3920.39000 3285.55811  16.2%  12.6 13553s
 2071601 1496943 3677.69169   86  347 3920.39000 3285.58030  16.2%  12.6 13560s
 2072552 1497735 3673.91013   88  316 3920.39000 3285.58168  16.2%  12.6 13567s
 2073506 1498382 3554.93629   89  308 3920.39000 3285.59147  16.2%  12.6 13573s
 2074363 1499038     cutoff  130      3920.39000 3285.59290  16.2%  12.6 13580s
 2075223 1499762 3655.60574  106  290 3920.39000 3285.60405  16.2%  12.6 13587s
 2076158 1500554 3313.31077   61  379 3920.39000 3285.60819  16.2%  12.6 13594s
 2076683 1500554 3790.83899  103  378 3920.39000 3285.61515  16.2%  12.6 13595s
 2077174 1501498 3337.54894   65  411 3920.39000 3285.61899  16.2%  12.6 13602s
 2078422 1502341 3918.24502  152  164 3920.39000 3285.62547  16.2%  12.6 13611s
 2079453 1503101 3823.01270  128  330 3920.39000 3285.63194  16.2%  12.6 13618s
 2080481 1503900 3422.56863   79  308 3920.39000 3285.63214  16.2%  12.6 13624s
 2081424 1504691 3818.72523  137  265 3920.39000 3285.64013  16.2%  12.6 13632s
 2082467 1505317 3898.89802  122  318 3920.39000 3285.64428  16.2%  12.6 13639s
 2083416 1506235 3894.16656  118  253 3920.39000 3285.65614  16.2%  12.6 13648s
 2084693 1507055 3911.10387  154  143 3920.39000 3285.67290  16.2%  12.6 13655s
 2085640 1507869 3865.48169  126  241 3920.39000 3285.67321  16.2%  12.6 13663s
 2086842 1508535 3899.59445   87  333 3920.39000 3285.68611  16.2%  12.6 13670s
 2087785 1509198 3870.35880   97  313 3920.39000 3285.69415  16.2%  12.6 13679s
 2088836 1510020 3920.25030  107  374 3920.39000 3285.70223  16.2%  12.6 13687s
 2090110 1510779 3682.14360   87  316 3920.39000 3285.72322  16.2%  12.6 13695s
 2091213 1511650 3542.74271   78  363 3920.39000 3285.73297  16.2%  12.6 13703s
 2092436 1512567 3712.33856   87  330 3920.39000 3285.74321  16.2%  12.6 13712s
 2093587 1513297 3777.86128   91  306 3920.39000 3285.75702  16.2%  12.6 13719s
 2094634 1514258 3345.00584   69  373 3920.39000 3285.76637  16.2%  12.6 13727s
 2095720 1514947 3799.62992  123  318 3920.39000 3285.77850  16.2%  12.6 13734s
 2096684 1515624 3772.47883  100  311 3920.39000 3285.78079  16.2%  12.6 13741s
 2097667 1516236 3653.00314   68  365 3920.39000 3285.78269  16.2%  12.6 13749s
 2098519 1517041 3896.48725  101  346 3920.39000 3285.78576  16.2%  12.6 13759s
 2099733 1517902 3912.11683  130  308 3920.39000 3285.81020  16.2%  12.6 13768s
 2101063 1518700 3286.95039   64  390 3920.39000 3285.82278  16.2%  12.6 13776s
 2102195 1519535 3826.56905  135  302 3920.39000 3285.82658  16.2%  12.6 13784s
 2103211 1520321 3685.29398  100  303 3920.39000 3285.84132  16.2%  12.6 13790s
 2104202 1521144 3837.13025  146  163 3920.39000 3285.84132  16.2%  12.6 13799s
 2105298 1521974 3379.30746   76  345 3920.39000 3285.85288  16.2%  12.6 13807s
 2106370 1522832 3716.28298  118  285 3920.39000 3285.86013  16.2%  12.6 13815s
 2107612 1523462 3344.91870   63  369 3920.39000 3285.87261  16.2%  12.6 13823s
 2108507 1524285 3798.80335   99  294 3920.39000 3285.87966  16.2%  12.6 13833s
 2109704 1525045 3442.83828   69  359 3920.39000 3285.89961  16.2%  12.6 13840s
 2110731 1525923     cutoff   90      3920.39000 3285.90438  16.2%  12.6 13848s
 2111871 1526587 3733.45822   84  318 3920.39000 3285.91570  16.2%  12.6 13856s
 2112884 1527374 3620.13097   79  345 3920.39000 3285.92683  16.2%  12.6 13865s
 2114008 1528042 3346.61240   67  356 3920.39000 3285.94318  16.2%  12.6 13873s
 2114889 1529104 3816.46679   99  369 3920.39000 3285.94442  16.2%  12.6 13881s
 2116250 1529855 3747.49191   93  309 3920.39000 3285.94960  16.2%  12.6 13889s
 2117297 1530748 3464.06012   71  361 3920.39000 3285.95627  16.2%  12.6 13898s
 2118537 1531350 3900.91053   90  307 3920.39000 3285.97256  16.2%  12.6 13907s
 2119438 1532111 3831.98510   80  331 3920.39000 3285.98141  16.2%  12.6 13915s
 2120623 1532960 3292.07785   76  339 3920.39000 3285.99646  16.2%  12.6 13923s
 2121772 1533556 3813.82051  120  255 3920.39000 3286.00331  16.2%  12.6 13930s
 2122773 1534293 3432.90619   64  369 3920.39000 3286.01965  16.2%  12.6 13939s
 2123050 1534293 3300.06319   64  385 3920.39000 3286.01965  16.2%  12.6 13940s
 2123846 1535050 3368.77887   69  347 3920.39000 3286.03038  16.2%  12.6 13948s
 2124999 1535095     cutoff  111      3920.39000 3286.04089  16.2%  12.6 13960s
 2125062 1535870 3393.31625   68  365 3920.39000 3286.04674  16.2%  12.6 13969s
 2126093 1536760 3677.80867   90  376 3920.39000 3286.05468  16.2%  12.6 13978s
 2127196 1537486 3880.37098  133  212 3920.39000 3286.05901  16.2%  12.6 13986s
 2128237 1538212 3662.93179   71  325 3920.39000 3286.06262  16.2%  12.6 13995s
 2129354 1539009 3909.35738   92  302 3920.39000 3286.06839  16.2%  12.6 14003s
 2130540 1539662 3815.21876  118  307 3920.39000 3286.09456  16.2%  12.6 14011s
 2131308 1540631 3365.18666   66  360 3920.39000 3286.09456  16.2%  12.6 14021s
 2132567 1541597 3745.55814  109  352 3920.39000 3286.10141  16.2%  12.6 14030s
 2133931 1542495 3463.40074   78  352 3920.39000 3286.10686  16.2%  12.6 14040s
 2135238 1543302 3336.81232   67  369 3920.39000 3286.12370  16.2%  12.6 14049s
 2136245 1544063 3767.56495  102  343 3920.39000 3286.12988  16.2%  12.6 14056s
 2137336 1544790 3527.90636   86  336 3920.39000 3286.14423  16.2%  12.6 14063s
 2138248 1545627 3839.71581  127  248 3920.39000 3286.14582  16.2%  12.6 14071s
 2139429 1546300     cutoff   94      3920.39000 3286.15401  16.2%  12.6 14081s
 2140323 1547298 3577.32075   75  335 3920.39000 3286.16298  16.2%  12.6 14089s
 2141570 1548246 3803.60893  121  231 3920.39000 3286.16763  16.2%  12.6 14098s
 2142746 1549031 3831.44665  130  241 3920.39000 3286.17578  16.2%  12.6 14105s
 2143809 1549707 infeasible   89      3920.39000 3286.18474  16.2%  12.6 14113s
 2144695 1550481 3826.01109   96  335 3920.39000 3286.18745  16.2%  12.6 14121s
 2145856 1551175 3289.53908   65  363 3920.39000 3286.19672  16.2%  12.6 14130s
 2146904 1551913     cutoff   89      3920.39000 3286.20719  16.2%  12.6 14140s
 2148007 1552790 3286.93809   66  398 3920.39000 3286.21960  16.2%  12.6 14148s
 2149109 1553497 3805.53527   90  394 3920.39000 3286.22985  16.2%  12.6 14156s
 2150089 1554294 3630.85913   94  316 3920.39000 3286.23963  16.2%  12.6 14164s
 2150995 1555057 3824.55340  137  329 3920.39000 3286.24148  16.2%  12.6 14171s
 2152079 1555878     cutoff   80      3920.39000 3286.24599  16.2%  12.6 14179s
 2153092 1556829 3762.88701   94  292 3920.39000 3286.25758  16.2%  12.6 14189s
 2154303 1557591 3357.08850   75  343 3920.39000 3286.25947  16.2%  12.6 14197s
 2155459 1558418 3888.68511   88  354 3920.39000 3286.27087  16.2%  12.6 14205s
 2156679 1559123 3428.68182   68  343 3920.39000 3286.28209  16.2%  12.6 14214s
 2157576 1559947 3784.57011   96  372 3920.39000 3286.29396  16.2%  12.6 14222s
 2158597 1560641 3841.97286   85  336 3920.39000 3286.29579  16.2%  12.6 14230s
 2159594 1561473 3713.55676   96  284 3920.39000 3286.31067  16.2%  12.6 14238s
 2160622 1562224     cutoff  148      3920.39000 3286.31098  16.2%  12.6 14247s
 2161777 1563001 3436.67700   71  347 3920.39000 3286.32403  16.2%  12.6 14260s
 2162801 1563845 3659.67600   88  335 3920.39000 3286.33240  16.2%  12.6 14272s
 2163889 1564571 3302.53952   63  380 3920.39000 3286.33611  16.2%  12.6 14281s
 2164769 1565411 3742.04811   92  324 3920.39000 3286.34423  16.2%  12.6 14293s
 2165777 1566555 3449.91120   89  313 3920.39000 3286.34423  16.2%  12.6 14309s
 2167292 1566962 3529.25452   68  356 3920.39000 3286.35685  16.2%  12.6 14317s
 2167811 1567782 3519.35779   85  334 3920.39000 3286.35947  16.2%  12.6 14330s
 2168847 1568738 3334.09192   68  356 3920.39000 3286.36361  16.2%  12.6 14344s
 2170198 1569542 3605.69259   84  362 3920.39000 3286.37044  16.2%  12.6 14360s
 2171396 1570403     cutoff   90      3920.39000 3286.38448  16.2%  12.6 14377s
 2172693 1571301 3457.74185   69  387 3920.39000 3286.40405  16.2%  12.6 14389s
 2173969 1572177 3901.51194  121  248 3920.39000 3286.41539  16.2%  12.6 14398s
 2175000 1573028 3747.03431  126  317 3920.39000 3286.41616  16.2%  12.6 14409s
 2176181 1573932     cutoff   89      3920.39000 3286.42351  16.2%  12.6 14421s
 2177364 1574715 3741.87637   74  341 3920.39000 3286.42997  16.2%  12.6 14432s
 2178517 1574752 3383.71291   70  347 3920.39000 3286.44584  16.2%  12.6 14456s
 2178574 1575455 3463.74827   71  346 3920.39000 3286.44617  16.2%  12.6 14467s
 2179624 1576385 3377.41982   72  347 3920.39000 3286.45467  16.2%  12.6 14478s
 2180767 1577054 3888.54452  131  280 3920.39000 3286.45467  16.2%  12.6 14489s
 2181756 1577864 3361.90680   72  345 3920.39000 3286.46613  16.2%  12.6 14500s
 2182959 1578634 3911.79894  103  309 3920.39000 3286.47229  16.2%  12.6 14513s
 2184020 1579392 3804.76041   81  361 3920.39000 3286.48640  16.2%  12.6 14524s
 2185142 1580268 3887.21652   93  303 3920.39000 3286.49379  16.2%  12.6 14536s
 2186401 1580947 3903.78682  144  178 3920.39000 3286.50496  16.2%  12.6 14548s
 2187425 1581967 3909.52376  109  362 3920.39000 3286.51948  16.2%  12.6 14560s
 2188715 1582702     cutoff  138      3920.39000 3286.52827  16.2%  12.6 14570s
 2189786 1583477     cutoff  131      3920.39000 3286.54016  16.2%  12.6 14582s
 2190882 1584185 3904.78743   99  310 3920.39000 3286.55018  16.2%  12.6 14593s
 2191851 1584878 3773.19965  111  312 3920.39000 3286.55018  16.2%  12.6 14601s
 2192738 1585744 3906.71264   81  364 3920.39000 3286.55093  16.2%  12.6 14611s
 2193776 1586496 3709.23576  138  313 3920.39000 3286.56028  16.2%  12.6 14621s
 2194696 1587209 3287.94488   62  391 3920.39000 3286.56086  16.2%  12.6 14631s
 2195694 1587817 3851.46208  125  281 3920.39000 3286.56086  16.2%  12.6 14642s
 2196737 1588745 3794.98282   78  350 3920.39000 3286.57892  16.2%  12.6 14654s
 2197981 1589539 3667.22002  118  272 3920.39000 3286.58906  16.2%  12.6 14666s
 2199062 1590397 3891.21026  116  365 3920.39000 3286.59491  16.2%  12.6 14678s
 2200268 1591146 3661.60995  113  322 3920.39000 3286.60855  16.2%  12.6 14687s
 2201164 1591692 3664.41807   91  296 3920.39000 3286.61373  16.2%  12.6 14695s
 2201901 1592424 3781.08870  125  252 3920.39000 3286.61700  16.2%  12.6 14704s
 2202864 1593185 3307.13369   65  379 3920.39000 3286.62178  16.2%  12.6 14714s
 2203133 1593185 3869.87075  139  228 3920.39000 3286.62178  16.2%  12.6 14715s
 2203815 1593967 3738.78189  110  325 3920.39000 3286.62178  16.2%  12.6 14724s
 2204837 1594672 3761.20052  113  329 3920.39000 3286.62231  16.2%  12.6 14736s
 2205858 1595435     cutoff   93      3920.39000 3286.64110  16.2%  12.6 14749s
 2206677 1595435 3301.07226   63  378 3920.39000 3286.64257  16.2%  12.6 14750s
 2207005 1596281 3791.57311   81  330 3920.39000 3286.64311  16.2%  12.6 14758s
 2207994 1597045 3620.79755   99  343 3920.39000 3286.64792  16.2%  12.6 14767s
 2208932 1597986 3866.33457  141  332 3920.39000 3286.64792  16.2%  12.6 14779s
 2210232 1598707 3556.90412   81  334 3920.39000 3286.67189  16.2%  12.6 14792s
 2211347 1599377 3920.01041  105  351 3920.39000 3286.67956  16.2%  12.6 14804s
 2212307 1600316 3545.72864   78  333 3920.39000 3286.69240  16.2%  12.6 14817s
 2213591 1600946 3671.27185   85  341 3920.39000 3286.70232  16.2%  12.6 14831s
 2214835 1601665 3463.34280   78  358 3920.39000 3286.70928  16.2%  12.6 14841s
 2215835 1602499 3868.02754  114  329 3920.39000 3286.71763  16.2%  12.6 14851s
 2216882 1603098 3640.78692   72  358 3920.39000 3286.71920  16.2%  12.6 14861s
 2217743 1603930     cutoff   90      3920.39000 3286.73747  16.2%  12.6 14872s
 2218916 1604637 3893.68759   79  346 3920.39000 3286.74936  16.2%  12.6 14886s
 2220005 1605466 3607.67265   94  338 3920.39000 3286.75664  16.2%  12.6 14899s
 2220982 1605466 3450.58027   76  369 3920.39000 3286.75806  16.2%  12.6 14900s
 2221233 1606387 3652.73157   84  338 3920.39000 3286.77001  16.2%  12.6 14911s
 2222461 1607178 3638.86211   75  372 3920.39000 3286.77714  16.2%  12.6 14925s
 2223682 1608095 3768.57985   98  292 3920.39000 3286.78608  16.2%  12.6 14937s
 2224897 1608747 3606.98605   78  329 3920.39000 3286.80315  16.2%  12.6 14949s
 2225476 1608747 3794.81371  111  277 3920.39000 3286.80335  16.2%  12.6 14950s
 2225869 1609554 3898.07206   88  330 3920.39000 3286.80986  16.2%  12.6 14960s
 2226960 1610233 3758.63681   83  319 3920.39000 3286.81953  16.2%  12.6 14971s
 2227901 1610928 3318.25326   64  360 3920.39000 3286.82447  16.2%  12.6 14981s
 2228738 1611633 3630.41034  102  330 3920.39000 3286.83271  16.2%  12.6 14992s
 2229632 1612364 3914.06567  142  205 3920.39000 3286.83322  16.2%  12.6 15003s
 2230640 1613259 3525.94375   83  342 3920.39000 3286.84893  16.2%  12.6 15014s
 2231633 1613980 3802.88702  130  288 3920.39000 3286.84893  16.2%  12.6 15024s
 2232399 1613980 3363.29165   68  387 3920.39000 3286.85284  16.2%  12.6 15025s
 2232582 1615028 3544.02716   89  333 3920.39000 3286.85335  16.2%  12.6 15040s
 2233993 1615033 3883.00622  100  367 3920.39000 3286.86627  16.2%  12.6 15059s
 2234007 1615040 3919.14616  101  361 3920.39000 3286.86627  16.2%  12.6 15075s
 2234018 1615170 3883.27735  101  366 3920.39000 3286.86678  16.2%  12.6 15088s
 2234197 1615343 3884.45478  102  367 3920.39000 3286.86678  16.2%  12.6 15101s
 2234431 1615662 3886.11729  103  364 3920.39000 3286.86678  16.2%  12.6 15114s
 2234956 1616585 3620.16354   74  348 3920.39000 3286.87540  16.2%  12.6 15136s
 2236254 1617683 3418.20906   64  375 3920.39000 3286.88469  16.2%  12.6 15155s
 2237649 1618623 3829.54781  131  181 3920.39000 3286.90007  16.2%  12.6 15174s
 2238904 1619693 3702.84677  106  296 3920.39000 3286.91225  16.2%  12.6 15193s
 2240369 1620537 3300.17242   66  369 3920.39000 3286.92721  16.2%  12.6 15211s
 2241552 1621545 3908.09611  107  332 3920.39000 3286.93720  16.2%  12.6 15232s
 2242988 1622401 3911.90543  106  320 3920.39000 3286.95217  16.2%  12.6 15254s
 2243660 1622401 3913.10372  115  327 3920.39000 3286.95318  16.2%  12.6 15255s
 2244321 1623303 3862.77988   90  336 3920.39000 3286.96790  16.2%  12.6 15273s
 2245423 1624102 3583.74624   74  347 3920.39000 3286.97856  16.2%  12.6 15289s
 2246657 1624868 3765.53968   84  319 3920.39000 3286.98864  16.2%  12.6 15307s
 2247982 1625586 3333.68033   67  371 3920.39000 3287.00169  16.2%  12.6 15325s
 2248980 1626551 3479.70506   72  337 3920.39000 3287.01246  16.2%  12.6 15342s
 2250242 1627225 3655.64072   76  375 3920.39000 3287.02442  16.2%  12.6 15355s
 2251171 1627974 3881.10935  106  254 3920.39000 3287.02465  16.2%  12.6 15370s
 2252263 1628659 3753.94012   90  351 3920.39000 3287.03400  16.2%  12.6 15387s
 2253239 1629427 3566.54702   74  358 3920.39000 3287.04787  16.2%  12.6 15403s
 2254306 1630179 3677.40869   95  337 3920.39000 3287.05037  16.2%  12.6 15420s
 2255400 1630940 3901.25672   99  307 3920.39000 3287.06119  16.2%  12.6 15437s
 2256553 1631682 3692.47686   85  350 3920.39000 3287.07382  16.2%  12.6 15457s
 2257652 1632464     cutoff  150      3920.39000 3287.08347  16.2%  12.6 15471s
 2258684 1633363 3899.47657   85  338 3920.39000 3287.09942  16.2%  12.6 15486s
 2259843 1634026 3692.96770   86  324 3920.39000 3287.10464  16.2%  12.6 15503s
 2260788 1634816 3437.77834   72  359 3920.39000 3287.10744  16.2%  12.6 15520s
 2261926 1635686 3704.17314   89  311 3920.39000 3287.11857  16.2%  12.6 15538s
 2263189 1636583 3348.93745   65  327 3920.39000 3287.13313  16.2%  12.6 15554s
 2264346 1637365 3534.14209   80  338 3920.39000 3287.13798  16.2%  12.6 15571s
 2265418 1638153 3910.15285  109  324 3920.39000 3287.14978  16.2%  12.6 15589s
 2266496 1638992 3459.37535   70  340 3920.39000 3287.15737  16.2%  12.6 15605s
 2267706 1639665 3807.24716   89  330 3920.39000 3287.16618  16.2%  12.6 15621s
 2268721 1640372 3425.47912   67  375 3920.39000 3287.17531  16.2%  12.6 15636s
 2269714 1641007 3599.35603   79  383 3920.39000 3287.18605  16.2%  12.6 15650s
 2270616 1641829 3566.54082   83  317 3920.39000 3287.18783  16.2%  12.6 15664s
 2271444 1641829 3885.13826   94  285 3920.39000 3287.19061  16.2%  12.6 15665s
 2271781 1642616     cutoff  145      3920.39000 3287.19288  16.2%  12.6 15685s
 2272946 1643353 3861.83966  112  256 3920.39000 3287.20673  16.2%  12.6 15702s
 2274012 1644203 3306.08921   64  375 3920.39000 3287.22338  16.2%  12.6 15718s
 2275126 1644728 3765.76951  113  338 3920.39000 3287.22826  16.2%  12.6 15735s
 2275947 1645489 3833.59083   90  315 3920.39000 3287.22826  16.2%  12.6 15752s
 2276993 1646293 3906.41683  127  248 3920.39000 3287.24804  16.1%  12.6 15769s
 2278221 1647127     cutoff  119      3920.39000 3287.26083  16.1%  12.6 15783s
 2279376 1647889 3905.71695   93  297 3920.39000 3287.26803  16.1%  12.6 15802s
 2280516 1648455 3720.88413   71  326 3920.39000 3287.27659  16.1%  12.6 15818s
 2281539 1649333 3495.69839   72  343 3920.39000 3287.28235  16.1%  12.6 15832s
 2282778 1650047 3901.10409  128  259 3920.39000 3287.29701  16.1%  12.6 15842s
 2283825 1650763 3739.36726   81  328 3920.39000 3287.30181  16.1%  12.6 15852s
 2284784 1651413 3789.68916   94  349 3920.39000 3287.31392  16.1%  12.6 15862s
 2285749 1652169 3431.24244   72  345 3920.39000 3287.32178  16.1%  12.6 15871s
 2286619 1652914 3717.31221   91  315 3920.39000 3287.32585  16.1%  12.6 15880s
 2287554 1653838 3707.05847   95  276 3920.39000 3287.32931  16.1%  12.6 15890s
 2288815 1654653 3762.64290  145  183 3920.39000 3287.32931  16.1%  12.6 15900s
 2289905 1655408 3872.38127  138  224 3920.39000 3287.34304  16.1%  12.6 15913s
 2290994 1656385     cutoff  107      3920.39000 3287.35084  16.1%  12.6 15923s
 2292280 1657272 3833.95285  133  236 3920.39000 3287.36054  16.1%  12.6 15934s
 2292657 1657272     cutoff  106      3920.39000 3287.36311  16.1%  12.6 15935s
 2293524 1657696 3715.82133   80  347 3920.39000 3287.37106  16.1%  12.6 15946s
 2294160 1658433 3514.49339   75  346 3920.39000 3287.37927  16.1%  12.6 15955s
 2295141 1659225 3817.49096   86  347 3920.39000 3287.38107  16.1%  12.6 15966s
 2296328 1659978 3905.84426   94  299 3920.39000 3287.39322  16.1%  12.6 15978s
 2297476 1660784 3452.25113   68  348 3920.39000 3287.39762  16.1%  12.6 15986s
 2298457 1661499 3728.85264   89  314 3920.39000 3287.41080  16.1%  12.6 15996s
 2299460 1662240 3812.92181   91  334 3920.39000 3287.41244  16.1%  12.6 16006s
 2300572 1663246 3698.34174   76  353 3920.39000 3287.41845  16.1%  12.6 16017s
 2301773 1663892 3902.58802  127  224 3920.39000 3287.42378  16.1%  12.6 16026s
 2302688 1664759 3864.89290   93  331 3920.39000 3287.43011  16.1%  12.6 16037s
 2303924 1665523 3672.91160   77  333 3920.39000 3287.43375  16.1%  12.6 16050s
 2305014 1666298 3867.81280  104  317 3920.39000 3287.44327  16.1%  12.6 16062s
 2306248 1667082 3471.64067   74  352 3920.39000 3287.46798  16.1%  12.6 16073s
 2307358 1667959     cutoff   92      3920.39000 3287.48135  16.1%  12.6 16084s
 2308491 1668787 3826.90707  114  267 3920.39000 3287.49275  16.1%  12.6 16094s
 2309632 1669524 3879.56584   87  316 3920.39000 3287.49959  16.1%  12.6 16104s
 2310477 1669524 3853.82003  112  360 3920.39000 3287.50342  16.1%  12.6 16105s
 2310683 1670409 3737.06378  109  311 3920.39000 3287.51266  16.1%  12.6 16114s
 2311598 1670409 3500.70711   77  317 3920.39000 3287.51266  16.1%  12.6 16115s
 2311709 1671123 3304.89573   62  374 3920.39000 3287.51285  16.1%  12.6 16125s
 2312723 1671820 3459.45832   78  335 3920.39000 3287.51500  16.1%  12.6 16133s
 2313608 1672609 3844.52406   89  311 3920.39000 3287.52744  16.1%  12.6 16144s
 2314773 1673279 3733.61227  114  369 3920.39000 3287.53024  16.1%  12.6 16155s
 2315759 1674027 3901.72164  122  328 3920.39000 3287.54821  16.1%  12.6 16165s
 2316806 1674865 3900.69568  128  247 3920.39000 3287.56303  16.1%  12.6 16177s
 2317960 1675523     cutoff  125      3920.39000 3287.56860  16.1%  12.6 16189s
 2318953 1676288 infeasible   86      3920.39000 3287.57893  16.1%  12.6 16199s
 2320028 1676952 3738.44090   89  378 3920.39000 3287.58672  16.1%  12.6 16208s
 2321031 1677592 3919.07473   96  331 3920.39000 3287.59583  16.1%  12.6 16219s
 2321951 1678366     cutoff   82      3920.39000 3287.60718  16.1%  12.6 16230s
 2323050 1679073 3412.42945   71  357 3920.39000 3287.61062  16.1%  12.6 16241s
 2324149 1679081     cutoff   81      3920.39000 3287.63348  16.1%  12.6 16272s
 2324161 1679312 3289.01529   60  399 3920.39000 3287.63348  16.1%  12.6 16291s
 2324459 1679940 3481.12911   76  354 3920.39000 3287.63348  16.1%  12.6 16304s
 2325412 1680753 3686.32183   74  329 3920.39000 3287.64704  16.1%  12.6 16315s
 2326580 1681289 3841.85812  104  308 3920.39000 3287.65474  16.1%  12.6 16326s
 2327374 1682317 3461.18741   70  299 3920.39000 3287.66463  16.1%  12.6 16339s
 2328735 1683097 3880.66079  112  334 3920.39000 3287.66952  16.1%  12.6 16352s
 2329842 1683843 3875.23617  111  314 3920.39000 3287.68090  16.1%  12.6 16363s
 2331032 1684561 3503.47549   82  316 3920.39000 3287.69333  16.1%  12.6 16371s
 2331969 1685197 3290.71886   66  350 3920.39000 3287.69733  16.1%  12.6 16379s
 2332769 1685942 3423.13421   75  333 3920.39000 3287.69733  16.1%  12.6 16389s
 2333722 1686708 3769.83969  120  301 3920.39000 3287.70107  16.1%  12.6 16399s
 2334745 1687582 3480.02891   75  343 3920.39000 3287.70911  16.1%  12.6 16410s
 2335941 1688379 3329.87771   68  339 3920.39000 3287.71582  16.1%  12.6 16422s
 2337084 1689026 3365.23064   71  353 3920.39000 3287.72105  16.1%  12.6 16433s
 2338057 1689994 3540.23866   84  322 3920.39000 3287.73547  16.1%  12.6 16443s
 2339250 1690658 3789.91246  115  318 3920.39000 3287.74590  16.1%  12.6 16454s
 2340289 1691503 3485.72216   76  349 3920.39000 3287.75328  16.1%  12.6 16467s
 2341448 1692482 3604.73473   91  319 3920.39000 3287.76378  16.1%  12.6 16478s
 2342712 1693229 3348.10292   68  354 3920.39000 3287.76738  16.1%  12.6 16486s
 2343516 1693920 3664.60993  107  287 3920.39000 3287.76738  16.1%  12.6 16495s
 2344474 1694522 3877.73840  144  206 3920.39000 3287.77836  16.1%  12.6 16507s
 2345355 1695406 3663.56083   98  326 3920.39000 3287.78724  16.1%  12.6 16518s
 2346616 1696066 3852.57564  104  283 3920.39000 3287.79598  16.1%  12.6 16530s
 2347643 1696800 3571.98050   75  370 3920.39000 3287.80510  16.1%  12.6 16540s
 2348628 1697304     cutoff   95      3920.39000 3287.80835  16.1%  12.6 16549s
 2349488 1698119 3323.14963   67  353 3920.39000 3287.81106  16.1%  12.6 16559s
 2350586 1698867 3293.43337   67  367 3920.39000 3287.81526  16.1%  12.6 16570s
 2351648 1699641 3410.29749   72  352 3920.39000 3287.82300  16.1%  12.6 16579s
 2352567 1700518     cutoff  114      3920.39000 3287.82570  16.1%  12.6 16591s
 2353868 1701201     cutoff  109      3920.39000 3287.83508  16.1%  12.6 16605s
 2354822 1702158 3508.20731   66  337 3920.39000 3287.83882  16.1%  12.6 16618s
 2356127 1703084     cutoff  105      3920.39000 3287.85466  16.1%  12.6 16629s
 2357307 1703981 3410.51864   87  318 3920.39000 3287.86146  16.1%  12.6 16644s
 2358501 1704754 3854.34915  139  228 3920.39000 3287.86621  16.1%  12.6 16656s
 2359753 1705615 3397.66106   67  370 3920.39000 3287.88430  16.1%  12.6 16669s
 2360971 1706393 3599.66116   84  310 3920.39000 3287.89752  16.1%  12.6 16680s
 2361995 1707148 3871.33427  143  251 3920.39000 3287.89752  16.1%  12.6 16692s
 2363015 1707827 3758.50514   89  341 3920.39000 3287.90326  16.1%  12.6 16702s
 2363902 1708736     cutoff  117      3920.39000 3287.91040  16.1%  12.6 16715s
 2365264 1709556 3656.62126   85  329 3920.39000 3287.92700  16.1%  12.6 16729s
 2366351 1710418 3912.55787  157  134 3920.39000 3287.94050  16.1%  12.6 16739s
 2367412 1711086     cutoff  119      3920.39000 3287.94412  16.1%  12.6 16752s
 2368521 1711817     cutoff  124      3920.39000 3287.95320  16.1%  12.6 16763s
 2369645 1712543 3836.72875  107  318 3920.39000 3287.96269  16.1%  12.6 16777s
 2370826 1713431 3901.94007   92  340 3920.39000 3287.97682  16.1%  12.6 16789s
 2372051 1714118 3639.98405   73  353 3920.39000 3287.98216  16.1%  12.6 16799s
 2373062 1714939 3734.13165  106  350 3920.39000 3287.99164  16.1%  12.6 16810s
 2374103 1715551 3656.84391   86  372 3920.39000 3287.99428  16.1%  12.6 16822s
 2375107 1716120 3906.66143   94  296 3920.39000 3288.00684  16.1%  12.6 16834s
 2376207 1716915 3904.84767  138  310 3920.39000 3288.01261  16.1%  12.6 16845s
 2377300 1717566 3516.05156   76  343 3920.39000 3288.02681  16.1%  12.6 16855s
 2378114 1718436 3405.77113   80  323 3920.39000 3288.03188  16.1%  12.6 16865s
 2379182 1719151 3740.42614  102  380 3920.39000 3288.03212  16.1%  12.6 16876s
 2380172 1719990 3479.57043   69  372 3920.39000 3288.03407  16.1%  12.6 16886s
 2381254 1720671 3742.62104  103  327 3920.39000 3288.03407  16.1%  12.6 16899s
 2382146 1721463 3474.51322   83  319 3920.39000 3288.04373  16.1%  12.6 16913s
 2383240 1722349 3407.20506   74  348 3920.39000 3288.05626  16.1%  12.6 16928s
 2384467 1723042 3790.43338  109  335 3920.39000 3288.06362  16.1%  12.6 16941s
 2385543 1723734 3416.04096   67  347 3920.39000 3288.07287  16.1%  12.6 16953s
 2386502 1724546 3556.29188   76  337 3920.39000 3288.08287  16.1%  12.6 16966s
 2387754 1725439 3751.35576   89  336 3920.39000 3288.09342  16.1%  12.6 16978s
 2388945 1726339 3900.89702  133  247 3920.39000 3288.10004  16.1%  12.6 16991s
 2390091 1727105 3340.45141   75  301 3920.39000 3288.11356  16.1%  12.6 17003s
 2391207 1727814     cutoff   92      3920.39000 3288.11717  16.1%  12.6 17016s
 2392296 1728700 3418.43514   68  340 3920.39000 3288.14362  16.1%  12.6 17028s
 2393533 1729531     cutoff   89      3920.39000 3288.15119  16.1%  12.6 17038s
 2394523 1730109 3626.40652  118  289 3920.39000 3288.16333  16.1%  12.6 17048s
 2395249 1730827 3885.35720  153  198 3920.39000 3288.16436  16.1%  12.6 17060s
 2396308 1731549     cutoff  110      3920.39000 3288.16639  16.1%  12.6 17072s
 2397384 1732348 3892.08570  121  287 3920.39000 3288.18167  16.1%  12.6 17086s
 2398565 1733150 3406.18579   72  320 3920.39000 3288.19133  16.1%  12.6 17098s
 2399709 1733822 3591.25508   83  327 3920.39000 3288.20601  16.1%  12.6 17109s
 2400733 1734251 3533.13914   67  347 3920.39000 3288.21827  16.1%  12.6 17120s
 2401481 1734912 3839.10384   88  372 3920.39000 3288.22256  16.1%  12.6 17131s
 2402420 1735874 3445.23016   73  360 3920.39000 3288.23193  16.1%  12.6 17144s
 2403711 1736577 3564.08705   71  332 3920.39000 3288.23810  16.1%  12.6 17156s
 2404930 1737165     cutoff  115      3920.39000 3288.25190  16.1%  12.6 17168s
 2405875 1737865 3387.84366   72  379 3920.39000 3288.25620  16.1%  12.6 17179s
 2406909 1738808 3445.24606   72  327 3920.39000 3288.26476  16.1%  12.6 17189s
 2407704 1738808 3848.73291   93  330 3920.39000 3288.26476  16.1%  12.6 17190s
 2408053 1739583 3675.86855  102  272 3920.39000 3288.26476  16.1%  12.6 17203s
 2409205 1740346 3897.66876  111  313 3920.39000 3288.28843  16.1%  12.6 17215s
 2410261 1741243 3590.50166   76  341 3920.39000 3288.30127  16.1%  12.6 17227s
 2411487 1741958     cutoff   88      3920.39000 3288.31168  16.1%  12.6 17238s
 2412526 1742717 3750.73006   84  330 3920.39000 3288.32203  16.1%  12.6 17253s
 2413683 1743463 3365.70456   69  356 3920.39000 3288.33763  16.1%  12.6 17265s
 2414738 1744188 3881.79750  120  291 3920.39000 3288.34126  16.1%  12.6 17275s
 2415649 1744949 3617.37152  101  279 3920.39000 3288.34497  16.1%  12.6 17285s
 2416665 1745630 3729.64976   89  338 3920.39000 3288.35467  16.1%  12.6 17298s
 2417679 1746553 3912.40042  116  292 3920.39000 3288.36414  16.1%  12.6 17310s
 2418855 1747254 3808.57571  140  225 3920.39000 3288.37266  16.1%  12.6 17322s
 2419960 1748046 3913.91692  101  301 3920.39000 3288.37969  16.1%  12.6 17337s
 2421034 1748991     cutoff  143      3920.39000 3288.38716  16.1%  12.6 17350s
 2422281 1749815 3737.50972  106  299 3920.39000 3288.40068  16.1%  12.6 17363s
 2423505 1750535 3721.08952   88  323 3920.39000 3288.41337  16.1%  12.6 17375s
 2424559 1751316     cutoff   79      3920.39000 3288.42848  16.1%  12.6 17389s
 2425081 1751316 3774.40792   93  310 3920.39000 3288.42848  16.1%  12.6 17390s
 2425602 1752226 3899.81551  144  134 3920.39000 3288.43430  16.1%  12.6 17402s
 2426802 1752993 3601.23799   77  333 3920.39000 3288.44852  16.1%  12.6 17413s
 2427837 1753837     cutoff  109      3920.39000 3288.45410  16.1%  12.6 17425s
 2429005 1754688 3695.45778   83  340 3920.39000 3288.46127  16.1%  12.6 17438s
 2430044 1755303 3712.67504  106  280 3920.39000 3288.46323  16.1%  12.6 17450s
 2430954 1756189 3908.80050  149  245 3920.39000 3288.47120  16.1%  12.6 17462s
 2432173 1756910 3862.81648   91  317 3920.39000 3288.47120  16.1%  12.6 17476s
 2433211 1757838 3721.50674  100  338 3920.39000 3288.49173  16.1%  12.6 17489s
 2434503 1758483 3806.16308   86  306 3920.39000 3288.50073  16.1%  12.6 17501s
 2435548 1759295 3828.71590  109  349 3920.39000 3288.51623  16.1%  12.6 17514s
 2436661 1759874 3338.20051   68  356 3920.39000 3288.52038  16.1%  12.6 17523s
 2437304 1760469 3580.84597   76  338 3920.39000 3288.52038  16.1%  12.6 17533s
 2438357 1761183 3345.96045   70  362 3920.39000 3288.52827  16.1%  12.6 17544s
 2439285 1761848 infeasible   95      3920.39000 3288.54127  16.1%  12.6 17554s
 2440156 1762601 3831.59357  108  348 3920.39000 3288.54160  16.1%  12.6 17566s
 2441368 1763492 3810.47994   90  398 3920.39000 3288.55008  16.1%  12.6 17581s
 2442516 1764452 3788.83451  132  214 3920.39000 3288.56193  16.1%  12.6 17591s
 2443669 1765118 3730.10307   80  333 3920.39000 3288.56829  16.1%  12.6 17601s
 2444665 1765798 3907.35198   98  291 3920.39000 3288.57819  16.1%  12.6 17613s
 2445706 1766332 3908.13649  110  309 3920.39000 3288.58290  16.1%  12.6 17641s
 2446486 1767388 3632.43717   82  317 3920.39000 3288.59098  16.1%  12.6 17657s
 2447951 1768298 3739.47445   98  298 3920.39000 3288.60704  16.1%  12.6 17669s
 2449025 1769115 3831.20940   99  314 3920.39000 3288.61145  16.1%  12.6 17680s
 2450098 1769993 3770.93270   96  299 3920.39000 3288.61356  16.1%  12.6 17693s
 2451309 1770855 3324.09085   71  391 3920.39000 3288.62411  16.1%  12.6 17708s
 2452604 1771770 3915.86878   98  276 3920.39000 3288.64060  16.1%  12.6 17719s
 2453793 1772520     cutoff  134      3920.39000 3288.64726  16.1%  12.6 17733s
 2454865 1773481 3715.07952   83  332 3920.39000 3288.65332  16.1%  12.6 17746s
 2456170 1774239 3893.63676  100  321 3920.39000 3288.66878  16.1%  12.6 17759s
 2456752 1774239 3874.90800   88  313 3920.39000 3288.66878  16.1%  12.6 17760s
 2457319 1774952 3886.50900   93  293 3920.39000 3288.68770  16.1%  12.6 17772s
 2458376 1775612 3909.87517  114  320 3920.39000 3288.69821  16.1%  12.6 17782s
 2459382 1776261 3893.25781  105  315 3920.39000 3288.70041  16.1%  12.6 17795s
 2460286 1776784     cutoff  124      3920.39000 3288.70311  16.1%  12.6 17807s
 2461355 1777551 3318.33983   65  374 3920.39000 3288.71261  16.1%  12.6 17817s
 2462390 1778183     cutoff   91      3920.39000 3288.72075  16.1%  12.6 17831s
 2463276 1779151 3619.75776   79  319 3920.39000 3288.72949  16.1%  12.6 17845s
 2464660 1779876 3296.98499   61  380 3920.39000 3288.73179  16.1%  12.6 17858s
 2465695 1780852 3854.14508  100  352 3920.39000 3288.74945  16.1%  12.6 17871s
 2466848 1781447 3789.11953   93  295 3920.39000 3288.76021  16.1%  12.6 17883s
 2467629 1782353 3889.32665  103  340 3920.39000 3288.76623  16.1%  12.6 17894s
 2468846 1783158 3632.78994   93  370 3920.39000 3288.77194  16.1%  12.6 17907s
 2469926 1784000     cutoff  145      3920.39000 3288.77369  16.1%  12.6 17920s
 2471226 1784670 3825.41165   84  326 3920.39000 3288.78510  16.1%  12.6 17934s
 2472198 1785469 3729.54769  100  285 3920.39000 3288.79800  16.1%  12.6 17944s
 2473077 1786292 3511.48544   79  341 3920.39000 3288.79800  16.1%  12.6 17955s
 2474217 1787093 3914.96158  122  368 3920.39000 3288.79955  16.1%  12.6 17967s
 2475166 1787926 3642.15732  117  330 3920.39000 3288.80744  16.1%  12.6 17978s
 2476190 1788812     cutoff  159      3920.39000 3288.80744  16.1%  12.6 17992s
 2477448 1789462 3331.36652   79  355 3920.39000 3288.82182  16.1%  12.6 18008s
 2478399 1790281 3845.60871   86  315 3920.39000 3288.82968  16.1%  12.6 18022s
 2479661 1791013 3341.13763   64  355 3920.39000 3288.84435  16.1%  12.6 18035s
 2480657 1791118 3449.95902   71  330 3920.39000 3288.85275  16.1%  12.6 18073s
 2480772 1791995 3522.82606   74  317 3920.39000 3288.85565  16.1%  12.6 18086s
 2481823 1792922 3530.71324   80  319 3920.39000 3288.85738  16.1%  12.6 18100s
 2482960 1793830 3537.75895   75  335 3920.39000 3288.85738  16.1%  12.6 18114s
 2484161 1794746 3355.98091   74  439 3920.39000 3288.86442  16.1%  12.6 18127s
 2485280 1795529 infeasible  127      3920.39000 3288.86839  16.1%  12.6 18142s
 2486444 1796402 3568.52919   73  352 3920.39000 3288.87449  16.1%  12.6 18157s
 2487733 1797397 3372.15186   62  381 3920.39000 3288.89027  16.1%  12.6 18174s
 2488885 1798334     cutoff  120      3920.39000 3288.89409  16.1%  12.6 18189s
 2490295 1799131 3907.03528   91  295 3920.39000 3288.89998  16.1%  12.6 18200s
 2491262 1799928 3824.63483  107  282 3920.39000 3288.90895  16.1%  12.6 18213s
 2492362 1800821 3809.18978   85  322 3920.39000 3288.91608  16.1%  12.6 18228s
 2493645 1801606     cutoff  102      3920.39000 3288.92758  16.1%  12.6 18243s
 2494792 1802445 3881.34422   81  343 3920.39000 3288.94173  16.1%  12.6 18256s
 2495953 1803081 3425.60459   66  337 3920.39000 3288.94173  16.1%  12.6 18269s
 2496956 1803836 3467.98115   71  361 3920.39000 3288.95903  16.1%  12.6 18280s
 2497971 1804672 3570.35215   83  283 3920.39000 3288.96404  16.1%  12.6 18294s
 2499183 1805498 3571.42691   83  335 3920.39000 3288.97738  16.1%  12.6 18309s
 2500192 1806256 3855.92346  105  284 3920.39000 3288.97999  16.1%  12.6 18322s
 2501330 1807301 3428.57984   71  348 3920.39000 3288.98629  16.1%  12.6 18337s
 2502722 1808117 3648.40382   92  322 3920.39000 3289.00318  16.1%  12.6 18350s
 2503935 1808889 3656.10993   93  340 3920.39000 3289.01371  16.1%  12.6 18362s
 2504806 1809636 3852.58455  131  238 3920.39000 3289.01453  16.1%  12.6 18373s
 2505848 1810477 3332.95495   70  354 3920.39000 3289.01874  16.1%  12.6 18385s
 2507004 1811160 3862.90345  106  322 3920.39000 3289.02070  16.1%  12.6 18400s
 2507960 1811685 3562.25303   81  359 3920.39000 3289.03784  16.1%  12.6 18410s
 2508664 1812439 3476.73579   74  347 3920.39000 3289.04176  16.1%  12.6 18423s
 2509782 1813193 3611.16530   85  360 3920.39000 3289.05094  16.1%  12.6 18436s
 2510826 1813961 3565.71815   84  358 3920.39000 3289.06258  16.1%  12.6 18445s
 2511736 1814649 3889.76569   94  303 3920.39000 3289.06734  16.1%  12.6 18456s
 2512680 1815468 3380.66249   73  324 3920.39000 3289.06799  16.1%  12.6 18469s
 2513174 1815468 3350.61974   69  353 3920.39000 3289.06817  16.1%  12.6 18470s
 2513726 1816219 3757.66234  100  356 3920.39000 3289.07520  16.1%  12.6 18480s
 2514691 1817098 3893.12426  149  241 3920.39000 3289.07898  16.1%  12.6 18492s
 2515842 1817973 3314.17378   65  354 3920.39000 3289.07898  16.1%  12.6 18505s
 2516950 1818784 3693.11395   89  325 3920.39000 3289.08876  16.1%  12.6 18517s
 2518043 1819499 3666.93149   90  329 3920.39000 3289.10695  16.1%  12.6 18530s
 2519096 1820339 3295.12475   60  379 3920.39000 3289.11162  16.1%  12.6 18544s
 2519422 1820339 3342.01275   67  374 3920.39000 3289.11162  16.1%  12.6 18545s
 2520328 1821037 3919.41086  126  211 3920.39000 3289.11642  16.1%  12.6 18555s
 2521230 1821737 3843.13507   79  339 3920.39000 3289.12585  16.1%  12.6 18568s
 2522328 1822433 3350.85531   61  383 3920.39000 3289.13747  16.1%  12.6 18580s
 2523354 1823221 3659.17520  102  282 3920.39000 3289.14413  16.1%  12.6 18595s
 2524451 1823985 3686.01298   83  346 3920.39000 3289.15411  16.1%  12.6 18607s
 2525540 1824783     cutoff  111      3920.39000 3289.16248  16.1%  12.6 18620s
 2526730 1825402 3384.68976   68  358 3920.39000 3289.17334  16.1%  12.6 18632s
 2527551 1826179 3872.26319  102  282 3920.39000 3289.18369  16.1%  12.6 18644s
 2528222 1826179 3883.32132   86  323 3920.39000 3289.18702  16.1%  12.6 18645s
 2528696 1826931 3848.93358  108  314 3920.39000 3289.19225  16.1%  12.6 18658s
 2529730 1827656 3509.89815   72  340 3920.39000 3289.19912  16.1%  12.6 18671s
 2530716 1828585 3889.79477   82  356 3920.39000 3289.20518  16.1%  12.6 18684s
 2531930 1828619 3816.41346   93  334 3920.39000 3289.22007  16.1%  12.6 18724s
 2531964 1828800 3816.41346   95  332 3920.39000 3289.22007  16.1%  12.6 18762s
 2532248 1829367 3816.41346   96  329 3920.39000 3289.22007  16.1%  12.6 18788s
 2532991 1829982 3300.91184   66  366 3920.39000 3289.22270  16.1%  12.6 18803s
 2533901 1831062 3837.53835   97  376 3920.39000 3289.23066  16.1%  12.6 18820s
 2535346 1832060 3852.68669  101  355 3920.39000 3289.23684  16.1%  12.6 18839s
 2536650 1833015 3883.59155  131  177 3920.39000 3289.24542  16.1%  12.6 18853s
 2537938 1833799 3812.64588   83  304 3920.39000 3289.25564  16.1%  12.6 18869s
 2538688 1833799 3305.25103   67  359 3920.39000 3289.26022  16.1%  12.6 18870s
 2539361 1834683 3894.07832  121  247 3920.39000 3289.26908  16.1%  12.6 18884s
 2540226 1834683 3325.39004   63  367 3920.39000 3289.27239  16.1%  12.6 18885s
 2540546 1835563 3814.04529  131  261 3920.39000 3289.28193  16.1%  12.6 18899s
 2541236 1835563 3761.53921  111  269 3920.39000 3289.28193  16.1%  12.6 18900s
 2541702 1836511 3547.60055   83  319 3920.39000 3289.28197  16.1%  12.6 18913s
 2542975 1837416 3302.02258   63  396 3920.39000 3289.29095  16.1%  12.6 18927s
 2544190 1838374 3321.93604   69  360 3920.39000 3289.30368  16.1%  12.6 18942s
 2545381 1839286 3614.96309  105  274 3920.39000 3289.30942  16.1%  12.6 18956s
 2546656 1840048 3547.51083   81  311 3920.39000 3289.31462  16.1%  12.6 18967s
 2547551 1840951 3468.63672   73  348 3920.39000 3289.31781  16.1%  12.6 18979s
 2548657 1841873 3762.22616  122  283 3920.39000 3289.31781  16.1%  12.6 18995s
 2549945 1842600 3820.12723  105  324 3920.39000 3289.32423  16.1%  12.6 19009s
 2550959 1843416 3829.73076   87  302 3920.39000 3289.33447  16.1%  12.6 19023s
 2552221 1844100 3315.47651   63  352 3920.39000 3289.34459  16.1%  12.6 19037s
 2553120 1844839 3533.21469   73  329 3920.39000 3289.36134  16.1%  12.6 19051s
 2554229 1845638 3571.84626   70  352 3920.39000 3289.36473  16.1%  12.6 19063s
 2555296 1846525 3518.58249   78  318 3920.39000 3289.36924  16.1%  12.6 19075s
 2556284 1847282 3685.21968  124  309 3920.39000 3289.36924  16.1%  12.6 19087s
 2557353 1847942 3869.37191   91  351 3920.39000 3289.38006  16.1%  12.6 19100s
 2558269 1848789 3691.52059  105  294 3920.39000 3289.38380  16.1%  12.6 19116s
 2559366 1849692 3306.11568   65  366 3920.39000 3289.38675  16.1%  12.6 19131s
 2560694 1850481 3571.83341   82  327 3920.39000 3289.39559  16.1%  12.6 19144s
 2561755 1851225 3338.21658   73  360 3920.39000 3289.41354  16.1%  12.6 19156s
 2562557 1852059 3618.04671  113  328 3920.39000 3289.41354  16.1%  12.6 19168s
 2563586 1852737 3743.20728  159  185 3920.39000 3289.41354  16.1%  12.6 19180s
 2564546 1853652     cutoff   96      3920.39000 3289.42098  16.1%  12.6 19196s
 2565756 1854467 3413.41068   69  378 3920.39000 3289.42989  16.1%  12.6 19210s
 2566993 1855088 3917.41671   82  328 3920.39000 3289.43756  16.1%  12.6 19223s
 2567937 1855829     cutoff   84      3920.39000 3289.44019  16.1%  12.6 19234s
 2568824 1856496 3809.97919   99  308 3920.39000 3289.44954  16.1%  12.6 19244s
 2569684 1857199 3914.46634  137  247 3920.39000 3289.44975  16.1%  12.6 19260s
 2570781 1858133 3409.86847   73  341 3920.39000 3289.45770  16.1%  12.6 19276s
 2572037 1858774 3296.97058   66  378 3920.39000 3289.47143  16.1%  12.6 19291s
 2572940 1859519 3840.12394   94  370 3920.39000 3289.47878  16.1%  12.6 19306s
 2574108 1860247 3913.71590   88  300 3920.39000 3289.48473  16.1%  12.6 19320s
 2575159 1861166 3711.80480  105  360 3920.39000 3289.49641  16.1%  12.6 19332s
 2576341 1861982 3909.62536  106  319 3920.39000 3289.49669  16.1%  12.6 19343s
 2577320 1862654 3692.43907  114  280 3920.39000 3289.50696  16.1%  12.6 19355s
 2578079 1863266 3349.61082   68  333 3920.39000 3289.50818  16.1%  12.6 19369s
 2579109 1864059 3663.70877   80  322 3920.39000 3289.50924  16.1%  12.6 19383s
 2580236 1864717 3732.12208   69  361 3920.39000 3289.53053  16.1%  12.6 19395s
 2581103 1865152     cutoff   78      3920.39000 3289.53695  16.1%  12.6 19409s
 2581753 1866219 3315.57764   70  351 3920.39000 3289.54300  16.1%  12.6 19430s
 2583338 1866224 3709.40777   78  327 3920.39000 3289.55535  16.1%  12.6 19460s
 2583352 1866226 3713.99369   79  323 3920.39000 3289.55535  16.1%  12.6 19487s
 2583369 1866233 3783.27108   80  324 3920.39000 3289.55535  16.1%  12.6 19512s
 2583391 1866716 3883.37108   81  322 3920.39000 3289.55535  16.1%  12.6 19533s
 2584058 1867562 3769.39834  100  320 3920.39000 3289.55982  16.1%  12.6 19552s
 2585154 1868526     cutoff  100      3920.39000 3289.56954  16.1%  12.6 19575s
 2586579 1869483 3826.53329   90  331 3920.39000 3289.57975  16.1%  12.6 19589s
 2587695 1870430 3735.24807  112  321 3920.39000 3289.58904  16.1%  12.6 19604s
 2589028 1871234 3622.06680   72  336 3920.39000 3289.58983  16.1%  12.6 19623s
 2590409 1872279 3785.11542   92  310 3920.39000 3289.60966  16.1%  12.6 19641s
 2591880 1873276 3803.97831  117  336 3920.39000 3289.61907  16.1%  12.6 19656s
 2593079 1874230     cutoff  130      3920.39000 3289.62651  16.1%  12.6 19672s
 2594261 1875142 3745.25280  126  273 3920.39000 3289.63519  16.1%  12.6 19685s
 2595467 1876103 3403.39545   70  378 3920.39000 3289.63705  16.1%  12.6 19701s
 2596708 1877009     cutoff  167      3920.39000 3289.64880  16.1%  12.6 19716s
 2597925 1877807     cutoff  128      3920.39000 3289.66331  16.1%  12.6 19731s
 2598981 1878574 3860.69515  130  181 3920.39000 3289.67221  16.1%  12.6 19745s
 2600096 1879231 3769.80209   91  313 3920.39000 3289.68605  16.1%  12.6 19756s
 2600977 1879971 3906.28191  131  229 3920.39000 3289.68807  16.1%  12.6 19769s
 2602056 1880653 3864.67565  117  241 3920.39000 3289.69739  16.1%  12.6 19785s
 2603056 1881426 3512.61824   79  342 3920.39000 3289.70626  16.1%  12.6 19799s
 2604210 1882121 3451.64042   66  352 3920.39000 3289.71752  16.1%  12.6 19810s
 2605052 1882881 3532.43301   77  336 3920.39000 3289.71752  16.1%  12.6 19820s
 2605945 1883338 3763.82764  120  254 3920.39000 3289.71752  16.1%  12.6 19835s
 2606740 1884100 3745.91135   85  313 3920.39000 3289.72795  16.1%  12.6 19849s
 2607780 1884866 3784.53544  100  378 3920.39000 3289.73758  16.1%  12.6 19864s
 2608844 1885818 3363.93770   84  327 3920.39000 3289.74498  16.1%  12.6 19878s
 2610065 1886635 3848.14384   89  365 3920.39000 3289.75607  16.1%  12.6 19893s
 2611256 1887363 3556.72356   84  343 3920.39000 3289.77086  16.1%  12.6 19906s
 2612144 1888147 3760.42696  135  244 3920.39000 3289.77086  16.1%  12.6 19922s
 2613267 1888792 3910.27879  105  343 3920.39000 3289.78029  16.1%  12.6 19935s
 2614183 1889750 3907.74063   94  342 3920.39000 3289.78451  16.1%  12.6 19951s
 2615538 1890422 3476.97921   77  336 3920.39000 3289.79532  16.1%  12.6 19967s
 2616503 1891292     cutoff   94      3920.39000 3289.80212  16.1%  12.6 19983s
 2617771 1892017 3852.51063   86  366 3920.39000 3289.80813  16.1%  12.6 19999s
 2618813 1893005 3738.15700   96  254 3920.39000 3289.81469  16.1%  12.6 20015s
 2620147 1893848 3627.95141   82  343 3920.39000 3289.82841  16.1%  12.6 20028s
 2621279 1894432 3772.84499   88  315 3920.39000 3289.83334  16.1%  12.6 20042s
 2622010 1895074 3864.91368  120  275 3920.39000 3289.84060  16.1%  12.6 20052s
 2622877 1895807 3322.29807   70  355 3920.39000 3289.84067  16.1%  12.6 20065s
 2623862 1896578 3892.03659  124  268 3920.39000 3289.84144  16.1%  12.6 20082s
 2625048 1897363     cutoff   85      3920.39000 3289.85984  16.1%  12.6 20096s
 2626099 1898034 3800.69297  116  301 3920.39000 3289.86667  16.1%  12.6 20112s
 2627125 1898752     cutoff  164      3920.39000 3289.87349  16.1%  12.6 20125s
 2628127 1899424 3893.41942  102  298 3920.39000 3289.87882  16.1%  12.6 20136s
 2629000 1900099 3787.46699   83  321 3920.39000 3289.88132  16.1%  12.6 20152s
 2630026 1900952 3804.52338  105  283 3920.39000 3289.89391  16.1%  12.6 20168s
 2631235 1901651 3652.41151   87  277 3920.39000 3289.90045  16.1%  12.6 20180s
 2632172 1902434 3322.55006   71  339 3920.39000 3289.91084  16.1%  12.6 20192s
 2633086 1903088 3803.02072  111  337 3920.39000 3289.91084  16.1%  12.6 20207s
 2633976 1903949 3318.92019   71  349 3920.39000 3289.91797  16.1%  12.6 20221s
 2635225 1904643 3454.19284   67  360 3920.39000 3289.92417  16.1%  12.6 20239s
 2636291 1905495     cutoff  127      3920.39000 3289.93349  16.1%  12.6 20253s
 2637506 1906184 3781.23213   96  298 3920.39000 3289.95073  16.1%  12.6 20267s
 2638387 1906885 3669.91206   81  333 3920.39000 3289.95073  16.1%  12.6 20283s
 2639430 1907599 3797.75587   90  307 3920.39000 3289.96318  16.1%  12.6 20296s
 2640491 1908285 3362.93084   80  352 3920.39000 3289.96790  16.1%  12.6 20309s
 2641471 1908956 3599.52859   82  333 3920.39000 3289.97048  16.1%  12.6 20325s
 2642488 1909730     cutoff   94      3920.39000 3289.97994  16.1%  12.6 20339s
 2643612 1910627     cutoff  114      3920.39000 3289.98975  16.1%  12.6 20354s
 2644884 1911464 3685.34759   86  312 3920.39000 3289.99586  16.1%  12.6 20371s
 2646052 1912139 3433.53648   81  358 3920.39000 3290.01008  16.1%  12.6 20381s
 2646758 1912790 3673.17388  116  301 3920.39000 3290.01008  16.1%  12.6 20391s
 2647627 1913580 3877.19570  151  205 3920.39000 3290.01023  16.1%  12.6 20405s
 2648707 1914491 3810.13813  116  347 3920.39000 3290.01215  16.1%  12.6 20423s
 2649963 1915305 3900.06343  126  319 3920.39000 3290.02188  16.1%  12.6 20435s
 2650887 1916027 3640.70916   97  303 3920.39000 3290.02998  16.1%  12.5 20447s
 2651796 1916998 3856.34308  141  303 3920.39000 3290.02998  16.1%  12.6 20462s
 2653038 1917783 3805.53348  131  263 3920.39000 3290.03582  16.1%  12.5 20478s
 2654167 1918580 3624.81732   80  333 3920.39000 3290.04138  16.1%  12.5 20492s
 2655234 1919080 3899.81843   98  341 3920.39000 3290.04697  16.1%  12.5 20506s
 2655966 1919764 3395.80062   71  361 3920.39000 3290.05495  16.1%  12.5 20522s
 2657035 1920750 3485.53134   72  338 3920.39000 3290.05614  16.1%  12.5 20537s
 2658280 1921626 3812.67915  124  276 3920.39000 3290.06540  16.1%  12.5 20554s
 2658525 1921626 3428.39681   72  344 3920.39000 3290.06540  16.1%  12.5 20555s
 2659625 1922408 3500.27630   85  326 3920.39000 3290.07625  16.1%  12.5 20573s
 2660821 1923400 3881.42090   93  305 3920.39000 3290.08213  16.1%  12.5 20588s
 2662104 1924357 3641.04908   95  352 3920.39000 3290.08858  16.1%  12.5 20602s
 2663352 1925061 3847.26120  160  223 3920.39000 3290.09009  16.1%  12.5 20620s
 2664366 1925877 3791.80916   78  320 3920.39000 3290.10179  16.1%  12.5 20635s
 2665521 1926750 3906.55703   85  362 3920.39000 3290.11310  16.1%  12.5 20650s
 2666716 1927379     cutoff   92      3920.39000 3290.12599  16.1%  12.5 20665s
 2667693 1928125 3800.77298   86  311 3920.39000 3290.13548  16.1%  12.5 20681s
 2668767 1928944 3534.90750   72  335 3920.39000 3290.14859  16.1%  12.5 20698s
 2669872 1929783 3727.40887   94  359 3920.39000 3290.15772  16.1%  12.5 20715s
 2671066 1930602 3709.88459   95  314 3920.39000 3290.16952  16.1%  12.5 20729s
 2671378 1930602 3467.12799   81  312 3920.39000 3290.17038  16.1%  12.5 20730s
 2672147 1930612 3556.37285   98  314 3920.39000 3290.17848  16.1%  12.5 20752s
 2672157 1930622 3559.37931   99  304 3920.39000 3290.17848  16.1%  12.5 20800s
 2672167 1930632 3560.32273  100  300 3920.39000 3290.17848  16.1%  12.5 20835s
 2672177 1930706 3561.93445  101  298 3920.39000 3290.17848  16.1%  12.5 20858s
 2672265 1931237 3577.13434  109  302 3920.39000 3290.17848  16.1%  12.5 20872s
 2673026 1931923     cutoff  145      3920.39000 3290.18054  16.1%  12.5 20890s
 2674134 1932659 3332.10272   78  369 3920.39000 3290.18575  16.1%  12.5 20905s
 2675266 1933177 3914.80953  110  345 3920.39000 3290.19954  16.1%  12.5 20922s
 2676016 1933985 3802.19722   88  324 3920.39000 3290.21203  16.1%  12.5 20935s
 2677124 1934818 3846.02418   87  317 3920.39000 3290.21209  16.1%  12.5 20952s
 2678216 1935657 3442.27251   67  340 3920.39000 3290.22068  16.1%  12.5 20967s
 2679485 1936385 3298.31986   70  336 3920.39000 3290.23021  16.1%  12.5 20983s
 2680660 1937026 3915.96254  117  269 3920.39000 3290.24007  16.1%  12.5 20994s
 2681515 1937756 3773.34270   84  302 3920.39000 3290.24485  16.1%  12.5 21009s
 2682568 1938590 3433.73754   82  338 3920.39000 3290.24731  16.1%  12.5 21024s
 2683819 1939207 3852.08042  146  269 3920.39000 3290.25667  16.1%  12.5 21038s
 2684836 1939930 3417.91757   61  360 3920.39000 3290.26819  16.1%  12.5 21050s
 2685724 1940526 3645.33153   90  279 3920.39000 3290.27325  16.1%  12.5 21060s
 2686549 1941231 3823.26540  129  243 3920.39000 3290.27609  16.1%  12.5 21074s
 2686652 1941231     cutoff  128      3920.39000 3290.27609  16.1%  12.5 21075s
 2687603 1942014     cutoff  129      3920.39000 3290.28194  16.1%  12.5 21092s
 2688801 1942807 3407.74804   81  335 3920.39000 3290.29119  16.1%  12.5 21107s
 2689861 1943804 3789.57675   88  308 3920.39000 3290.29830  16.1%  12.5 21121s
 2691100 1944625 3539.43238   78  350 3920.39000 3290.30195  16.1%  12.5 21136s
 2692057 1945251 3841.17607  101  323 3920.39000 3290.31090  16.1%  12.5 21150s
 2693047 1946056 3775.89633   79  368 3920.39000 3290.31090  16.1%  12.5 21163s
 2694020 1946904 3776.77421   83  350 3920.39000 3290.31611  16.1%  12.5 21177s
 2695223 1947668 3438.78368   73  337 3920.39000 3290.32452  16.1%  12.5 21194s
 2696400 1948500 3860.22726   93  328 3920.39000 3290.33907  16.1%  12.5 21209s
 2697467 1949244 3596.67528   81  319 3920.39000 3290.34498  16.1%  12.5 21224s
 2698438 1949971 3359.41446   67  334 3920.39000 3290.34568  16.1%  12.5 21236s
 2699349 1950536 infeasible   88      3920.39000 3290.34568  16.1%  12.5 21248s
 2700339 1951280 3682.88899   77  324 3920.39000 3290.35465  16.1%  12.5 21261s
 2701352 1952049 3893.06669  118  226 3920.39000 3290.35958  16.1%  12.5 21278s
 2702552 1952865 3780.89119   83  347 3920.39000 3290.36843  16.1%  12.5 21294s
 2703693 1953700 3612.25014   99  280 3920.39000 3290.38554  16.1%  12.5 21308s
 2704839 1954335 3656.02213   87  344 3920.39000 3290.39035  16.1%  12.5 21327s
 2705906 1955253 3334.74066   67  333 3920.39000 3290.39926  16.1%  12.5 21341s
 2707017 1956100 3728.95007  106  311 3920.39000 3290.40825  16.1%  12.5 21357s
 2708095 1956933     cutoff   87      3920.39000 3290.41078  16.1%  12.5 21371s
 2709256 1957735 3824.27268  106  314 3920.39000 3290.41215  16.1%  12.5 21386s
 2710382 1958557 3785.06757   83  311 3920.39000 3290.42418  16.1%  12.5 21400s
 2711511 1959366 3447.91559   69  334 3920.39000 3290.43199  16.1%  12.5 21416s
 2712498 1960092 3813.29223  112  276 3920.39000 3290.43199  16.1%  12.5 21428s
 2713410 1960707     cutoff  104      3920.39000 3290.43948  16.1%  12.5 21442s
 2714349 1961317 3914.68421   86  314 3920.39000 3290.45555  16.1%  12.5 21460s
 2715198 1962324 3818.88199   92  310 3920.39000 3290.45942  16.1%  12.5 21479s
 2716584 1963081 3518.30990   78  329 3920.39000 3290.47023  16.1%  12.5 21495s
 2717613 1963990     cutoff  104      3920.39000 3290.47800  16.1%  12.5 21509s
 2718755 1964727 3485.77410   83  313 3920.39000 3290.48336  16.1%  12.5 21523s
 2719823 1965684 3820.39328   90  319 3920.39000 3290.48470  16.1%  12.5 21544s
 2721173 1966446 3726.36240  103  261 3920.39000 3290.51138  16.1%  12.5 21557s
 2722142 1967222 3635.33168   85  330 3920.39000 3290.51337  16.1%  12.5 21570s
 2723189 1967955 3350.27348   67  465 3920.39000 3290.51411  16.1%  12.5 21586s
 2724303 1968544     cutoff   91      3920.39000 3290.52605  16.1%  12.5 21600s

Cutting planes:
  Gomory: 99
  Cover: 15
  MIR: 1175
  Mixing: 8
  Flow cover: 2756
  Inf proof: 11
  Zero half: 4
  RLT: 47
  Relax-and-lift: 4

Explored 2725156 nodes (34218262 simplex iterations) in 21601.75 seconds (3766.55 work units)
Thread count was 10 (of 12 available processors)

Solution count 9: 3920.39 3920.39 3920.39 ... 3920.39

Time limit reached
Best objective 3.920389996526e+03, best bound 3.290532137923e+03, gap 16.0662%
